[NX v22.5.4 Daemon Client] - 2026-03-13T20:22:34.493Z - [Client] Starting new daemon server in background
[NX v22.5.4 Daemon Client] - 2026-03-13T20:22:34.497Z - [Client] Waiting for server (max: 6000 attempts, 10ms interval)
[NX v22.5.4 Daemon Server] - 2026-03-13T20:22:34.643Z - New daemon starting from: /Users/orlando/dev/pos/node_modules/nx/src/daemon/server/server.js
[NX v22.5.4 Daemon Server] - 2026-03-13T20:22:34.645Z - New daemon __dirname: /Users/orlando/dev/pos/node_modules/nx/src/daemon/server
[NX v22.5.4 Daemon Server] - 2026-03-13T20:22:34.645Z - New daemon nxVersion: 22.5.4
[NX v22.5.4 Daemon Server] - 2026-03-13T20:22:34.645Z - New daemon getInstalledNxVersion(): 22.5.4
[NX v22.5.4 Daemon Server] - 2026-03-13T20:22:34.656Z - [Server] Starting outdated check interval (20ms)
[NX v22.5.4 Daemon Server] - 2026-03-13T20:22:34.657Z - Started listening on: /var/folders/x5/g3ht8mrd3z34nssjq5gb4t880000gn/T/1babdd945cdf96855c19/d.sock
[NX v22.5.4 Daemon Server] - 2026-03-13T20:22:34.657Z - [WATCHER]: Subscribed to changes within: /Users/orlando/dev/pos (native)
[NX v22.5.4 Daemon Server] - 2026-03-13T20:22:34.658Z - [NX-CONSOLE]: Pulling latest Nx (latest) to check console status...
Fetching nx...
[NX v22.5.4 Daemon Client] - 2026-03-13T20:22:34.659Z - [Client] Server available after 13 attempts
[NX v22.5.4 Daemon Client] - 2026-03-13T20:22:34.659Z - [Client] Daemon server started, pid=76268
[NX v22.5.4 Daemon Client] - 2026-03-13T20:22:34.659Z - [Messenger] Setting up socket listeners
[NX v22.5.4 Daemon Client] - 2026-03-13T20:22:34.660Z - [Messenger] listen() complete
[NX v22.5.4 Daemon Client] - 2026-03-13T20:22:34.660Z - [Messenger] Sending message type: REQUEST_PROJECT_GRAPH
[NX v22.5.4 Daemon Client] - 2026-03-13T20:22:34.660Z - [Messenger] Message sent
[NX v22.5.4 Daemon Server] - 2026-03-13T20:22:35.188Z - [WATCHER]: Processing file changes in outputs
[NX v22.5.4 Daemon Server] - 2026-03-13T20:22:35.188Z - Established a connection. Number of open connections: 1
[NX v22.5.4 Daemon Server] - 2026-03-13T20:22:35.189Z - Established a connection. Number of open connections: 2
[NX v22.5.4 Daemon Server] - 2026-03-13T20:22:35.189Z - Closed a connection. Number of open connections: 1
[NX v22.5.4 Daemon Server] - 2026-03-13T20:22:35.190Z - Received raw message of length 32
[NX v22.5.4 Daemon Server] - 2026-03-13T20:22:35.190Z - Received json message of type REQUEST_PROJECT_GRAPH
[NX v22.5.4 Daemon Server] - 2026-03-13T20:22:35.190Z - [REQUEST]: Client Request for Project Graph Received
Time for 'plugin worker 76278 code loading' 3.1293749999999996
Time for 'plugin worker 76277 code loading' 2.894124999999999
[NX v22.5.4 Daemon Server] - 2026-03-13T20:22:35.244Z - Time taken for 'start-plugin-worker:/Users/orlando/dev/pos/node_modules/nx/src/plugins/js' 65.07954199999995ms
Time for 'plugin worker 76279 code loading' 6.387457999999999
[NX v22.5.4 Daemon Server] - 2026-03-13T20:22:35.254Z - Time taken for 'start-plugin-worker:/Users/orlando/dev/pos/node_modules/nx/src/plugins/project-json/build-nodes/project-json' 67.3537080000001ms
[NX v22.5.4 Daemon Server] - 2026-03-13T20:22:35.342Z - Time taken for 'Load Nx Plugin: /Users/orlando/dev/pos/node_modules/nx/src/plugins/js' 167.12370799999997ms
[NX v22.5.4 Daemon Server] - 2026-03-13T20:22:35.346Z - Time taken for 'Load Nx Plugin: /Users/orlando/dev/pos/node_modules/nx/src/plugins/package-json' 170.20341700000006ms
[NX v22.5.4 Daemon Server] - 2026-03-13T20:22:35.358Z - [REQUEST]: Updated workspace context based on watched changes, recomputing project graph...
[NX v22.5.4 Daemon Server] - 2026-03-13T20:22:35.358Z - [REQUEST]: 
[NX v22.5.4 Daemon Server] - 2026-03-13T20:22:35.358Z - [REQUEST]: 
[NX v22.5.4 Daemon Server] - 2026-03-13T20:22:35.360Z - Reusing in-memory cached project graph because no files changed.
[NX v22.5.4 Daemon Server] - 2026-03-13T20:22:35.367Z - Time taken for 'loadDefaultNxPlugins' 180.00366700000006ms
Time for 'nx/core/project-json:createNodes' 2.3909170000000017
Time for 'nx/js/dependencies-and-lockfile:createNodes' 263.16974999999996

 NX   Using `implicitDependencies` for global implicit dependencies configuration is no longer supported.

Use "namedInputs" instead. You can run "nx repair" to automatically migrate your configuration.
For more information about the usage of "namedInputs" see https://nx.dev/deprecated/global-implicit-dependencies#global-implicit-dependencies

[NX v22.5.4 Daemon Server] - 2026-03-13T20:22:35.674Z - Time taken for 'build-project-configs' 287.98804199999995ms
Time for 'build typescript dependencies' 64.60812500000003
[NX v22.5.4 Daemon Server] - 2026-03-13T20:22:35.800Z - [SYNC]: collect registered sync generators
[NX v22.5.4 Daemon Server] - 2026-03-13T20:22:35.807Z - Wrote project graph cache to /Users/orlando/dev/pos/.nx/workspace-data/project-graph.json
[NX v22.5.4 Daemon Server] - 2026-03-13T20:22:35.807Z - Serializing response for REQUEST_PROJECT_GRAPH message in json mode
[NX v22.5.4 Daemon Server] - 2026-03-13T20:22:35.807Z - Responding to REQUEST_PROJECT_GRAPH message
[NX v22.5.4 Daemon Server] - 2026-03-13T20:22:35.808Z - [REQUEST]: Responding to the client. project-graph
[NX v22.5.4 Daemon Server] - 2026-03-13T20:22:35.808Z - Time taken for 'total for creating and serializing project graph' 617.617458ms
[NX v22.5.4 Daemon Server] - 2026-03-13T20:22:35.816Z - Done responding to the client project-graph
[NX v22.5.4 Daemon Server] - 2026-03-13T20:22:35.816Z - Handled json message REQUEST_PROJECT_GRAPH. Handling time: 617. Response time: 9.
[NX v22.5.4 Daemon Client] - 2026-03-13T20:22:35.817Z - [Messenger] Received message, length: 1195648
[NX v22.5.4 Daemon Client] - 2026-03-13T20:22:36.198Z - [Messenger] Sending message type: PRE_TASKS_EXECUTION
[NX v22.5.4 Daemon Client] - 2026-03-13T20:22:36.199Z - [Messenger] Message sent
[NX v22.5.4 Daemon Server] - 2026-03-13T20:22:36.199Z - Received raw message of length 717
[NX v22.5.4 Daemon Server] - 2026-03-13T20:22:36.199Z - Received json message of type PRE_TASKS_EXECUTION
[NX v22.5.4 Daemon Server] - 2026-03-13T20:22:36.200Z - Serializing response for PRE_TASKS_EXECUTION message in json mode
[NX v22.5.4 Daemon Server] - 2026-03-13T20:22:36.200Z - Responding to PRE_TASKS_EXECUTION message
[NX v22.5.4 Daemon Server] - 2026-03-13T20:22:36.200Z - [REQUEST]: Responding to the client. handleRunPreTasksExecution
[NX v22.5.4 Daemon Server] - 2026-03-13T20:22:36.201Z - Done responding to the client handleRunPreTasksExecution
[NX v22.5.4 Daemon Server] - 2026-03-13T20:22:36.201Z - Handled json message PRE_TASKS_EXECUTION. Handling time: 1. Response time: 1.
[NX v22.5.4 Daemon Server] - 2026-03-13T20:22:36.201Z - Time taken for 'preTasksExecution' 0.9702500000000782ms
[NX v22.5.4 Daemon Client] - 2026-03-13T20:22:36.201Z - [Messenger] Received message, length: 2
[NX v22.5.4 Daemon Client] - 2026-03-13T20:22:36.391Z - [Messenger] Sending message type: HASH_TASKS
[NX v22.5.4 Daemon Client] - 2026-03-13T20:22:36.391Z - [Messenger] Message sent
[NX v22.5.4 Daemon Server] - 2026-03-13T20:22:36.392Z - Received raw message of length 25773
[NX v22.5.4 Daemon Server] - 2026-03-13T20:22:36.392Z - Received json message of type HASH_TASKS
[NX v22.5.4 Daemon Server] - 2026-03-13T20:22:36.392Z - Reusing in-memory cached project graph because no files changed.
DEBUG nx::native::tasks::hash_planner: get_plans_internal COMPLETED in 3.608541ms - processed 0 tasks (setup: 3.590875ms, parallel_planning: 17.5µs)
DEBUG nx::native::tasks::task_hasher: hash_plans COMPLETED in 11.206917ms - processed 0 plans (setup: 10.991709ms, hashing: 163µs, assembly: 8.916µs)
[NX v22.5.4 Daemon Server] - 2026-03-13T20:22:36.414Z - Serializing response for HASH_TASKS message in json mode
[NX v22.5.4 Daemon Server] - 2026-03-13T20:22:36.414Z - Responding to HASH_TASKS message
[NX v22.5.4 Daemon Server] - 2026-03-13T20:22:36.414Z - [REQUEST]: Responding to the client. handleHashTasks
[NX v22.5.4 Daemon Server] - 2026-03-13T20:22:36.414Z - Done responding to the client handleHashTasks
[NX v22.5.4 Daemon Server] - 2026-03-13T20:22:36.414Z - Handled json message HASH_TASKS. Handling time: 22. Response time: 0.
[NX v22.5.4 Daemon Client] - 2026-03-13T20:22:36.414Z - [Messenger] Received message, length: 2
[NX v22.5.4 Daemon Client] - 2026-03-13T20:22:36.481Z - [Messenger] Sending message type: GET_ESTIMATED_TASK_TIMINGS
[NX v22.5.4 Daemon Client] - 2026-03-13T20:22:36.482Z - [Messenger] Message sent
[NX v22.5.4 Daemon Server] - 2026-03-13T20:22:36.482Z - Received raw message of length 1860
[NX v22.5.4 Daemon Server] - 2026-03-13T20:22:36.482Z - Received json message of type GET_ESTIMATED_TASK_TIMINGS
[NX v22.5.4 Daemon Server] - 2026-03-13T20:22:36.604Z - Serializing response for GET_ESTIMATED_TASK_TIMINGS message in json mode
[NX v22.5.4 Daemon Server] - 2026-03-13T20:22:36.605Z - Responding to GET_ESTIMATED_TASK_TIMINGS message
[NX v22.5.4 Daemon Server] - 2026-03-13T20:22:36.605Z - [REQUEST]: Responding to the client. handleGetEstimatedTaskTimings
[NX v22.5.4 Daemon Server] - 2026-03-13T20:22:36.605Z - Done responding to the client handleGetEstimatedTaskTimings
[NX v22.5.4 Daemon Server] - 2026-03-13T20:22:36.605Z - Handled json message GET_ESTIMATED_TASK_TIMINGS. Handling time: 122. Response time: 1.
[NX v22.5.4 Daemon Client] - 2026-03-13T20:22:36.605Z - [Messenger] Received message, length: 2
[NX v22.5.4 Daemon Client] - 2026-03-13T20:22:36.658Z - [Messenger] Sending message type: HASH_TASKS
[NX v22.5.4 Daemon Client] - 2026-03-13T20:22:36.659Z - [Messenger] Message sent
[NX v22.5.4 Daemon Server] - 2026-03-13T20:22:36.662Z - Received raw message of length 25991
[NX v22.5.4 Daemon Server] - 2026-03-13T20:22:36.662Z - Received json message of type HASH_TASKS
[NX v22.5.4 Daemon Server] - 2026-03-13T20:22:36.663Z - Reusing in-memory cached project graph because no files changed.
DEBUG nx::native::tasks::hash_planner: get_plans_internal COMPLETED in 4.303625ms - processed 1 tasks (setup: 4.058417ms, parallel_planning: 244.958µs)
DEBUG nx::native::tasks::hashers::hash_workspace_files: Hashing workspace fileset with inputs: Adding "14753650797151729951" (".gitignore") to hash
DEBUG nx::native::tasks::hashers::hash_workspace_files: Hashing workspace fileset with inputs: Adding "16727730179561442929" ("nx.json") to hash
DEBUG nx::native::tasks::hashers::hash_workspace_files: Hashing workspace fileset with inputs: Hash Value: "14205410132470996805"
DEBUG nx::native::tasks::task_hasher: hash_plans COMPLETED in 34.812166ms - processed 1 plans (setup: 11.309ms, hashing: 23.5025ms, assembly: 463.542µs)
[NX v22.5.4 Daemon Server] - 2026-03-13T20:22:36.704Z - Serializing response for HASH_TASKS message in json mode
[NX v22.5.4 Daemon Server] - 2026-03-13T20:22:36.704Z - Responding to HASH_TASKS message
[NX v22.5.4 Daemon Server] - 2026-03-13T20:22:36.704Z - [REQUEST]: Responding to the client. handleHashTasks
[NX v22.5.4 Daemon Server] - 2026-03-13T20:22:36.705Z - Done responding to the client handleHashTasks
[NX v22.5.4 Daemon Server] - 2026-03-13T20:22:36.705Z - Handled json message HASH_TASKS. Handling time: 41. Response time: 1.
[NX v22.5.4 Daemon Client] - 2026-03-13T20:22:36.705Z - [Messenger] Received message, length: 67289
[NX v22.5.4 Daemon Client] - 2026-03-13T20:22:36.712Z - [Messenger] Sending message type: HASH_TASKS
[NX v22.5.4 Daemon Client] - 2026-03-13T20:22:36.712Z - [Messenger] Message sent
[NX v22.5.4 Daemon Server] - 2026-03-13T20:22:36.718Z - Received raw message of length 68765
[NX v22.5.4 Daemon Server] - 2026-03-13T20:22:36.718Z - Received json message of type HASH_TASKS
[NX v22.5.4 Daemon Server] - 2026-03-13T20:22:36.719Z - Reusing in-memory cached project graph because no files changed.
DEBUG nx::native::tasks::hash_planner: get_plans_internal COMPLETED in 3.749542ms - processed 1 tasks (setup: 3.65ms, parallel_planning: 99.333µs)
DEBUG nx::native::tasks::hashers::hash_workspace_files: Hashing workspace fileset with inputs: Adding "14753650797151729951" (".gitignore") to hash
DEBUG nx::native::tasks::hashers::hash_workspace_files: Hashing workspace fileset with inputs: Adding "16727730179561442929" ("nx.json") to hash
DEBUG nx::native::tasks::hashers::hash_workspace_files: Hashing workspace fileset with inputs: Hash Value: "14205410132470996805"
DEBUG nx::native::tasks::task_hasher: hash_plans COMPLETED in 19.637083ms - processed 1 plans (setup: 7.913042ms, hashing: 11.723417ms, assembly: 242.333µs)
[NX v22.5.4 Daemon Server] - 2026-03-13T20:22:36.743Z - Serializing response for HASH_TASKS message in json mode
[NX v22.5.4 Daemon Server] - 2026-03-13T20:22:36.744Z - Responding to HASH_TASKS message
[NX v22.5.4 Daemon Server] - 2026-03-13T20:22:36.744Z - [REQUEST]: Responding to the client. handleHashTasks
[NX v22.5.4 Daemon Server] - 2026-03-13T20:22:36.745Z - Done responding to the client handleHashTasks
[NX v22.5.4 Daemon Server] - 2026-03-13T20:22:36.745Z - Handled json message HASH_TASKS. Handling time: 25. Response time: 2.
[NX v22.5.4 Daemon Client] - 2026-03-13T20:22:36.745Z - [Messenger] Received message, length: 35480
[NX v22.5.4 Daemon Client] - 2026-03-13T20:22:36.749Z - [Messenger] Sending message type: HASH_TASKS
[NX v22.5.4 Daemon Client] - 2026-03-13T20:22:36.749Z - [Messenger] Message sent
[NX v22.5.4 Daemon Server] - 2026-03-13T20:22:36.755Z - Received raw message of length 91348
[NX v22.5.4 Daemon Server] - 2026-03-13T20:22:36.757Z - Received json message of type HASH_TASKS
[NX v22.5.4 Daemon Server] - 2026-03-13T20:22:36.757Z - Reusing in-memory cached project graph because no files changed.
DEBUG nx::native::tasks::hash_planner: get_plans_internal COMPLETED in 5.456292ms - processed 1 tasks (setup: 5.146209ms, parallel_planning: 309.791µs)
DEBUG nx::native::tasks::hashers::hash_workspace_files: Hashing workspace fileset with inputs: Adding "14753650797151729951" (".gitignore") to hash
DEBUG nx::native::tasks::hashers::hash_workspace_files: Hashing workspace fileset with inputs: Adding "16727730179561442929" ("nx.json") to hash
DEBUG nx::native::tasks::hashers::hash_workspace_files: Hashing workspace fileset with inputs: Hash Value: "14205410132470996805"
DEBUG nx::native::tasks::task_hasher: hash_plans COMPLETED in 22.274375ms - processed 1 plans (setup: 12.452917ms, hashing: 9.821209ms, assembly: 259.458µs)
[NX v22.5.4 Daemon Server] - 2026-03-13T20:22:36.786Z - Serializing response for HASH_TASKS message in json mode
[NX v22.5.4 Daemon Server] - 2026-03-13T20:22:36.786Z - Responding to HASH_TASKS message
[NX v22.5.4 Daemon Server] - 2026-03-13T20:22:36.786Z - [REQUEST]: Responding to the client. handleHashTasks
[NX v22.5.4 Daemon Server] - 2026-03-13T20:22:36.788Z - Done responding to the client handleHashTasks
[NX v22.5.4 Daemon Server] - 2026-03-13T20:22:36.789Z - Handled json message HASH_TASKS. Handling time: 29. Response time: 3.
[NX v22.5.4 Daemon Client] - 2026-03-13T20:22:36.789Z - [Messenger] Received message, length: 81779
[NX v22.5.4 Daemon Client] - 2026-03-13T20:22:36.794Z - [Messenger] Sending message type: HASH_TASKS
[NX v22.5.4 Daemon Client] - 2026-03-13T20:22:36.795Z - [Messenger] Message sent
[NX v22.5.4 Daemon Server] - 2026-03-13T20:22:36.796Z - Received raw message of length 137694
[NX v22.5.4 Daemon Server] - 2026-03-13T20:22:36.797Z - Received json message of type HASH_TASKS
[NX v22.5.4 Daemon Server] - 2026-03-13T20:22:36.797Z - Reusing in-memory cached project graph because no files changed.
DEBUG nx::native::tasks::hash_planner: get_plans_internal COMPLETED in 4.318333ms - processed 1 tasks (setup: 3.983792ms, parallel_planning: 334.167µs)
DEBUG nx::native::tasks::hashers::hash_workspace_files: Hashing workspace fileset with inputs: Adding "14753650797151729951" (".gitignore") to hash
DEBUG nx::native::tasks::hashers::hash_workspace_files: Hashing workspace fileset with inputs: Adding "16727730179561442929" ("nx.json") to hash
DEBUG nx::native::tasks::hashers::hash_workspace_files: Hashing workspace fileset with inputs: Hash Value: "14205410132470996805"
DEBUG nx::native::tasks::task_hasher: hash_plans COMPLETED in 1.833875ms - processed 1 plans (setup: 534.75µs, hashing: 1.298958ms, assembly: 273.667µs)
[NX v22.5.4 Daemon Server] - 2026-03-13T20:22:36.805Z - Serializing response for HASH_TASKS message in json mode
[NX v22.5.4 Daemon Server] - 2026-03-13T20:22:36.805Z - Responding to HASH_TASKS message
[NX v22.5.4 Daemon Server] - 2026-03-13T20:22:36.805Z - [REQUEST]: Responding to the client. handleHashTasks
[NX v22.5.4 Daemon Server] - 2026-03-13T20:22:36.806Z - Done responding to the client handleHashTasks
[NX v22.5.4 Daemon Server] - 2026-03-13T20:22:36.806Z - Handled json message HASH_TASKS. Handling time: 8. Response time: 1.
[NX v22.5.4 Daemon Client] - 2026-03-13T20:22:36.806Z - [Messenger] Received message, length: 81780
[NX v22.5.4 Daemon Client] - 2026-03-13T20:22:36.810Z - [Messenger] Sending message type: HASH_TASKS
[NX v22.5.4 Daemon Client] - 2026-03-13T20:22:36.811Z - [Messenger] Message sent
[NX v22.5.4 Daemon Server] - 2026-03-13T20:22:36.812Z - Received raw message of length 184038
[NX v22.5.4 Daemon Server] - 2026-03-13T20:22:36.814Z - Received json message of type HASH_TASKS
[NX v22.5.4 Daemon Server] - 2026-03-13T20:22:36.814Z - Reusing in-memory cached project graph because no files changed.
DEBUG nx::native::tasks::hash_planner: get_plans_internal COMPLETED in 5.790334ms - processed 1 tasks (setup: 5.49875ms, parallel_planning: 291.333µs)
DEBUG nx::native::tasks::hashers::hash_workspace_files: Hashing workspace fileset with inputs: Adding "14753650797151729951" (".gitignore") to hash
DEBUG nx::native::tasks::hashers::hash_workspace_files: Hashing workspace fileset with inputs: Adding "16727730179561442929" ("nx.json") to hash
DEBUG nx::native::tasks::hashers::hash_workspace_files: Hashing workspace fileset with inputs: Hash Value: "14205410132470996805"
DEBUG nx::native::tasks::task_hasher: hash_plans COMPLETED in 7.024458ms - processed 1 plans (setup: 5.361708ms, hashing: 1.662458ms, assembly: 260.042µs)
[NX v22.5.4 Daemon Server] - 2026-03-13T20:22:36.828Z - Serializing response for HASH_TASKS message in json mode
[NX v22.5.4 Daemon Server] - 2026-03-13T20:22:36.828Z - Responding to HASH_TASKS message
[NX v22.5.4 Daemon Server] - 2026-03-13T20:22:36.828Z - [REQUEST]: Responding to the client. handleHashTasks
[NX v22.5.4 Daemon Server] - 2026-03-13T20:22:36.839Z - Done responding to the client handleHashTasks
[NX v22.5.4 Daemon Server] - 2026-03-13T20:22:36.839Z - Handled json message HASH_TASKS. Handling time: 14. Response time: 11.
[NX v22.5.4 Daemon Client] - 2026-03-13T20:22:36.840Z - [Messenger] Received message, length: 81781
[NX v22.5.4 Daemon Client] - 2026-03-13T20:22:36.844Z - [Messenger] Sending message type: HASH_TASKS
[NX v22.5.4 Daemon Client] - 2026-03-13T20:22:36.845Z - [Messenger] Message sent
[NX v22.5.4 Daemon Server] - 2026-03-13T20:22:36.846Z - Received raw message of length 230354
[NX v22.5.4 Daemon Server] - 2026-03-13T20:22:36.847Z - Received json message of type HASH_TASKS
[NX v22.5.4 Daemon Server] - 2026-03-13T20:22:36.847Z - Reusing in-memory cached project graph because no files changed.
DEBUG nx::native::tasks::hash_planner: get_plans_internal COMPLETED in 4.079458ms - processed 1 tasks (setup: 3.782375ms, parallel_planning: 296.875µs)
DEBUG nx::native::tasks::hashers::hash_workspace_files: Hashing workspace fileset with inputs: Adding "14753650797151729951" (".gitignore") to hash
DEBUG nx::native::tasks::hashers::hash_workspace_files: Hashing workspace fileset with inputs: Adding "16727730179561442929" ("nx.json") to hash
DEBUG nx::native::tasks::hashers::hash_workspace_files: Hashing workspace fileset with inputs: Hash Value: "14205410132470996805"
DEBUG nx::native::tasks::task_hasher: hash_plans COMPLETED in 1.963417ms - processed 1 plans (setup: 734.708µs, hashing: 1.228625ms, assembly: 260.208µs)
[NX v22.5.4 Daemon Server] - 2026-03-13T20:22:36.855Z - Serializing response for HASH_TASKS message in json mode
[NX v22.5.4 Daemon Server] - 2026-03-13T20:22:36.855Z - Responding to HASH_TASKS message
[NX v22.5.4 Daemon Server] - 2026-03-13T20:22:36.855Z - [REQUEST]: Responding to the client. handleHashTasks
[NX v22.5.4 Daemon Server] - 2026-03-13T20:22:36.856Z - Done responding to the client handleHashTasks
[NX v22.5.4 Daemon Server] - 2026-03-13T20:22:36.856Z - Handled json message HASH_TASKS. Handling time: 8. Response time: 1.
[NX v22.5.4 Daemon Client] - 2026-03-13T20:22:36.856Z - [Messenger] Received message, length: 81781
[NX v22.5.4 Daemon Client] - 2026-03-13T20:22:36.861Z - [Messenger] Sending message type: HASH_TASKS
[NX v22.5.4 Daemon Client] - 2026-03-13T20:22:36.862Z - [Messenger] Message sent
[NX v22.5.4 Daemon Server] - 2026-03-13T20:22:36.865Z - Received raw message of length 276675
[NX v22.5.4 Daemon Server] - 2026-03-13T20:22:36.868Z - Received json message of type HASH_TASKS
[NX v22.5.4 Daemon Server] - 2026-03-13T20:22:36.869Z - Reusing in-memory cached project graph because no files changed.
DEBUG nx::native::tasks::hash_planner: get_plans_internal COMPLETED in 3.932458ms - processed 1 tasks (setup: 3.629625ms, parallel_planning: 302.625µs)
DEBUG nx::native::tasks::hashers::hash_workspace_files: Hashing workspace fileset with inputs: Adding "14753650797151729951" (".gitignore") to hash
DEBUG nx::native::tasks::hashers::hash_workspace_files: Hashing workspace fileset with inputs: Adding "16727730179561442929" ("nx.json") to hash
DEBUG nx::native::tasks::hashers::hash_workspace_files: Hashing workspace fileset with inputs: Hash Value: "14205410132470996805"
DEBUG nx::native::tasks::task_hasher: hash_plans COMPLETED in 3.895958ms - processed 1 plans (setup: 876.417µs, hashing: 3.019ms, assembly: 617.625µs)
[NX v22.5.4 Daemon Server] - 2026-03-13T20:22:36.881Z - Serializing response for HASH_TASKS message in json mode
[NX v22.5.4 Daemon Server] - 2026-03-13T20:22:36.882Z - Responding to HASH_TASKS message
[NX v22.5.4 Daemon Server] - 2026-03-13T20:22:36.882Z - [REQUEST]: Responding to the client. handleHashTasks
[NX v22.5.4 Daemon Server] - 2026-03-13T20:22:36.883Z - Done responding to the client handleHashTasks
[NX v22.5.4 Daemon Server] - 2026-03-13T20:22:36.883Z - Handled json message HASH_TASKS. Handling time: 13. Response time: 2.
[NX v22.5.4 Daemon Client] - 2026-03-13T20:22:36.883Z - [Messenger] Received message, length: 81781
[NX v22.5.4 Daemon Client] - 2026-03-13T20:22:36.886Z - [Messenger] Sending message type: HASH_TASKS
[NX v22.5.4 Daemon Client] - 2026-03-13T20:22:36.887Z - [Messenger] Message sent
[NX v22.5.4 Daemon Server] - 2026-03-13T20:22:36.904Z - Received raw message of length 323010
[NX v22.5.4 Daemon Server] - 2026-03-13T20:22:36.905Z - Received json message of type HASH_TASKS
[NX v22.5.4 Daemon Server] - 2026-03-13T20:22:36.906Z - Reusing in-memory cached project graph because no files changed.
DEBUG nx::native::tasks::hash_planner: get_plans_internal COMPLETED in 4.011625ms - processed 1 tasks (setup: 3.706542ms, parallel_planning: 304.708µs)
DEBUG nx::native::tasks::hashers::hash_workspace_files: Hashing workspace fileset with inputs: Adding "14753650797151729951" (".gitignore") to hash
DEBUG nx::native::tasks::hashers::hash_workspace_files: Hashing workspace fileset with inputs: Adding "16727730179561442929" ("nx.json") to hash
DEBUG nx::native::tasks::hashers::hash_workspace_files: Hashing workspace fileset with inputs: Hash Value: "14205410132470996805"
DEBUG nx::native::tasks::task_hasher: hash_plans COMPLETED in 39.14075ms - processed 1 plans (setup: 5.62425ms, hashing: 33.515958ms, assembly: 272.542µs)
[NX v22.5.4 Daemon Server] - 2026-03-13T20:22:36.950Z - Serializing response for HASH_TASKS message in json mode
[NX v22.5.4 Daemon Server] - 2026-03-13T20:22:36.950Z - Responding to HASH_TASKS message
[NX v22.5.4 Daemon Server] - 2026-03-13T20:22:36.950Z - [REQUEST]: Responding to the client. handleHashTasks
[NX v22.5.4 Daemon Server] - 2026-03-13T20:22:36.952Z - Done responding to the client handleHashTasks
[NX v22.5.4 Daemon Server] - 2026-03-13T20:22:36.952Z - Handled json message HASH_TASKS. Handling time: 44. Response time: 2.
[NX v22.5.4 Daemon Client] - 2026-03-13T20:22:36.952Z - [Messenger] Received message, length: 81779
[NX v22.5.4 Daemon Client] - 2026-03-13T20:22:36.960Z - [Messenger] Sending message type: HASH_TASKS
[NX v22.5.4 Daemon Client] - 2026-03-13T20:22:36.961Z - [Messenger] Message sent
[NX v22.5.4 Daemon Server] - 2026-03-13T20:22:36.967Z - Received raw message of length 369264
[NX v22.5.4 Daemon Server] - 2026-03-13T20:22:36.969Z - Received json message of type HASH_TASKS
[NX v22.5.4 Daemon Server] - 2026-03-13T20:22:36.970Z - Reusing in-memory cached project graph because no files changed.
DEBUG nx::native::tasks::hash_planner: get_plans_internal COMPLETED in 4.949333ms - processed 1 tasks (setup: 4.654125ms, parallel_planning: 294.916µs)
DEBUG nx::native::tasks::hashers::hash_workspace_files: Hashing workspace fileset with inputs: Adding "14753650797151729951" (".gitignore") to hash
DEBUG nx::native::tasks::hashers::hash_workspace_files: Hashing workspace fileset with inputs: Adding "16727730179561442929" ("nx.json") to hash
DEBUG nx::native::tasks::hashers::hash_workspace_files: Hashing workspace fileset with inputs: Hash Value: "14205410132470996805"
DEBUG nx::native::tasks::task_hasher: hash_plans COMPLETED in 3.521875ms - processed 1 plans (setup: 1.588416ms, hashing: 1.933ms, assembly: 259.167µs)
[NX v22.5.4 Daemon Server] - 2026-03-13T20:22:36.980Z - Serializing response for HASH_TASKS message in json mode
[NX v22.5.4 Daemon Server] - 2026-03-13T20:22:36.980Z - Responding to HASH_TASKS message
[NX v22.5.4 Daemon Server] - 2026-03-13T20:22:36.980Z - [REQUEST]: Responding to the client. handleHashTasks
[NX v22.5.4 Daemon Server] - 2026-03-13T20:22:36.981Z - Done responding to the client handleHashTasks
[NX v22.5.4 Daemon Server] - 2026-03-13T20:22:36.981Z - Handled json message HASH_TASKS. Handling time: 10. Response time: 1.
[NX v22.5.4 Daemon Client] - 2026-03-13T20:22:36.981Z - [Messenger] Received message, length: 81779
[NX v22.5.4 Daemon Client] - 2026-03-13T20:22:36.987Z - [Messenger] Sending message type: HASH_TASKS
[NX v22.5.4 Daemon Client] - 2026-03-13T20:22:36.988Z - [Messenger] Message sent
[NX v22.5.4 Daemon Server] - 2026-03-13T20:22:36.990Z - Received raw message of length 415597
[NX v22.5.4 Daemon Server] - 2026-03-13T20:22:36.991Z - Received json message of type HASH_TASKS
[NX v22.5.4 Daemon Server] - 2026-03-13T20:22:36.992Z - Reusing in-memory cached project graph because no files changed.
DEBUG nx::native::tasks::hash_planner: get_plans_internal COMPLETED in 4.630667ms - processed 1 tasks (setup: 4.31925ms, parallel_planning: 311.125µs)
DEBUG nx::native::tasks::hashers::hash_workspace_files: Hashing workspace fileset with inputs: Adding "14753650797151729951" (".gitignore") to hash
DEBUG nx::native::tasks::hashers::hash_workspace_files: Hashing workspace fileset with inputs: Adding "16727730179561442929" ("nx.json") to hash
DEBUG nx::native::tasks::hashers::hash_workspace_files: Hashing workspace fileset with inputs: Hash Value: "14205410132470996805"
DEBUG nx::native::tasks::task_hasher: hash_plans COMPLETED in 1.870083ms - processed 1 plans (setup: 426.291µs, hashing: 1.443583ms, assembly: 276.084µs)
[NX v22.5.4 Daemon Server] - 2026-03-13T20:22:36.999Z - Serializing response for HASH_TASKS message in json mode
[NX v22.5.4 Daemon Server] - 2026-03-13T20:22:37.000Z - Responding to HASH_TASKS message
[NX v22.5.4 Daemon Server] - 2026-03-13T20:22:37.000Z - [REQUEST]: Responding to the client. handleHashTasks
[NX v22.5.4 Daemon Server] - 2026-03-13T20:22:37.000Z - Done responding to the client handleHashTasks
[NX v22.5.4 Daemon Client] - 2026-03-13T20:22:37.000Z - [Messenger] Received message, length: 81779
[NX v22.5.4 Daemon Server] - 2026-03-13T20:22:37.000Z - Handled json message HASH_TASKS. Handling time: 8. Response time: 1.
[NX v22.5.4 Daemon Client] - 2026-03-13T20:22:37.004Z - [Messenger] Sending message type: HASH_TASKS
[NX v22.5.4 Daemon Client] - 2026-03-13T20:22:37.005Z - [Messenger] Message sent
[NX v22.5.4 Daemon Server] - 2026-03-13T20:22:37.006Z - Received raw message of length 461911
[NX v22.5.4 Daemon Server] - 2026-03-13T20:22:37.008Z - Received json message of type HASH_TASKS
[NX v22.5.4 Daemon Server] - 2026-03-13T20:22:37.008Z - Reusing in-memory cached project graph because no files changed.
DEBUG nx::native::tasks::hash_planner: get_plans_internal COMPLETED in 4.150792ms - processed 1 tasks (setup: 3.848625ms, parallel_planning: 301.792µs)
DEBUG nx::native::tasks::hashers::hash_workspace_files: Hashing workspace fileset with inputs: Adding "14753650797151729951" (".gitignore") to hash
DEBUG nx::native::tasks::hashers::hash_workspace_files: Hashing workspace fileset with inputs: Adding "16727730179561442929" ("nx.json") to hash
DEBUG nx::native::tasks::hashers::hash_workspace_files: Hashing workspace fileset with inputs: Hash Value: "14205410132470996805"
DEBUG nx::native::tasks::task_hasher: hash_plans COMPLETED in 4.592667ms - processed 1 plans (setup: 2.371042ms, hashing: 2.221375ms, assembly: 821.041µs)
[NX v22.5.4 Daemon Server] - 2026-03-13T20:22:37.018Z - Serializing response for HASH_TASKS message in json mode
[NX v22.5.4 Daemon Server] - 2026-03-13T20:22:37.019Z - Responding to HASH_TASKS message
[NX v22.5.4 Daemon Server] - 2026-03-13T20:22:37.019Z - [REQUEST]: Responding to the client. handleHashTasks
[NX v22.5.4 Daemon Server] - 2026-03-13T20:22:37.019Z - Done responding to the client handleHashTasks
[NX v22.5.4 Daemon Client] - 2026-03-13T20:22:37.019Z - [Messenger] Received message, length: 81781
[NX v22.5.4 Daemon Server] - 2026-03-13T20:22:37.019Z - Handled json message HASH_TASKS. Handling time: 10. Response time: 1.
[NX v22.5.4 Daemon Client] - 2026-03-13T20:22:37.022Z - [Messenger] Sending message type: HASH_TASKS
[NX v22.5.4 Daemon Client] - 2026-03-13T20:22:37.023Z - [Messenger] Message sent
[NX v22.5.4 Daemon Server] - 2026-03-13T20:22:37.025Z - Received raw message of length 508240
[NX v22.5.4 Daemon Server] - 2026-03-13T20:22:37.027Z - Received json message of type HASH_TASKS
[NX v22.5.4 Daemon Server] - 2026-03-13T20:22:37.027Z - Reusing in-memory cached project graph because no files changed.
DEBUG nx::native::tasks::hash_planner: get_plans_internal COMPLETED in 4.549458ms - processed 1 tasks (setup: 4.22375ms, parallel_planning: 325.583µs)
DEBUG nx::native::tasks::hashers::hash_workspace_files: Hashing workspace fileset with inputs: Adding "14753650797151729951" (".gitignore") to hash
DEBUG nx::native::tasks::hashers::hash_workspace_files: Hashing workspace fileset with inputs: Adding "16727730179561442929" ("nx.json") to hash
DEBUG nx::native::tasks::hashers::hash_workspace_files: Hashing workspace fileset with inputs: Hash Value: "14205410132470996805"
DEBUG nx::native::tasks::task_hasher: hash_plans COMPLETED in 36.339875ms - processed 1 plans (setup: 10.27575ms, hashing: 26.06375ms, assembly: 271.25µs)
[NX v22.5.4 Daemon Server] - 2026-03-13T20:22:37.069Z - Serializing response for HASH_TASKS message in json mode
[NX v22.5.4 Daemon Server] - 2026-03-13T20:22:37.070Z - Responding to HASH_TASKS message
[NX v22.5.4 Daemon Server] - 2026-03-13T20:22:37.070Z - [REQUEST]: Responding to the client. handleHashTasks
[NX v22.5.4 Daemon Server] - 2026-03-13T20:22:37.073Z - Done responding to the client handleHashTasks
[NX v22.5.4 Daemon Client] - 2026-03-13T20:22:37.073Z - [Messenger] Received message, length: 81777
[NX v22.5.4 Daemon Server] - 2026-03-13T20:22:37.073Z - Handled json message HASH_TASKS. Handling time: 42. Response time: 4.
[NX v22.5.4 Daemon Client] - 2026-03-13T20:22:37.078Z - [Messenger] Sending message type: HASH_TASKS
[NX v22.5.4 Daemon Client] - 2026-03-13T20:22:37.080Z - [Messenger] Message sent
[NX v22.5.4 Daemon Server] - 2026-03-13T20:22:37.086Z - Received raw message of length 554544
[NX v22.5.4 Daemon Server] - 2026-03-13T20:22:37.089Z - Received json message of type HASH_TASKS
[NX v22.5.4 Daemon Server] - 2026-03-13T20:22:37.089Z - Reusing in-memory cached project graph because no files changed.
DEBUG nx::native::tasks::hash_planner: get_plans_internal COMPLETED in 4.311875ms - processed 1 tasks (setup: 4.005708ms, parallel_planning: 305.916µs)
DEBUG nx::native::tasks::hashers::hash_workspace_files: Hashing workspace fileset with inputs: Adding "14753650797151729951" (".gitignore") to hash
DEBUG nx::native::tasks::hashers::hash_workspace_files: Hashing workspace fileset with inputs: Adding "16727730179561442929" ("nx.json") to hash
DEBUG nx::native::tasks::hashers::hash_workspace_files: Hashing workspace fileset with inputs: Hash Value: "14205410132470996805"
DEBUG nx::native::tasks::task_hasher: hash_plans COMPLETED in 12.09ms - processed 1 plans (setup: 5.735875ms, hashing: 6.353625ms, assembly: 729.166µs)
[NX v22.5.4 Daemon Server] - 2026-03-13T20:22:37.109Z - Serializing response for HASH_TASKS message in json mode
[NX v22.5.4 Daemon Server] - 2026-03-13T20:22:37.109Z - Responding to HASH_TASKS message
[NX v22.5.4 Daemon Server] - 2026-03-13T20:22:37.109Z - [REQUEST]: Responding to the client. handleHashTasks
[NX v22.5.4 Daemon Server] - 2026-03-13T20:22:37.113Z - Done responding to the client handleHashTasks
[NX v22.5.4 Daemon Server] - 2026-03-13T20:22:37.113Z - Handled json message HASH_TASKS. Handling time: 20. Response time: 4.
[NX v22.5.4 Daemon Client] - 2026-03-13T20:22:37.113Z - [Messenger] Received message, length: 81780
[NX v22.5.4 Daemon Client] - 2026-03-13T20:22:37.118Z - [Messenger] Sending message type: HASH_TASKS
[NX v22.5.4 Daemon Client] - 2026-03-13T20:22:37.121Z - [Messenger] Message sent
[NX v22.5.4 Daemon Server] - 2026-03-13T20:22:37.138Z - Received raw message of length 600866
[NX v22.5.4 Daemon Server] - 2026-03-13T20:22:37.140Z - Received json message of type HASH_TASKS
[NX v22.5.4 Daemon Server] - 2026-03-13T20:22:37.140Z - Reusing in-memory cached project graph because no files changed.
DEBUG nx::native::tasks::hash_planner: get_plans_internal COMPLETED in 5.304125ms - processed 1 tasks (setup: 4.996416ms, parallel_planning: 307.334µs)
DEBUG nx::native::tasks::hashers::hash_workspace_files: Hashing workspace fileset with inputs: Adding "14753650797151729951" (".gitignore") to hash
DEBUG nx::native::tasks::hashers::hash_workspace_files: Hashing workspace fileset with inputs: Adding "16727730179561442929" ("nx.json") to hash
DEBUG nx::native::tasks::hashers::hash_workspace_files: Hashing workspace fileset with inputs: Hash Value: "14205410132470996805"
DEBUG nx::native::tasks::task_hasher: hash_plans COMPLETED in 35.148375ms - processed 1 plans (setup: 11.81975ms, hashing: 23.328292ms, assembly: 669.625µs)
[NX v22.5.4 Daemon Server] - 2026-03-13T20:22:37.183Z - Serializing response for HASH_TASKS message in json mode
[NX v22.5.4 Daemon Server] - 2026-03-13T20:22:37.184Z - Responding to HASH_TASKS message
[NX v22.5.4 Daemon Server] - 2026-03-13T20:22:37.184Z - [REQUEST]: Responding to the client. handleHashTasks
[NX v22.5.4 Daemon Server] - 2026-03-13T20:22:37.190Z - Done responding to the client handleHashTasks
[NX v22.5.4 Daemon Server] - 2026-03-13T20:22:37.191Z - Handled json message HASH_TASKS. Handling time: 43. Response time: 8.
[NX v22.5.4 Daemon Client] - 2026-03-13T20:22:37.191Z - [Messenger] Received message, length: 81780
[NX v22.5.4 Daemon Client] - 2026-03-13T20:22:37.194Z - [Messenger] Sending message type: HASH_TASKS
[NX v22.5.4 Daemon Client] - 2026-03-13T20:22:37.196Z - [Messenger] Message sent
[NX v22.5.4 Daemon Server] - 2026-03-13T20:22:37.207Z - Received raw message of length 647178
[NX v22.5.4 Daemon Server] - 2026-03-13T20:22:37.209Z - Received json message of type HASH_TASKS
[NX v22.5.4 Daemon Server] - 2026-03-13T20:22:37.210Z - Reusing in-memory cached project graph because no files changed.
DEBUG nx::native::tasks::hash_planner: get_plans_internal COMPLETED in 3.954958ms - processed 1 tasks (setup: 3.657375ms, parallel_planning: 297.5µs)
DEBUG nx::native::tasks::hashers::hash_workspace_files: Hashing workspace fileset with inputs: Adding "14753650797151729951" (".gitignore") to hash
DEBUG nx::native::tasks::hashers::hash_workspace_files: Hashing workspace fileset with inputs: Adding "16727730179561442929" ("nx.json") to hash
DEBUG nx::native::tasks::hashers::hash_workspace_files: Hashing workspace fileset with inputs: Hash Value: "14205410132470996805"
DEBUG nx::native::tasks::task_hasher: hash_plans COMPLETED in 28.054709ms - processed 1 plans (setup: 5.766959ms, hashing: 22.287125ms, assembly: 4.813083ms)
[NX v22.5.4 Daemon Server] - 2026-03-13T20:22:37.244Z - Serializing response for HASH_TASKS message in json mode
[NX v22.5.4 Daemon Server] - 2026-03-13T20:22:37.246Z - Responding to HASH_TASKS message
[NX v22.5.4 Daemon Server] - 2026-03-13T20:22:37.246Z - [REQUEST]: Responding to the client. handleHashTasks
[NX v22.5.4 Daemon Server] - 2026-03-13T20:22:37.251Z - Done responding to the client handleHashTasks
[NX v22.5.4 Daemon Server] - 2026-03-13T20:22:37.251Z - Handled json message HASH_TASKS. Handling time: 35. Response time: 7.
[NX v22.5.4 Daemon Client] - 2026-03-13T20:22:37.251Z - [Messenger] Received message, length: 81780
[NX v22.5.4 Daemon Client] - 2026-03-13T20:22:37.256Z - [Messenger] Sending message type: HASH_TASKS
[NX v22.5.4 Daemon Client] - 2026-03-13T20:22:37.257Z - [Messenger] Message sent
[NX v22.5.4 Daemon Server] - 2026-03-13T20:22:37.265Z - Received raw message of length 693488
[NX v22.5.4 Daemon Server] - 2026-03-13T20:22:37.268Z - Received json message of type HASH_TASKS
[NX v22.5.4 Daemon Server] - 2026-03-13T20:22:37.275Z - Reusing in-memory cached project graph because no files changed.
DEBUG nx::native::tasks::hash_planner: get_plans_internal COMPLETED in 4.042ms - processed 1 tasks (setup: 3.740083ms, parallel_planning: 301.708µs)
DEBUG nx::native::tasks::hashers::hash_workspace_files: Hashing workspace fileset with inputs: Adding "14753650797151729951" (".gitignore") to hash
DEBUG nx::native::tasks::hashers::hash_workspace_files: Hashing workspace fileset with inputs: Adding "16727730179561442929" ("nx.json") to hash
DEBUG nx::native::tasks::hashers::hash_workspace_files: Hashing workspace fileset with inputs: Hash Value: "14205410132470996805"
DEBUG nx::native::tasks::task_hasher: hash_plans COMPLETED in 30.158708ms - processed 1 plans (setup: 11.343166ms, hashing: 18.814875ms, assembly: 537.166µs)
[NX v22.5.4 Daemon Server] - 2026-03-13T20:22:37.313Z - Serializing response for HASH_TASKS message in json mode
[NX v22.5.4 Daemon Server] - 2026-03-13T20:22:37.314Z - Responding to HASH_TASKS message
[NX v22.5.4 Daemon Server] - 2026-03-13T20:22:37.314Z - [REQUEST]: Responding to the client. handleHashTasks
[NX v22.5.4 Daemon Server] - 2026-03-13T20:22:37.314Z - Done responding to the client handleHashTasks
[NX v22.5.4 Daemon Server] - 2026-03-13T20:22:37.315Z - Handled json message HASH_TASKS. Handling time: 39. Response time: 2.
[NX v22.5.4 Daemon Client] - 2026-03-13T20:22:37.315Z - [Messenger] Received message, length: 81781
[NX v22.5.4 Daemon Client] - 2026-03-13T20:22:37.318Z - [Messenger] Sending message type: HASH_TASKS
[NX v22.5.4 Daemon Client] - 2026-03-13T20:22:37.320Z - [Messenger] Message sent
[NX v22.5.4 Daemon Server] - 2026-03-13T20:22:37.325Z - Received raw message of length 739783
[NX v22.5.4 Daemon Server] - 2026-03-13T20:22:37.329Z - Received json message of type HASH_TASKS
[NX v22.5.4 Daemon Server] - 2026-03-13T20:22:37.329Z - Reusing in-memory cached project graph because no files changed.
DEBUG nx::native::tasks::hash_planner: get_plans_internal COMPLETED in 4.242166ms - processed 1 tasks (setup: 4.050875ms, parallel_planning: 190.917µs)
DEBUG nx::native::tasks::hashers::hash_workspace_files: Hashing workspace fileset with inputs: Adding "14753650797151729951" (".gitignore") to hash
DEBUG nx::native::tasks::hashers::hash_workspace_files: Hashing workspace fileset with inputs: Adding "16727730179561442929" ("nx.json") to hash
DEBUG nx::native::tasks::hashers::hash_workspace_files: Hashing workspace fileset with inputs: Hash Value: "14205410132470996805"
DEBUG nx::native::tasks::task_hasher: hash_plans COMPLETED in 19.029041ms - processed 1 plans (setup: 9.6215ms, hashing: 9.407125ms, assembly: 168.625µs)
[NX v22.5.4 Daemon Server] - 2026-03-13T20:22:37.354Z - Serializing response for HASH_TASKS message in json mode
[NX v22.5.4 Daemon Server] - 2026-03-13T20:22:37.354Z - Responding to HASH_TASKS message
[NX v22.5.4 Daemon Server] - 2026-03-13T20:22:37.354Z - [REQUEST]: Responding to the client. handleHashTasks
[NX v22.5.4 Daemon Client] - 2026-03-13T20:22:37.355Z - [Messenger] Received message, length: 47341
[NX v22.5.4 Daemon Server] - 2026-03-13T20:22:37.355Z - Done responding to the client handleHashTasks
[NX v22.5.4 Daemon Server] - 2026-03-13T20:22:37.355Z - Handled json message HASH_TASKS. Handling time: 25. Response time: 1.
[NX v22.5.4 Daemon Client] - 2026-03-13T20:22:37.357Z - [Messenger] Sending message type: HASH_TASKS
[NX v22.5.4 Daemon Client] - 2026-03-13T20:22:37.358Z - [Messenger] Message sent
[NX v22.5.4 Daemon Server] - 2026-03-13T20:22:37.362Z - Received raw message of length 770333
[NX v22.5.4 Daemon Server] - 2026-03-13T20:22:37.366Z - Received json message of type HASH_TASKS
[NX v22.5.4 Daemon Server] - 2026-03-13T20:22:37.366Z - Reusing in-memory cached project graph because no files changed.
DEBUG nx::native::tasks::hash_planner: get_plans_internal COMPLETED in 3.847709ms - processed 1 tasks (setup: 3.578834ms, parallel_planning: 268.667µs)
DEBUG nx::native::tasks::hashers::hash_workspace_files: Hashing workspace fileset with inputs: Adding "14753650797151729951" (".gitignore") to hash
DEBUG nx::native::tasks::hashers::hash_workspace_files: Hashing workspace fileset with inputs: Adding "16727730179561442929" ("nx.json") to hash
DEBUG nx::native::tasks::hashers::hash_workspace_files: Hashing workspace fileset with inputs: Hash Value: "14205410132470996805"
DEBUG nx::native::tasks::task_hasher: hash_plans COMPLETED in 33.15075ms - processed 1 plans (setup: 17.552958ms, hashing: 15.597333ms, assembly: 267.709µs)
[NX v22.5.4 Daemon Server] - 2026-03-13T20:22:37.406Z - Serializing response for HASH_TASKS message in json mode
[NX v22.5.4 Daemon Server] - 2026-03-13T20:22:37.406Z - Responding to HASH_TASKS message
[NX v22.5.4 Daemon Server] - 2026-03-13T20:22:37.406Z - [REQUEST]: Responding to the client. handleHashTasks
[NX v22.5.4 Daemon Server] - 2026-03-13T20:22:37.407Z - Done responding to the client handleHashTasks
[NX v22.5.4 Daemon Server] - 2026-03-13T20:22:37.407Z - Handled json message HASH_TASKS. Handling time: 40. Response time: 1.
[NX v22.5.4 Daemon Client] - 2026-03-13T20:22:37.407Z - [Messenger] Received message, length: 76732
[NX v22.5.4 Daemon Client] - 2026-03-13T20:22:37.412Z - [Messenger] Sending message type: HASH_TASKS
[NX v22.5.4 Daemon Client] - 2026-03-13T20:22:37.413Z - [Messenger] Message sent
[NX v22.5.4 Daemon Server] - 2026-03-13T20:22:37.420Z - Received raw message of length 815974
[NX v22.5.4 Daemon Server] - 2026-03-13T20:22:37.427Z - Received json message of type HASH_TASKS
[NX v22.5.4 Daemon Server] - 2026-03-13T20:22:37.427Z - Reusing in-memory cached project graph because no files changed.
DEBUG nx::native::tasks::hash_planner: get_plans_internal COMPLETED in 3.70325ms - processed 1 tasks (setup: 3.621792ms, parallel_planning: 81.167µs)
DEBUG nx::native::tasks::hashers::hash_workspace_files: Hashing workspace fileset with inputs: Adding "14753650797151729951" (".gitignore") to hash
DEBUG nx::native::tasks::hashers::hash_workspace_files: Hashing workspace fileset with inputs: Adding "16727730179561442929" ("nx.json") to hash
DEBUG nx::native::tasks::hashers::hash_workspace_files: Hashing workspace fileset with inputs: Hash Value: "14205410132470996805"
DEBUG nx::native::tasks::task_hasher: hash_plans COMPLETED in 16.948084ms - processed 1 plans (setup: 10.602ms, hashing: 6.345458ms, assembly: 90.333µs)
[NX v22.5.4 Daemon Server] - 2026-03-13T20:22:37.449Z - Serializing response for HASH_TASKS message in json mode
[NX v22.5.4 Daemon Server] - 2026-03-13T20:22:37.449Z - Responding to HASH_TASKS message
[NX v22.5.4 Daemon Server] - 2026-03-13T20:22:37.449Z - [REQUEST]: Responding to the client. handleHashTasks
[NX v22.5.4 Daemon Server] - 2026-03-13T20:22:37.450Z - Done responding to the client handleHashTasks
[NX v22.5.4 Daemon Server] - 2026-03-13T20:22:37.450Z - Handled json message HASH_TASKS. Handling time: 22. Response time: 1.
[NX v22.5.4 Daemon Client] - 2026-03-13T20:22:37.450Z - [Messenger] Received message, length: 27493
[NX v22.5.4 Daemon Client] - 2026-03-13T20:22:37.452Z - [Messenger] Sending message type: HASH_TASKS
[NX v22.5.4 Daemon Client] - 2026-03-13T20:22:37.454Z - [Messenger] Message sent
[NX v22.5.4 Daemon Server] - 2026-03-13T20:22:37.464Z - Received raw message of length 833468
[NX v22.5.4 Daemon Server] - 2026-03-13T20:22:37.467Z - Received json message of type HASH_TASKS
[NX v22.5.4 Daemon Server] - 2026-03-13T20:22:37.467Z - Reusing in-memory cached project graph because no files changed.
DEBUG nx::native::tasks::hash_planner: get_plans_internal COMPLETED in 4.485417ms - processed 1 tasks (setup: 3.821959ms, parallel_planning: 663.041µs)
DEBUG nx::native::tasks::hashers::hash_workspace_files: Hashing workspace fileset with inputs: Adding "14753650797151729951" (".gitignore") to hash
DEBUG nx::native::tasks::hashers::hash_workspace_files: Hashing workspace fileset with inputs: Adding "16727730179561442929" ("nx.json") to hash
DEBUG nx::native::tasks::hashers::hash_workspace_files: Hashing workspace fileset with inputs: Hash Value: "14205410132470996805"
DEBUG nx::native::tasks::task_hasher: hash_plans COMPLETED in 5.31575ms - processed 1 plans (setup: 2.774125ms, hashing: 2.541333ms, assembly: 297.667µs)
[NX v22.5.4 Daemon Server] - 2026-03-13T20:22:37.479Z - Serializing response for HASH_TASKS message in json mode
[NX v22.5.4 Daemon Server] - 2026-03-13T20:22:37.479Z - Responding to HASH_TASKS message
[NX v22.5.4 Daemon Server] - 2026-03-13T20:22:37.479Z - [REQUEST]: Responding to the client. handleHashTasks
[NX v22.5.4 Daemon Client] - 2026-03-13T20:22:37.481Z - [Messenger] Received message, length: 94164
[NX v22.5.4 Daemon Server] - 2026-03-13T20:22:37.481Z - Done responding to the client handleHashTasks
[NX v22.5.4 Daemon Server] - 2026-03-13T20:22:37.481Z - Handled json message HASH_TASKS. Handling time: 12. Response time: 2.
[NX v22.5.4 Daemon Client] - 2026-03-13T20:22:37.485Z - [Messenger] Sending message type: HASH_TASKS
[NX v22.5.4 Daemon Client] - 2026-03-13T20:22:37.487Z - [Messenger] Message sent
[NX v22.5.4 Daemon Server] - 2026-03-13T20:22:37.490Z - Received raw message of length 882684
[NX v22.5.4 Daemon Server] - 2026-03-13T20:22:37.493Z - Received json message of type HASH_TASKS
[NX v22.5.4 Daemon Server] - 2026-03-13T20:22:37.493Z - Reusing in-memory cached project graph because no files changed.
DEBUG nx::native::tasks::hash_planner: get_plans_internal COMPLETED in 4.060083ms - processed 1 tasks (setup: 3.720292ms, parallel_planning: 339.75µs)
DEBUG nx::native::tasks::hashers::hash_workspace_files: Hashing workspace fileset with inputs: Adding "14753650797151729951" (".gitignore") to hash
DEBUG nx::native::tasks::hashers::hash_workspace_files: Hashing workspace fileset with inputs: Adding "16727730179561442929" ("nx.json") to hash
DEBUG nx::native::tasks::hashers::hash_workspace_files: Hashing workspace fileset with inputs: Hash Value: "14205410132470996805"
DEBUG nx::native::tasks::task_hasher: hash_plans COMPLETED in 1.856334ms - processed 1 plans (setup: 574.792µs, hashing: 1.281292ms, assembly: 286.459µs)
[NX v22.5.4 Daemon Server] - 2026-03-13T20:22:37.500Z - Serializing response for HASH_TASKS message in json mode
[NX v22.5.4 Daemon Server] - 2026-03-13T20:22:37.501Z - Responding to HASH_TASKS message
[NX v22.5.4 Daemon Server] - 2026-03-13T20:22:37.501Z - [REQUEST]: Responding to the client. handleHashTasks
[NX v22.5.4 Daemon Server] - 2026-03-13T20:22:37.501Z - Done responding to the client handleHashTasks
[NX v22.5.4 Daemon Server] - 2026-03-13T20:22:37.501Z - Handled json message HASH_TASKS. Handling time: 7. Response time: 1.
[NX v22.5.4 Daemon Client] - 2026-03-13T20:22:37.501Z - [Messenger] Received message, length: 78660
[NX v22.5.4 Daemon Client] - 2026-03-13T20:22:37.505Z - [Messenger] Sending message type: HASH_TASKS
[NX v22.5.4 Daemon Client] - 2026-03-13T20:22:37.506Z - [Messenger] Message sent
[NX v22.5.4 Daemon Server] - 2026-03-13T20:22:37.514Z - Received raw message of length 928835
[NX v22.5.4 Daemon Server] - 2026-03-13T20:22:37.518Z - Received json message of type HASH_TASKS
[NX v22.5.4 Daemon Server] - 2026-03-13T20:22:37.518Z - Reusing in-memory cached project graph because no files changed.
DEBUG nx::native::tasks::hash_planner: get_plans_internal COMPLETED in 4.134834ms - processed 1 tasks (setup: 3.771834ms, parallel_planning: 362.791µs)
DEBUG nx::native::tasks::hashers::hash_workspace_files: Hashing workspace fileset with inputs: Adding "14753650797151729951" (".gitignore") to hash
DEBUG nx::native::tasks::hashers::hash_workspace_files: Hashing workspace fileset with inputs: Adding "16727730179561442929" ("nx.json") to hash
DEBUG nx::native::tasks::hashers::hash_workspace_files: Hashing workspace fileset with inputs: Hash Value: "14205410132470996805"
DEBUG nx::native::tasks::task_hasher: hash_plans COMPLETED in 2.077417ms - processed 1 plans (setup: 428.25µs, hashing: 1.648959ms, assembly: 294.75µs)
[NX v22.5.4 Daemon Server] - 2026-03-13T20:22:37.525Z - Serializing response for HASH_TASKS message in json mode
[NX v22.5.4 Daemon Server] - 2026-03-13T20:22:37.525Z - Responding to HASH_TASKS message
[NX v22.5.4 Daemon Server] - 2026-03-13T20:22:37.525Z - [REQUEST]: Responding to the client. handleHashTasks
[NX v22.5.4 Daemon Server] - 2026-03-13T20:22:37.526Z - Done responding to the client handleHashTasks
[NX v22.5.4 Daemon Server] - 2026-03-13T20:22:37.526Z - Handled json message HASH_TASKS. Handling time: 7. Response time: 1.
[NX v22.5.4 Daemon Client] - 2026-03-13T20:22:37.526Z - [Messenger] Received message, length: 93063
[NX v22.5.4 Daemon Client] - 2026-03-13T20:22:37.530Z - [Messenger] Sending message type: HASH_TASKS
[NX v22.5.4 Daemon Client] - 2026-03-13T20:22:37.532Z - [Messenger] Message sent
[NX v22.5.4 Daemon Server] - 2026-03-13T20:22:37.538Z - Received raw message of length 977799
[NX v22.5.4 Daemon Server] - 2026-03-13T20:22:37.541Z - Received json message of type HASH_TASKS
[NX v22.5.4 Daemon Server] - 2026-03-13T20:22:37.542Z - Reusing in-memory cached project graph because no files changed.
DEBUG nx::native::tasks::hash_planner: get_plans_internal COMPLETED in 4.103375ms - processed 1 tasks (setup: 3.741625ms, parallel_planning: 361.417µs)
DEBUG nx::native::tasks::hashers::hash_workspace_files: Hashing workspace fileset with inputs: Adding "14753650797151729951" (".gitignore") to hash
DEBUG nx::native::tasks::hashers::hash_workspace_files: Hashing workspace fileset with inputs: Adding "16727730179561442929" ("nx.json") to hash
DEBUG nx::native::tasks::hashers::hash_workspace_files: Hashing workspace fileset with inputs: Hash Value: "14205410132470996805"
DEBUG nx::native::tasks::task_hasher: hash_plans COMPLETED in 9.225458ms - processed 1 plans (setup: 2.60325ms, hashing: 6.621875ms, assembly: 313.75µs)
[NX v22.5.4 Daemon Server] - 2026-03-13T20:22:37.556Z - Serializing response for HASH_TASKS message in json mode
[NX v22.5.4 Daemon Server] - 2026-03-13T20:22:37.557Z - Responding to HASH_TASKS message
[NX v22.5.4 Daemon Server] - 2026-03-13T20:22:37.557Z - [REQUEST]: Responding to the client. handleHashTasks
[NX v22.5.4 Daemon Server] - 2026-03-13T20:22:37.570Z - Done responding to the client handleHashTasks
[NX v22.5.4 Daemon Server] - 2026-03-13T20:22:37.570Z - Handled json message HASH_TASKS. Handling time: 14. Response time: 14.
[NX v22.5.4 Daemon Client] - 2026-03-13T20:22:37.570Z - [Messenger] Received message, length: 92305
[NX v22.5.4 Daemon Client] - 2026-03-13T20:22:37.579Z - [Messenger] Sending message type: HASH_TASKS
[NX v22.5.4 Daemon Client] - 2026-03-13T20:22:37.581Z - [Messenger] Message sent
[NX v22.5.4 Daemon Server] - 2026-03-13T20:22:37.591Z - Received raw message of length 1026761
[NX v22.5.4 Daemon Server] - 2026-03-13T20:22:37.597Z - Received json message of type HASH_TASKS
[NX v22.5.4 Daemon Server] - 2026-03-13T20:22:37.597Z - Reusing in-memory cached project graph because no files changed.
DEBUG nx::native::tasks::hash_planner: get_plans_internal COMPLETED in 4.636333ms - processed 1 tasks (setup: 4.11775ms, parallel_planning: 518.25µs)
DEBUG nx::native::tasks::hashers::hash_workspace_files: Hashing workspace fileset with inputs: Adding "14753650797151729951" (".gitignore") to hash
DEBUG nx::native::tasks::hashers::hash_workspace_files: Hashing workspace fileset with inputs: Adding "16727730179561442929" ("nx.json") to hash
DEBUG nx::native::tasks::hashers::hash_workspace_files: Hashing workspace fileset with inputs: Hash Value: "14205410132470996805"
DEBUG nx::native::tasks::task_hasher: hash_plans COMPLETED in 43.151833ms - processed 1 plans (setup: 2.11ms, hashing: 41.041542ms, assembly: 514.208µs)
[NX v22.5.4 Daemon Server] - 2026-03-13T20:22:37.648Z - Serializing response for HASH_TASKS message in json mode
[NX v22.5.4 Daemon Server] - 2026-03-13T20:22:37.648Z - Responding to HASH_TASKS message
[NX v22.5.4 Daemon Server] - 2026-03-13T20:22:37.648Z - [REQUEST]: Responding to the client. handleHashTasks
[NX v22.5.4 Daemon Server] - 2026-03-13T20:22:37.655Z - Done responding to the client handleHashTasks
[NX v22.5.4 Daemon Server] - 2026-03-13T20:22:37.655Z - Handled json message HASH_TASKS. Handling time: 51. Response time: 7.
[NX v22.5.4 Daemon Client] - 2026-03-13T20:22:37.655Z - [Messenger] Received message, length: 92617
[NX v22.5.4 Daemon Client] - 2026-03-13T20:22:37.659Z - [Messenger] Sending message type: HASH_TASKS
[NX v22.5.4 Daemon Client] - 2026-03-13T20:22:37.661Z - [Messenger] Message sent
[NX v22.5.4 Daemon Server] - 2026-03-13T20:22:37.677Z - Received raw message of length 1075784
[NX v22.5.4 Daemon Server] - 2026-03-13T20:22:37.681Z - Received json message of type HASH_TASKS
[NX v22.5.4 Daemon Server] - 2026-03-13T20:22:37.681Z - Reusing in-memory cached project graph because no files changed.
DEBUG nx::native::tasks::hash_planner: get_plans_internal COMPLETED in 4.621167ms - processed 1 tasks (setup: 4.269375ms, parallel_planning: 351.292µs)
DEBUG nx::native::tasks::hashers::hash_workspace_files: Hashing workspace fileset with inputs: Adding "14753650797151729951" (".gitignore") to hash
DEBUG nx::native::tasks::hashers::hash_workspace_files: Hashing workspace fileset with inputs: Adding "16727730179561442929" ("nx.json") to hash
DEBUG nx::native::tasks::hashers::hash_workspace_files: Hashing workspace fileset with inputs: Hash Value: "14205410132470996805"
DEBUG nx::native::tasks::task_hasher: hash_plans COMPLETED in 22.854667ms - processed 1 plans (setup: 466.167µs, hashing: 22.388166ms, assembly: 300.75µs)
[NX v22.5.4 Daemon Server] - 2026-03-13T20:22:37.710Z - Serializing response for HASH_TASKS message in json mode
[NX v22.5.4 Daemon Server] - 2026-03-13T20:22:37.711Z - Responding to HASH_TASKS message
[NX v22.5.4 Daemon Server] - 2026-03-13T20:22:37.711Z - [REQUEST]: Responding to the client. handleHashTasks
[NX v22.5.4 Daemon Server] - 2026-03-13T20:22:37.712Z - Done responding to the client handleHashTasks
[NX v22.5.4 Daemon Server] - 2026-03-13T20:22:37.712Z - Handled json message HASH_TASKS. Handling time: 29. Response time: 2.
[NX v22.5.4 Daemon Client] - 2026-03-13T20:22:37.712Z - [Messenger] Received message, length: 93202
[NX v22.5.4 Daemon Client] - 2026-03-13T20:22:37.716Z - [Messenger] Sending message type: HASH_TASKS
[NX v22.5.4 Daemon Client] - 2026-03-13T20:22:37.718Z - [Messenger] Message sent
[NX v22.5.4 Daemon Server] - 2026-03-13T20:22:37.725Z - Received raw message of length 1124750
[NX v22.5.4 Daemon Server] - 2026-03-13T20:22:37.729Z - Received json message of type HASH_TASKS
[NX v22.5.4 Daemon Server] - 2026-03-13T20:22:37.729Z - Reusing in-memory cached project graph because no files changed.
DEBUG nx::native::tasks::hash_planner: get_plans_internal COMPLETED in 3.9925ms - processed 1 tasks (setup: 3.655667ms, parallel_planning: 336.666µs)
DEBUG nx::native::tasks::hashers::hash_workspace_files: Hashing workspace fileset with inputs: Adding "14753650797151729951" (".gitignore") to hash
DEBUG nx::native::tasks::hashers::hash_workspace_files: Hashing workspace fileset with inputs: Adding "16727730179561442929" ("nx.json") to hash
DEBUG nx::native::tasks::hashers::hash_workspace_files: Hashing workspace fileset with inputs: Hash Value: "14205410132470996805"
DEBUG nx::native::tasks::task_hasher: hash_plans COMPLETED in 8.493542ms - processed 1 plans (setup: 6.143375ms, hashing: 2.349833ms, assembly: 304.833µs)
[NX v22.5.4 Daemon Server] - 2026-03-13T20:22:37.743Z - Serializing response for HASH_TASKS message in json mode
[NX v22.5.4 Daemon Server] - 2026-03-13T20:22:37.743Z - Responding to HASH_TASKS message
[NX v22.5.4 Daemon Server] - 2026-03-13T20:22:37.743Z - [REQUEST]: Responding to the client. handleHashTasks
[NX v22.5.4 Daemon Server] - 2026-03-13T20:22:37.744Z - Done responding to the client handleHashTasks
[NX v22.5.4 Daemon Server] - 2026-03-13T20:22:37.744Z - Handled json message HASH_TASKS. Handling time: 14. Response time: 1.
[NX v22.5.4 Daemon Client] - 2026-03-13T20:22:37.744Z - [Messenger] Received message, length: 97829
[NX v22.5.4 Daemon Client] - 2026-03-13T20:22:37.749Z - [Messenger] Sending message type: HASH_TASKS
[NX v22.5.4 Daemon Client] - 2026-03-13T20:22:37.752Z - [Messenger] Message sent
[NX v22.5.4 Daemon Server] - 2026-03-13T20:22:37.788Z - Received raw message of length 1174165
[NX v22.5.4 Daemon Server] - 2026-03-13T20:22:37.793Z - Received json message of type HASH_TASKS
[NX v22.5.4 Daemon Server] - 2026-03-13T20:22:37.793Z - Reusing in-memory cached project graph because no files changed.
DEBUG nx::native::tasks::hash_planner: get_plans_internal COMPLETED in 4.253791ms - processed 1 tasks (setup: 3.9045ms, parallel_planning: 348.916µs)
DEBUG nx::native::tasks::hashers::hash_workspace_files: Hashing workspace fileset with inputs: Adding "14753650797151729951" (".gitignore") to hash
DEBUG nx::native::tasks::hashers::hash_workspace_files: Hashing workspace fileset with inputs: Adding "16727730179561442929" ("nx.json") to hash
DEBUG nx::native::tasks::hashers::hash_workspace_files: Hashing workspace fileset with inputs: Hash Value: "14205410132470996805"
DEBUG nx::native::tasks::task_hasher: hash_plans COMPLETED in 30.414667ms - processed 1 plans (setup: 1.104ms, hashing: 29.310416ms, assembly: 299.334µs)
[NX v22.5.4 Daemon Server] - 2026-03-13T20:22:37.829Z - Serializing response for HASH_TASKS message in json mode
[NX v22.5.4 Daemon Server] - 2026-03-13T20:22:37.829Z - Responding to HASH_TASKS message
[NX v22.5.4 Daemon Server] - 2026-03-13T20:22:37.829Z - [REQUEST]: Responding to the client. handleHashTasks
[NX v22.5.4 Daemon Server] - 2026-03-13T20:22:37.831Z - Done responding to the client handleHashTasks
[NX v22.5.4 Daemon Client] - 2026-03-13T20:22:37.831Z - [Messenger] Received message, length: 93267
[NX v22.5.4 Daemon Server] - 2026-03-13T20:22:37.831Z - Handled json message HASH_TASKS. Handling time: 36. Response time: 2.
[NX v22.5.4 Daemon Client] - 2026-03-13T20:22:37.835Z - [Messenger] Sending message type: HASH_TASKS
[NX v22.5.4 Daemon Client] - 2026-03-13T20:22:37.838Z - [Messenger] Message sent
[NX v22.5.4 Daemon Server] - 2026-03-13T20:22:37.849Z - Received raw message of length 1223151
[NX v22.5.4 Daemon Server] - 2026-03-13T20:22:37.854Z - Received json message of type HASH_TASKS
[NX v22.5.4 Daemon Server] - 2026-03-13T20:22:37.854Z - Reusing in-memory cached project graph because no files changed.
DEBUG nx::native::tasks::hash_planner: get_plans_internal COMPLETED in 3.92525ms - processed 1 tasks (setup: 3.596542ms, parallel_planning: 328.584µs)
DEBUG nx::native::tasks::hashers::hash_workspace_files: Hashing workspace fileset with inputs: Adding "14753650797151729951" (".gitignore") to hash
DEBUG nx::native::tasks::hashers::hash_workspace_files: Hashing workspace fileset with inputs: Adding "16727730179561442929" ("nx.json") to hash
DEBUG nx::native::tasks::hashers::hash_workspace_files: Hashing workspace fileset with inputs: Hash Value: "14205410132470996805"
DEBUG nx::native::tasks::task_hasher: hash_plans COMPLETED in 3.3025ms - processed 1 plans (setup: 576.875µs, hashing: 2.725375ms, assembly: 288.042µs)
[NX v22.5.4 Daemon Server] - 2026-03-13T20:22:37.863Z - Serializing response for HASH_TASKS message in json mode
[NX v22.5.4 Daemon Server] - 2026-03-13T20:22:37.863Z - Responding to HASH_TASKS message
[NX v22.5.4 Daemon Server] - 2026-03-13T20:22:37.863Z - [REQUEST]: Responding to the client. handleHashTasks
[NX v22.5.4 Daemon Server] - 2026-03-13T20:22:37.865Z - Done responding to the client handleHashTasks
[NX v22.5.4 Daemon Client] - 2026-03-13T20:22:37.865Z - [Messenger] Received message, length: 93744
[NX v22.5.4 Daemon Server] - 2026-03-13T20:22:37.865Z - Handled json message HASH_TASKS. Handling time: 9. Response time: 2.
[NX v22.5.4 Daemon Client] - 2026-03-13T20:22:37.870Z - [Messenger] Sending message type: HASH_TASKS
[NX v22.5.4 Daemon Client] - 2026-03-13T20:22:37.872Z - [Messenger] Message sent
[NX v22.5.4 Daemon Server] - 2026-03-13T20:22:37.879Z - Received raw message of length 1272121
[NX v22.5.4 Daemon Server] - 2026-03-13T20:22:37.884Z - Received json message of type HASH_TASKS
[NX v22.5.4 Daemon Server] - 2026-03-13T20:22:37.884Z - Reusing in-memory cached project graph because no files changed.
DEBUG nx::native::tasks::hash_planner: get_plans_internal COMPLETED in 4.313ms - processed 1 tasks (setup: 3.945583ms, parallel_planning: 367.125µs)
DEBUG nx::native::tasks::hashers::hash_workspace_files: Hashing workspace fileset with inputs: Adding "14753650797151729951" (".gitignore") to hash
DEBUG nx::native::tasks::hashers::hash_workspace_files: Hashing workspace fileset with inputs: Adding "16727730179561442929" ("nx.json") to hash
DEBUG nx::native::tasks::hashers::hash_workspace_files: Hashing workspace fileset with inputs: Hash Value: "14205410132470996805"
DEBUG nx::native::tasks::task_hasher: hash_plans COMPLETED in 1.835125ms - processed 1 plans (setup: 675.583µs, hashing: 1.159375ms, assembly: 297.542µs)
[NX v22.5.4 Daemon Server] - 2026-03-13T20:22:37.891Z - Serializing response for HASH_TASKS message in json mode
[NX v22.5.4 Daemon Server] - 2026-03-13T20:22:37.891Z - Responding to HASH_TASKS message
[NX v22.5.4 Daemon Server] - 2026-03-13T20:22:37.891Z - [REQUEST]: Responding to the client. handleHashTasks
[NX v22.5.4 Daemon Server] - 2026-03-13T20:22:37.892Z - Done responding to the client handleHashTasks
[NX v22.5.4 Daemon Server] - 2026-03-13T20:22:37.892Z - Handled json message HASH_TASKS. Handling time: 7. Response time: 1.
[NX v22.5.4 Daemon Client] - 2026-03-13T20:22:37.892Z - [Messenger] Received message, length: 97319
[NX v22.5.4 Daemon Client] - 2026-03-13T20:22:37.896Z - [Messenger] Sending message type: HASH_TASKS
[NX v22.5.4 Daemon Client] - 2026-03-13T20:22:37.898Z - [Messenger] Message sent
[NX v22.5.4 Daemon Server] - 2026-03-13T20:22:37.907Z - Received raw message of length 1321621
[NX v22.5.4 Daemon Server] - 2026-03-13T20:22:37.912Z - Received json message of type HASH_TASKS
[NX v22.5.4 Daemon Server] - 2026-03-13T20:22:37.913Z - Reusing in-memory cached project graph because no files changed.
DEBUG nx::native::tasks::hash_planner: get_plans_internal COMPLETED in 4.098583ms - processed 1 tasks (setup: 3.724333ms, parallel_planning: 373.875µs)
DEBUG nx::native::tasks::hashers::hash_workspace_files: Hashing workspace fileset with inputs: Adding "14753650797151729951" (".gitignore") to hash
DEBUG nx::native::tasks::hashers::hash_workspace_files: Hashing workspace fileset with inputs: Adding "16727730179561442929" ("nx.json") to hash
DEBUG nx::native::tasks::hashers::hash_workspace_files: Hashing workspace fileset with inputs: Hash Value: "14205410132470996805"
DEBUG nx::native::tasks::task_hasher: hash_plans COMPLETED in 2.879958ms - processed 1 plans (setup: 1.60575ms, hashing: 1.274ms, assembly: 323.833µs)
[NX v22.5.4 Daemon Server] - 2026-03-13T20:22:37.921Z - Serializing response for HASH_TASKS message in json mode
[NX v22.5.4 Daemon Server] - 2026-03-13T20:22:37.922Z - Responding to HASH_TASKS message
[NX v22.5.4 Daemon Server] - 2026-03-13T20:22:37.922Z - [REQUEST]: Responding to the client. handleHashTasks
[NX v22.5.4 Daemon Server] - 2026-03-13T20:22:37.924Z - Done responding to the client handleHashTasks
[NX v22.5.4 Daemon Server] - 2026-03-13T20:22:37.924Z - Handled json message HASH_TASKS. Handling time: 9. Response time: 3.
[NX v22.5.4 Daemon Client] - 2026-03-13T20:22:37.924Z - [Messenger] Received message, length: 93317
[NX v22.5.4 Daemon Client] - 2026-03-13T20:22:37.929Z - [Messenger] Sending message type: HASH_TASKS
[NX v22.5.4 Daemon Client] - 2026-03-13T20:22:37.931Z - [Messenger] Message sent
[NX v22.5.4 Daemon Server] - 2026-03-13T20:22:37.938Z - Received raw message of length 1370589
[NX v22.5.4 Daemon Server] - 2026-03-13T20:22:37.944Z - Received json message of type HASH_TASKS
[NX v22.5.4 Daemon Server] - 2026-03-13T20:22:37.944Z - Reusing in-memory cached project graph because no files changed.
DEBUG nx::native::tasks::hash_planner: get_plans_internal COMPLETED in 5.294ms - processed 1 tasks (setup: 4.966667ms, parallel_planning: 327.125µs)
DEBUG nx::native::tasks::hashers::hash_workspace_files: Hashing workspace fileset with inputs: Adding "14753650797151729951" (".gitignore") to hash
DEBUG nx::native::tasks::hashers::hash_workspace_files: Hashing workspace fileset with inputs: Adding "16727730179561442929" ("nx.json") to hash
DEBUG nx::native::tasks::hashers::hash_workspace_files: Hashing workspace fileset with inputs: Hash Value: "14205410132470996805"
DEBUG nx::native::tasks::task_hasher: hash_plans COMPLETED in 2.122709ms - processed 1 plans (setup: 652.125µs, hashing: 1.470417ms, assembly: 287.666µs)
[NX v22.5.4 Daemon Server] - 2026-03-13T20:22:37.953Z - Serializing response for HASH_TASKS message in json mode
[NX v22.5.4 Daemon Server] - 2026-03-13T20:22:37.953Z - Responding to HASH_TASKS message
[NX v22.5.4 Daemon Server] - 2026-03-13T20:22:37.953Z - [REQUEST]: Responding to the client. handleHashTasks
[NX v22.5.4 Daemon Server] - 2026-03-13T20:22:37.954Z - Done responding to the client handleHashTasks
[NX v22.5.4 Daemon Server] - 2026-03-13T20:22:37.954Z - Handled json message HASH_TASKS. Handling time: 9. Response time: 1.
[NX v22.5.4 Daemon Client] - 2026-03-13T20:22:37.954Z - [Messenger] Received message, length: 92603
[NX v22.5.4 Daemon Client] - 2026-03-13T20:22:37.958Z - [Messenger] Sending message type: HASH_TASKS
[NX v22.5.4 Daemon Client] - 2026-03-13T20:22:37.960Z - [Messenger] Message sent
[NX v22.5.4 Daemon Server] - 2026-03-13T20:22:37.981Z - Received raw message of length 1419543
[NX v22.5.4 Daemon Server] - 2026-03-13T20:22:37.986Z - Received json message of type HASH_TASKS
[NX v22.5.4 Daemon Server] - 2026-03-13T20:22:37.987Z - Reusing in-memory cached project graph because no files changed.
DEBUG nx::native::tasks::hash_planner: get_plans_internal COMPLETED in 4.086667ms - processed 1 tasks (setup: 3.74475ms, parallel_planning: 341.708µs)
DEBUG nx::native::tasks::hashers::hash_workspace_files: Hashing workspace fileset with inputs: Adding "14753650797151729951" (".gitignore") to hash
DEBUG nx::native::tasks::hashers::hash_workspace_files: Hashing workspace fileset with inputs: Adding "16727730179561442929" ("nx.json") to hash
DEBUG nx::native::tasks::hashers::hash_workspace_files: Hashing workspace fileset with inputs: Hash Value: "14205410132470996805"
DEBUG nx::native::tasks::task_hasher: hash_plans COMPLETED in 3.262375ms - processed 1 plans (setup: 2.006ms, hashing: 1.256208ms, assembly: 294.625µs)
[NX v22.5.4 Daemon Server] - 2026-03-13T20:22:37.995Z - Serializing response for HASH_TASKS message in json mode
[NX v22.5.4 Daemon Server] - 2026-03-13T20:22:37.995Z - Responding to HASH_TASKS message
[NX v22.5.4 Daemon Server] - 2026-03-13T20:22:37.995Z - [REQUEST]: Responding to the client. handleHashTasks
[NX v22.5.4 Daemon Server] - 2026-03-13T20:22:37.996Z - Done responding to the client handleHashTasks
[NX v22.5.4 Daemon Server] - 2026-03-13T20:22:37.996Z - Handled json message HASH_TASKS. Handling time: 9. Response time: 1.
[NX v22.5.4 Daemon Client] - 2026-03-13T20:22:37.997Z - [Messenger] Received message, length: 95867
[NX v22.5.4 Daemon Client] - 2026-03-13T20:22:38.004Z - [Messenger] Sending message type: HASH_TASKS
[NX v22.5.4 Daemon Client] - 2026-03-13T20:22:38.006Z - [Messenger] Message sent
[NX v22.5.4 Daemon Server] - 2026-03-13T20:22:38.037Z - Received raw message of length 1469023
[NX v22.5.4 Daemon Server] - 2026-03-13T20:22:38.043Z - Received json message of type HASH_TASKS
[NX v22.5.4 Daemon Server] - 2026-03-13T20:22:38.044Z - Reusing in-memory cached project graph because no files changed.
DEBUG nx::native::tasks::hash_planner: get_plans_internal COMPLETED in 4.951667ms - processed 1 tasks (setup: 4.561167ms, parallel_planning: 390.25µs)
DEBUG nx::native::tasks::hashers::hash_workspace_files: Hashing workspace fileset with inputs: Adding "14753650797151729951" (".gitignore") to hash
DEBUG nx::native::tasks::hashers::hash_workspace_files: Hashing workspace fileset with inputs: Adding "16727730179561442929" ("nx.json") to hash
DEBUG nx::native::tasks::hashers::hash_workspace_files: Hashing workspace fileset with inputs: Hash Value: "14205410132470996805"
DEBUG nx::native::tasks::task_hasher: hash_plans COMPLETED in 11.674292ms - processed 1 plans (setup: 853.292µs, hashing: 10.820791ms, assembly: 558.917µs)
[NX v22.5.4 Daemon Server] - 2026-03-13T20:22:38.062Z - Serializing response for HASH_TASKS message in json mode
[NX v22.5.4 Daemon Server] - 2026-03-13T20:22:38.062Z - Responding to HASH_TASKS message
[NX v22.5.4 Daemon Server] - 2026-03-13T20:22:38.062Z - [REQUEST]: Responding to the client. handleHashTasks
[NX v22.5.4 Daemon Server] - 2026-03-13T20:22:38.064Z - Done responding to the client handleHashTasks
[NX v22.5.4 Daemon Server] - 2026-03-13T20:22:38.064Z - Handled json message HASH_TASKS. Handling time: 18. Response time: 2.
[NX v22.5.4 Daemon Client] - 2026-03-13T20:22:38.065Z - [Messenger] Received message, length: 126468
[NX v22.5.4 Daemon Client] - 2026-03-13T20:22:38.071Z - [Messenger] Sending message type: HASH_TASKS
[NX v22.5.4 Daemon Client] - 2026-03-13T20:22:38.074Z - [Messenger] Message sent
[NX v22.5.4 Daemon Server] - 2026-03-13T20:22:38.099Z - Received raw message of length 1520914
[NX v22.5.4 Daemon Server] - 2026-03-13T20:22:38.105Z - Received json message of type HASH_TASKS
[NX v22.5.4 Daemon Server] - 2026-03-13T20:22:38.105Z - Reusing in-memory cached project graph because no files changed.
DEBUG nx::native::tasks::hash_planner: get_plans_internal COMPLETED in 4.521583ms - processed 1 tasks (setup: 4.117583ms, parallel_planning: 403.833µs)
DEBUG nx::native::tasks::hashers::hash_workspace_files: Hashing workspace fileset with inputs: Adding "14753650797151729951" (".gitignore") to hash
DEBUG nx::native::tasks::hashers::hash_workspace_files: Hashing workspace fileset with inputs: Adding "16727730179561442929" ("nx.json") to hash
DEBUG nx::native::tasks::hashers::hash_workspace_files: Hashing workspace fileset with inputs: Hash Value: "14205410132470996805"
DEBUG nx::native::tasks::task_hasher: hash_plans COMPLETED in 2.492625ms - processed 1 plans (setup: 1.091625ms, hashing: 1.400834ms, assembly: 294.333µs)
[NX v22.5.4 Daemon Server] - 2026-03-13T20:22:38.114Z - Serializing response for HASH_TASKS message in json mode
[NX v22.5.4 Daemon Server] - 2026-03-13T20:22:38.114Z - Responding to HASH_TASKS message
[NX v22.5.4 Daemon Server] - 2026-03-13T20:22:38.114Z - [REQUEST]: Responding to the client. handleHashTasks
[NX v22.5.4 Daemon Server] - 2026-03-13T20:22:38.117Z - Done responding to the client handleHashTasks
[NX v22.5.4 Daemon Server] - 2026-03-13T20:22:38.117Z - Handled json message HASH_TASKS. Handling time: 9. Response time: 3.
[NX v22.5.4 Daemon Client] - 2026-03-13T20:22:38.117Z - [Messenger] Received message, length: 91491
[NX v22.5.4 Daemon Client] - 2026-03-13T20:22:38.121Z - [Messenger] Sending message type: HASH_TASKS
[NX v22.5.4 Daemon Client] - 2026-03-13T20:22:38.124Z - [Messenger] Message sent
[NX v22.5.4 Daemon Server] - 2026-03-13T20:22:38.148Z - Received raw message of length 1569829
[NX v22.5.4 Daemon Server] - 2026-03-13T20:22:38.156Z - Received json message of type HASH_TASKS
[NX v22.5.4 Daemon Server] - 2026-03-13T20:22:38.157Z - Reusing in-memory cached project graph because no files changed.
DEBUG nx::native::tasks::hash_planner: get_plans_internal COMPLETED in 5.193083ms - processed 1 tasks (setup: 4.35325ms, parallel_planning: 839.5µs)
DEBUG nx::native::tasks::hashers::hash_workspace_files: Hashing workspace fileset with inputs: Adding "14753650797151729951" (".gitignore") to hash
DEBUG nx::native::tasks::hashers::hash_workspace_files: Hashing workspace fileset with inputs: Adding "16727730179561442929" ("nx.json") to hash
DEBUG nx::native::tasks::hashers::hash_workspace_files: Hashing workspace fileset with inputs: Hash Value: "14205410132470996805"
DEBUG nx::native::tasks::task_hasher: hash_plans COMPLETED in 13.719167ms - processed 1 plans (setup: 11.419084ms, hashing: 2.299708ms, assembly: 546.958µs)
[NX v22.5.4 Daemon Server] - 2026-03-13T20:22:38.177Z - Serializing response for HASH_TASKS message in json mode
[NX v22.5.4 Daemon Server] - 2026-03-13T20:22:38.178Z - Responding to HASH_TASKS message
[NX v22.5.4 Daemon Server] - 2026-03-13T20:22:38.178Z - [REQUEST]: Responding to the client. handleHashTasks
[NX v22.5.4 Daemon Server] - 2026-03-13T20:22:38.183Z - Done responding to the client handleHashTasks
[NX v22.5.4 Daemon Server] - 2026-03-13T20:22:38.183Z - Handled json message HASH_TASKS. Handling time: 21. Response time: 6.
[NX v22.5.4 Daemon Client] - 2026-03-13T20:22:38.183Z - [Messenger] Received message, length: 182296
[NX v22.5.4 Daemon Client] - 2026-03-13T20:22:38.185Z - [Messenger] Sending message type: HASH_TASKS
[NX v22.5.4 Daemon Client] - 2026-03-13T20:22:38.188Z - [Messenger] Message sent
[NX v22.5.4 Daemon Server] - 2026-03-13T20:22:38.244Z - Received raw message of length 1649233
[NX v22.5.4 Daemon Server] - 2026-03-13T20:22:38.251Z - Received json message of type HASH_TASKS
[NX v22.5.4 Daemon Server] - 2026-03-13T20:22:38.251Z - Reusing in-memory cached project graph because no files changed.
DEBUG nx::native::tasks::hash_planner: get_plans_internal COMPLETED in 5.000916ms - processed 1 tasks (setup: 3.651333ms, parallel_planning: 1.349417ms)
DEBUG nx::native::tasks::hashers::hash_workspace_files: Hashing workspace fileset with inputs: Adding "14753650797151729951" (".gitignore") to hash
DEBUG nx::native::tasks::hashers::hash_workspace_files: Hashing workspace fileset with inputs: Adding "16727730179561442929" ("nx.json") to hash
DEBUG nx::native::tasks::hashers::hash_workspace_files: Hashing workspace fileset with inputs: Hash Value: "14205410132470996805"
DEBUG nx::native::tasks::task_hasher: hash_plans COMPLETED in 32.04675ms - processed 1 plans (setup: 1.320167ms, hashing: 30.726417ms, assembly: 589.958µs)
[NX v22.5.4 Daemon Server] - 2026-03-13T20:22:38.290Z - Serializing response for HASH_TASKS message in json mode
[NX v22.5.4 Daemon Server] - 2026-03-13T20:22:38.290Z - Responding to HASH_TASKS message
[NX v22.5.4 Daemon Server] - 2026-03-13T20:22:38.290Z - [REQUEST]: Responding to the client. handleHashTasks
[NX v22.5.4 Daemon Server] - 2026-03-13T20:22:38.294Z - Done responding to the client handleHashTasks
[NX v22.5.4 Daemon Client] - 2026-03-13T20:22:38.294Z - [Messenger] Received message, length: 186799
[NX v22.5.4 Daemon Server] - 2026-03-13T20:22:38.294Z - Handled json message HASH_TASKS. Handling time: 39. Response time: 4.
[NX v22.5.4 Daemon Client] - 2026-03-13T20:22:38.896Z - [Messenger] Sending message type: RECORD_OUTPUTS_HASH
[NX v22.5.4 Daemon Client] - 2026-03-13T20:22:38.896Z - [Messenger] Message sent
[NX v22.5.4 Daemon Server] - 2026-03-13T20:22:38.896Z - Received raw message of length 81
[NX v22.5.4 Daemon Server] - 2026-03-13T20:22:38.896Z - Received json message of type RECORD_OUTPUTS_HASH
[NX v22.5.4 Daemon Server] - 2026-03-13T20:22:38.896Z - Serializing response for RECORD_OUTPUTS_HASH message in json mode
[NX v22.5.4 Daemon Server] - 2026-03-13T20:22:38.896Z - Responding to RECORD_OUTPUTS_HASH message
[NX v22.5.4 Daemon Server] - 2026-03-13T20:22:38.896Z - [REQUEST]: Responding to the client. recordOutputsHash
[NX v22.5.4 Daemon Server] - 2026-03-13T20:22:38.896Z - Done responding to the client recordOutputsHash
[NX v22.5.4 Daemon Server] - 2026-03-13T20:22:38.896Z - Handled json message RECORD_OUTPUTS_HASH. Handling time: 0. Response time: 0.
[NX v22.5.4 Daemon Client] - 2026-03-13T20:22:38.897Z - [Messenger] Received message, length: 2
[NX v22.5.4 Daemon Client] - 2026-03-13T20:22:38.901Z - [Messenger] Sending message type: RECORD_OUTPUTS_HASH
[NX v22.5.4 Daemon Client] - 2026-03-13T20:22:38.901Z - [Messenger] Message sent
[NX v22.5.4 Daemon Server] - 2026-03-13T20:22:38.902Z - Received raw message of length 81
[NX v22.5.4 Daemon Server] - 2026-03-13T20:22:38.902Z - Received json message of type RECORD_OUTPUTS_HASH
[NX v22.5.4 Daemon Server] - 2026-03-13T20:22:38.902Z - Serializing response for RECORD_OUTPUTS_HASH message in json mode
[NX v22.5.4 Daemon Server] - 2026-03-13T20:22:38.902Z - Responding to RECORD_OUTPUTS_HASH message
[NX v22.5.4 Daemon Server] - 2026-03-13T20:22:38.902Z - [REQUEST]: Responding to the client. recordOutputsHash
[NX v22.5.4 Daemon Server] - 2026-03-13T20:22:38.902Z - Done responding to the client recordOutputsHash
[NX v22.5.4 Daemon Server] - 2026-03-13T20:22:38.902Z - Handled json message RECORD_OUTPUTS_HASH. Handling time: 0. Response time: 0.
[NX v22.5.4 Daemon Client] - 2026-03-13T20:22:38.902Z - [Messenger] Received message, length: 2
[NX v22.5.4 Daemon Client] - 2026-03-13T20:22:38.975Z - [Messenger] Sending message type: RECORD_OUTPUTS_HASH
[NX v22.5.4 Daemon Client] - 2026-03-13T20:22:38.975Z - [Messenger] Message sent
[NX v22.5.4 Daemon Server] - 2026-03-13T20:22:38.975Z - Received raw message of length 82
[NX v22.5.4 Daemon Server] - 2026-03-13T20:22:38.975Z - Received json message of type RECORD_OUTPUTS_HASH
[NX v22.5.4 Daemon Server] - 2026-03-13T20:22:38.975Z - Serializing response for RECORD_OUTPUTS_HASH message in json mode
[NX v22.5.4 Daemon Server] - 2026-03-13T20:22:38.975Z - Responding to RECORD_OUTPUTS_HASH message
[NX v22.5.4 Daemon Server] - 2026-03-13T20:22:38.975Z - [REQUEST]: Responding to the client. recordOutputsHash
[NX v22.5.4 Daemon Server] - 2026-03-13T20:22:38.975Z - Done responding to the client recordOutputsHash
[NX v22.5.4 Daemon Server] - 2026-03-13T20:22:38.975Z - Handled json message RECORD_OUTPUTS_HASH. Handling time: 0. Response time: 0.
[NX v22.5.4 Daemon Client] - 2026-03-13T20:22:38.975Z - [Messenger] Received message, length: 2
[NX v22.5.4 Daemon Server] - 2026-03-13T20:22:39.312Z - [NX-CONSOLE]: Successfully pulled latest Nx to /var/folders/x5/g3ht8mrd3z34nssjq5gb4t880000gn/T/tmp-76268-DqxBCUBRvKQf
[NX v22.5.4 Daemon Server] - 2026-03-13T20:22:39.368Z - [NX-CONSOLE]: Using local implementation (NX_USE_LOCAL=true or inner call)
DEBUG nx::native::ide::install: Detected editor: Unknown
[NX v22.5.4 Daemon Server] - 2026-03-13T20:22:39.368Z - [NX-CONSOLE]: Console status check completed, shouldPrompt: false
[NX v22.5.4 Daemon Client] - 2026-03-13T20:22:40.459Z - [Messenger] Sending message type: RECORD_OUTPUTS_HASH
[NX v22.5.4 Daemon Client] - 2026-03-13T20:22:40.459Z - [Messenger] Message sent
[NX v22.5.4 Daemon Server] - 2026-03-13T20:22:40.460Z - Received raw message of length 81
[NX v22.5.4 Daemon Server] - 2026-03-13T20:22:40.460Z - Received json message of type RECORD_OUTPUTS_HASH
[NX v22.5.4 Daemon Server] - 2026-03-13T20:22:40.460Z - Serializing response for RECORD_OUTPUTS_HASH message in json mode
[NX v22.5.4 Daemon Server] - 2026-03-13T20:22:40.460Z - Responding to RECORD_OUTPUTS_HASH message
[NX v22.5.4 Daemon Server] - 2026-03-13T20:22:40.460Z - [REQUEST]: Responding to the client. recordOutputsHash
[NX v22.5.4 Daemon Server] - 2026-03-13T20:22:40.460Z - Done responding to the client recordOutputsHash
[NX v22.5.4 Daemon Server] - 2026-03-13T20:22:40.460Z - Handled json message RECORD_OUTPUTS_HASH. Handling time: 0. Response time: 0.
[NX v22.5.4 Daemon Client] - 2026-03-13T20:22:40.460Z - [Messenger] Received message, length: 2
[NX v22.5.4 Daemon Client] - 2026-03-13T20:22:40.517Z - [Messenger] Sending message type: RECORD_OUTPUTS_HASH
[NX v22.5.4 Daemon Client] - 2026-03-13T20:22:40.517Z - [Messenger] Message sent
[NX v22.5.4 Daemon Server] - 2026-03-13T20:22:40.517Z - Received raw message of length 82
[NX v22.5.4 Daemon Server] - 2026-03-13T20:22:40.517Z - Received json message of type RECORD_OUTPUTS_HASH
[NX v22.5.4 Daemon Server] - 2026-03-13T20:22:40.517Z - Serializing response for RECORD_OUTPUTS_HASH message in json mode
[NX v22.5.4 Daemon Server] - 2026-03-13T20:22:40.517Z - Responding to RECORD_OUTPUTS_HASH message
[NX v22.5.4 Daemon Server] - 2026-03-13T20:22:40.517Z - [REQUEST]: Responding to the client. recordOutputsHash
[NX v22.5.4 Daemon Server] - 2026-03-13T20:22:40.517Z - Done responding to the client recordOutputsHash
[NX v22.5.4 Daemon Server] - 2026-03-13T20:22:40.517Z - Handled json message RECORD_OUTPUTS_HASH. Handling time: 0. Response time: 0.
[NX v22.5.4 Daemon Client] - 2026-03-13T20:22:40.517Z - [Messenger] Received message, length: 2
[NX v22.5.4 Daemon Client] - 2026-03-13T20:22:40.816Z - [Messenger] Sending message type: RECORD_OUTPUTS_HASH
[NX v22.5.4 Daemon Client] - 2026-03-13T20:22:40.817Z - [Messenger] Message sent
[NX v22.5.4 Daemon Server] - 2026-03-13T20:22:40.817Z - Received raw message of length 82
[NX v22.5.4 Daemon Server] - 2026-03-13T20:22:40.817Z - Received json message of type RECORD_OUTPUTS_HASH
[NX v22.5.4 Daemon Server] - 2026-03-13T20:22:40.817Z - Serializing response for RECORD_OUTPUTS_HASH message in json mode
[NX v22.5.4 Daemon Server] - 2026-03-13T20:22:40.817Z - Responding to RECORD_OUTPUTS_HASH message
[NX v22.5.4 Daemon Server] - 2026-03-13T20:22:40.817Z - [REQUEST]: Responding to the client. recordOutputsHash
[NX v22.5.4 Daemon Server] - 2026-03-13T20:22:40.817Z - Done responding to the client recordOutputsHash
[NX v22.5.4 Daemon Server] - 2026-03-13T20:22:40.817Z - Handled json message RECORD_OUTPUTS_HASH. Handling time: 0. Response time: 0.
[NX v22.5.4 Daemon Client] - 2026-03-13T20:22:40.817Z - [Messenger] Received message, length: 2
[NX v22.5.4 Daemon Client] - 2026-03-13T20:22:42.010Z - [Messenger] Sending message type: RECORD_OUTPUTS_HASH
[NX v22.5.4 Daemon Client] - 2026-03-13T20:22:42.010Z - [Messenger] Message sent
[NX v22.5.4 Daemon Server] - 2026-03-13T20:22:42.010Z - Received raw message of length 81
[NX v22.5.4 Daemon Server] - 2026-03-13T20:22:42.010Z - Received json message of type RECORD_OUTPUTS_HASH
[NX v22.5.4 Daemon Server] - 2026-03-13T20:22:42.010Z - Serializing response for RECORD_OUTPUTS_HASH message in json mode
[NX v22.5.4 Daemon Server] - 2026-03-13T20:22:42.010Z - Responding to RECORD_OUTPUTS_HASH message
[NX v22.5.4 Daemon Server] - 2026-03-13T20:22:42.010Z - [REQUEST]: Responding to the client. recordOutputsHash
[NX v22.5.4 Daemon Server] - 2026-03-13T20:22:42.010Z - Done responding to the client recordOutputsHash
[NX v22.5.4 Daemon Server] - 2026-03-13T20:22:42.010Z - Handled json message RECORD_OUTPUTS_HASH. Handling time: 0. Response time: 0.
[NX v22.5.4 Daemon Client] - 2026-03-13T20:22:42.010Z - [Messenger] Received message, length: 2
[NX v22.5.4 Daemon Client] - 2026-03-13T20:22:42.116Z - [Messenger] Sending message type: RECORD_OUTPUTS_HASH
[NX v22.5.4 Daemon Client] - 2026-03-13T20:22:42.116Z - [Messenger] Message sent
[NX v22.5.4 Daemon Server] - 2026-03-13T20:22:42.116Z - Received raw message of length 81
[NX v22.5.4 Daemon Server] - 2026-03-13T20:22:42.116Z - Received json message of type RECORD_OUTPUTS_HASH
[NX v22.5.4 Daemon Server] - 2026-03-13T20:22:42.116Z - Serializing response for RECORD_OUTPUTS_HASH message in json mode
[NX v22.5.4 Daemon Server] - 2026-03-13T20:22:42.116Z - Responding to RECORD_OUTPUTS_HASH message
[NX v22.5.4 Daemon Server] - 2026-03-13T20:22:42.116Z - [REQUEST]: Responding to the client. recordOutputsHash
[NX v22.5.4 Daemon Server] - 2026-03-13T20:22:42.116Z - Done responding to the client recordOutputsHash
[NX v22.5.4 Daemon Server] - 2026-03-13T20:22:42.116Z - Handled json message RECORD_OUTPUTS_HASH. Handling time: 0. Response time: 0.
[NX v22.5.4 Daemon Client] - 2026-03-13T20:22:42.116Z - [Messenger] Received message, length: 2
[NX v22.5.4 Daemon Client] - 2026-03-13T20:22:42.293Z - [Messenger] Sending message type: RECORD_OUTPUTS_HASH
[NX v22.5.4 Daemon Client] - 2026-03-13T20:22:42.293Z - [Messenger] Message sent
[NX v22.5.4 Daemon Server] - 2026-03-13T20:22:42.293Z - Received raw message of length 82
[NX v22.5.4 Daemon Server] - 2026-03-13T20:22:42.293Z - Received json message of type RECORD_OUTPUTS_HASH
[NX v22.5.4 Daemon Server] - 2026-03-13T20:22:42.293Z - Serializing response for RECORD_OUTPUTS_HASH message in json mode
[NX v22.5.4 Daemon Server] - 2026-03-13T20:22:42.293Z - Responding to RECORD_OUTPUTS_HASH message
[NX v22.5.4 Daemon Server] - 2026-03-13T20:22:42.293Z - [REQUEST]: Responding to the client. recordOutputsHash
[NX v22.5.4 Daemon Server] - 2026-03-13T20:22:42.293Z - Done responding to the client recordOutputsHash
[NX v22.5.4 Daemon Server] - 2026-03-13T20:22:42.293Z - Handled json message RECORD_OUTPUTS_HASH. Handling time: 0. Response time: 0.
[NX v22.5.4 Daemon Client] - 2026-03-13T20:22:42.293Z - [Messenger] Received message, length: 2
[NX v22.5.4 Daemon Client] - 2026-03-13T20:22:43.497Z - [Messenger] Sending message type: RECORD_OUTPUTS_HASH
[NX v22.5.4 Daemon Client] - 2026-03-13T20:22:43.498Z - [Messenger] Message sent
[NX v22.5.4 Daemon Server] - 2026-03-13T20:22:43.498Z - Received raw message of length 82
[NX v22.5.4 Daemon Server] - 2026-03-13T20:22:43.498Z - Received json message of type RECORD_OUTPUTS_HASH
[NX v22.5.4 Daemon Server] - 2026-03-13T20:22:43.498Z - Serializing response for RECORD_OUTPUTS_HASH message in json mode
[NX v22.5.4 Daemon Server] - 2026-03-13T20:22:43.498Z - Responding to RECORD_OUTPUTS_HASH message
[NX v22.5.4 Daemon Server] - 2026-03-13T20:22:43.498Z - [REQUEST]: Responding to the client. recordOutputsHash
[NX v22.5.4 Daemon Server] - 2026-03-13T20:22:43.498Z - Done responding to the client recordOutputsHash
[NX v22.5.4 Daemon Server] - 2026-03-13T20:22:43.498Z - Handled json message RECORD_OUTPUTS_HASH. Handling time: 0. Response time: 0.
[NX v22.5.4 Daemon Client] - 2026-03-13T20:22:43.498Z - [Messenger] Received message, length: 2
[NX v22.5.4 Daemon Client] - 2026-03-13T20:22:43.715Z - [Messenger] Sending message type: RECORD_OUTPUTS_HASH
[NX v22.5.4 Daemon Client] - 2026-03-13T20:22:43.716Z - [Messenger] Message sent
[NX v22.5.4 Daemon Server] - 2026-03-13T20:22:43.716Z - Received raw message of length 82
[NX v22.5.4 Daemon Server] - 2026-03-13T20:22:43.717Z - Received json message of type RECORD_OUTPUTS_HASH
[NX v22.5.4 Daemon Server] - 2026-03-13T20:22:43.717Z - Serializing response for RECORD_OUTPUTS_HASH message in json mode
[NX v22.5.4 Daemon Server] - 2026-03-13T20:22:43.717Z - Responding to RECORD_OUTPUTS_HASH message
[NX v22.5.4 Daemon Server] - 2026-03-13T20:22:43.717Z - [REQUEST]: Responding to the client. recordOutputsHash
[NX v22.5.4 Daemon Server] - 2026-03-13T20:22:43.717Z - Done responding to the client recordOutputsHash
[NX v22.5.4 Daemon Server] - 2026-03-13T20:22:43.717Z - Handled json message RECORD_OUTPUTS_HASH. Handling time: 0. Response time: 0.
[NX v22.5.4 Daemon Client] - 2026-03-13T20:22:43.719Z - [Messenger] Received message, length: 2
[NX v22.5.4 Daemon Client] - 2026-03-13T20:22:43.865Z - [Messenger] Sending message type: RECORD_OUTPUTS_HASH
[NX v22.5.4 Daemon Client] - 2026-03-13T20:22:43.865Z - [Messenger] Message sent
[NX v22.5.4 Daemon Server] - 2026-03-13T20:22:43.865Z - Received raw message of length 81
[NX v22.5.4 Daemon Server] - 2026-03-13T20:22:43.865Z - Received json message of type RECORD_OUTPUTS_HASH
[NX v22.5.4 Daemon Server] - 2026-03-13T20:22:43.865Z - Serializing response for RECORD_OUTPUTS_HASH message in json mode
[NX v22.5.4 Daemon Server] - 2026-03-13T20:22:43.865Z - Responding to RECORD_OUTPUTS_HASH message
[NX v22.5.4 Daemon Server] - 2026-03-13T20:22:43.865Z - [REQUEST]: Responding to the client. recordOutputsHash
[NX v22.5.4 Daemon Server] - 2026-03-13T20:22:43.865Z - Done responding to the client recordOutputsHash
[NX v22.5.4 Daemon Server] - 2026-03-13T20:22:43.865Z - Handled json message RECORD_OUTPUTS_HASH. Handling time: 0. Response time: 0.
[NX v22.5.4 Daemon Client] - 2026-03-13T20:22:43.866Z - [Messenger] Received message, length: 2
[NX v22.5.4 Daemon Client] - 2026-03-13T20:22:45.196Z - [Messenger] Sending message type: RECORD_OUTPUTS_HASH
[NX v22.5.4 Daemon Client] - 2026-03-13T20:22:45.196Z - [Messenger] Message sent
[NX v22.5.4 Daemon Server] - 2026-03-13T20:22:45.197Z - Received raw message of length 81
[NX v22.5.4 Daemon Server] - 2026-03-13T20:22:45.197Z - Received json message of type RECORD_OUTPUTS_HASH
[NX v22.5.4 Daemon Server] - 2026-03-13T20:22:45.197Z - Serializing response for RECORD_OUTPUTS_HASH message in json mode
[NX v22.5.4 Daemon Server] - 2026-03-13T20:22:45.197Z - Responding to RECORD_OUTPUTS_HASH message
[NX v22.5.4 Daemon Server] - 2026-03-13T20:22:45.197Z - [REQUEST]: Responding to the client. recordOutputsHash
[NX v22.5.4 Daemon Server] - 2026-03-13T20:22:45.197Z - Done responding to the client recordOutputsHash
[NX v22.5.4 Daemon Server] - 2026-03-13T20:22:45.197Z - Handled json message RECORD_OUTPUTS_HASH. Handling time: 0. Response time: 0.
[NX v22.5.4 Daemon Client] - 2026-03-13T20:22:45.197Z - [Messenger] Received message, length: 2
[NX v22.5.4 Daemon Client] - 2026-03-13T20:22:45.306Z - [Messenger] Sending message type: RECORD_OUTPUTS_HASH
[NX v22.5.4 Daemon Client] - 2026-03-13T20:22:45.307Z - [Messenger] Message sent
[NX v22.5.4 Daemon Server] - 2026-03-13T20:22:45.307Z - Received raw message of length 81
[NX v22.5.4 Daemon Server] - 2026-03-13T20:22:45.307Z - Received json message of type RECORD_OUTPUTS_HASH
[NX v22.5.4 Daemon Server] - 2026-03-13T20:22:45.307Z - Serializing response for RECORD_OUTPUTS_HASH message in json mode
[NX v22.5.4 Daemon Server] - 2026-03-13T20:22:45.307Z - Responding to RECORD_OUTPUTS_HASH message
[NX v22.5.4 Daemon Server] - 2026-03-13T20:22:45.307Z - [REQUEST]: Responding to the client. recordOutputsHash
[NX v22.5.4 Daemon Server] - 2026-03-13T20:22:45.307Z - Done responding to the client recordOutputsHash
[NX v22.5.4 Daemon Server] - 2026-03-13T20:22:45.307Z - Handled json message RECORD_OUTPUTS_HASH. Handling time: 0. Response time: 0.
[NX v22.5.4 Daemon Client] - 2026-03-13T20:22:45.307Z - [Messenger] Received message, length: 2
[NX v22.5.4 Daemon Client] - 2026-03-13T20:22:45.466Z - [Messenger] Sending message type: RECORD_OUTPUTS_HASH
[NX v22.5.4 Daemon Client] - 2026-03-13T20:22:45.466Z - [Messenger] Message sent
[NX v22.5.4 Daemon Server] - 2026-03-13T20:22:45.466Z - Received raw message of length 82
[NX v22.5.4 Daemon Server] - 2026-03-13T20:22:45.466Z - Received json message of type RECORD_OUTPUTS_HASH
[NX v22.5.4 Daemon Server] - 2026-03-13T20:22:45.466Z - Serializing response for RECORD_OUTPUTS_HASH message in json mode
[NX v22.5.4 Daemon Server] - 2026-03-13T20:22:45.466Z - Responding to RECORD_OUTPUTS_HASH message
[NX v22.5.4 Daemon Server] - 2026-03-13T20:22:45.466Z - [REQUEST]: Responding to the client. recordOutputsHash
[NX v22.5.4 Daemon Server] - 2026-03-13T20:22:45.466Z - Done responding to the client recordOutputsHash
[NX v22.5.4 Daemon Server] - 2026-03-13T20:22:45.466Z - Handled json message RECORD_OUTPUTS_HASH. Handling time: 0. Response time: 0.
[NX v22.5.4 Daemon Client] - 2026-03-13T20:22:45.466Z - [Messenger] Received message, length: 2
[NX v22.5.4 Daemon Client] - 2026-03-13T20:22:46.758Z - [Messenger] Sending message type: RECORD_OUTPUTS_HASH
[NX v22.5.4 Daemon Client] - 2026-03-13T20:22:46.758Z - [Messenger] Message sent
[NX v22.5.4 Daemon Server] - 2026-03-13T20:22:46.760Z - Received raw message of length 81
[NX v22.5.4 Daemon Server] - 2026-03-13T20:22:46.761Z - Received json message of type RECORD_OUTPUTS_HASH
[NX v22.5.4 Daemon Server] - 2026-03-13T20:22:46.761Z - Serializing response for RECORD_OUTPUTS_HASH message in json mode
[NX v22.5.4 Daemon Server] - 2026-03-13T20:22:46.761Z - Responding to RECORD_OUTPUTS_HASH message
[NX v22.5.4 Daemon Server] - 2026-03-13T20:22:46.761Z - [REQUEST]: Responding to the client. recordOutputsHash
[NX v22.5.4 Daemon Server] - 2026-03-13T20:22:46.761Z - Done responding to the client recordOutputsHash
[NX v22.5.4 Daemon Server] - 2026-03-13T20:22:46.761Z - Handled json message RECORD_OUTPUTS_HASH. Handling time: 0. Response time: 0.
[NX v22.5.4 Daemon Client] - 2026-03-13T20:22:46.761Z - [Messenger] Received message, length: 2
[NX v22.5.4 Daemon Client] - 2026-03-13T20:22:46.819Z - [Messenger] Sending message type: RECORD_OUTPUTS_HASH
[NX v22.5.4 Daemon Client] - 2026-03-13T20:22:46.819Z - [Messenger] Message sent
[NX v22.5.4 Daemon Server] - 2026-03-13T20:22:46.819Z - Received raw message of length 81
[NX v22.5.4 Daemon Server] - 2026-03-13T20:22:46.819Z - Received json message of type RECORD_OUTPUTS_HASH
[NX v22.5.4 Daemon Server] - 2026-03-13T20:22:46.819Z - Serializing response for RECORD_OUTPUTS_HASH message in json mode
[NX v22.5.4 Daemon Server] - 2026-03-13T20:22:46.819Z - Responding to RECORD_OUTPUTS_HASH message
[NX v22.5.4 Daemon Server] - 2026-03-13T20:22:46.819Z - [REQUEST]: Responding to the client. recordOutputsHash
[NX v22.5.4 Daemon Server] - 2026-03-13T20:22:46.819Z - Done responding to the client recordOutputsHash
[NX v22.5.4 Daemon Server] - 2026-03-13T20:22:46.819Z - Handled json message RECORD_OUTPUTS_HASH. Handling time: 0. Response time: 0.
[NX v22.5.4 Daemon Client] - 2026-03-13T20:22:46.819Z - [Messenger] Received message, length: 2
[NX v22.5.4 Daemon Client] - 2026-03-13T20:22:47.457Z - [Messenger] Sending message type: RECORD_OUTPUTS_HASH
[NX v22.5.4 Daemon Client] - 2026-03-13T20:22:47.457Z - [Messenger] Message sent
[NX v22.5.4 Daemon Server] - 2026-03-13T20:22:47.457Z - Received raw message of length 81
[NX v22.5.4 Daemon Server] - 2026-03-13T20:22:47.457Z - Received json message of type RECORD_OUTPUTS_HASH
[NX v22.5.4 Daemon Server] - 2026-03-13T20:22:47.457Z - Serializing response for RECORD_OUTPUTS_HASH message in json mode
[NX v22.5.4 Daemon Server] - 2026-03-13T20:22:47.457Z - Responding to RECORD_OUTPUTS_HASH message
[NX v22.5.4 Daemon Server] - 2026-03-13T20:22:47.457Z - [REQUEST]: Responding to the client. recordOutputsHash
[NX v22.5.4 Daemon Server] - 2026-03-13T20:22:47.457Z - Done responding to the client recordOutputsHash
[NX v22.5.4 Daemon Server] - 2026-03-13T20:22:47.457Z - Handled json message RECORD_OUTPUTS_HASH. Handling time: 0. Response time: 0.
[NX v22.5.4 Daemon Client] - 2026-03-13T20:22:47.457Z - [Messenger] Received message, length: 2
[NX v22.5.4 Daemon Client] - 2026-03-13T20:22:48.603Z - [Messenger] Sending message type: RECORD_OUTPUTS_HASH
[NX v22.5.4 Daemon Client] - 2026-03-13T20:22:48.603Z - [Messenger] Message sent
[NX v22.5.4 Daemon Server] - 2026-03-13T20:22:48.603Z - Received raw message of length 82
[NX v22.5.4 Daemon Server] - 2026-03-13T20:22:48.603Z - Received json message of type RECORD_OUTPUTS_HASH
[NX v22.5.4 Daemon Server] - 2026-03-13T20:22:48.603Z - Serializing response for RECORD_OUTPUTS_HASH message in json mode
[NX v22.5.4 Daemon Server] - 2026-03-13T20:22:48.603Z - Responding to RECORD_OUTPUTS_HASH message
[NX v22.5.4 Daemon Server] - 2026-03-13T20:22:48.603Z - [REQUEST]: Responding to the client. recordOutputsHash
[NX v22.5.4 Daemon Server] - 2026-03-13T20:22:48.603Z - Done responding to the client recordOutputsHash
[NX v22.5.4 Daemon Server] - 2026-03-13T20:22:48.603Z - Handled json message RECORD_OUTPUTS_HASH. Handling time: 0. Response time: 0.
[NX v22.5.4 Daemon Client] - 2026-03-13T20:22:48.603Z - [Messenger] Received message, length: 2
[NX v22.5.4 Daemon Client] - 2026-03-13T20:22:48.646Z - [Messenger] Sending message type: RECORD_OUTPUTS_HASH
[NX v22.5.4 Daemon Client] - 2026-03-13T20:22:48.646Z - [Messenger] Message sent
[NX v22.5.4 Daemon Server] - 2026-03-13T20:22:48.647Z - Received raw message of length 81
[NX v22.5.4 Daemon Server] - 2026-03-13T20:22:48.647Z - Received json message of type RECORD_OUTPUTS_HASH
[NX v22.5.4 Daemon Server] - 2026-03-13T20:22:48.647Z - Serializing response for RECORD_OUTPUTS_HASH message in json mode
[NX v22.5.4 Daemon Server] - 2026-03-13T20:22:48.647Z - Responding to RECORD_OUTPUTS_HASH message
[NX v22.5.4 Daemon Server] - 2026-03-13T20:22:48.647Z - [REQUEST]: Responding to the client. recordOutputsHash
[NX v22.5.4 Daemon Server] - 2026-03-13T20:22:48.647Z - Done responding to the client recordOutputsHash
[NX v22.5.4 Daemon Server] - 2026-03-13T20:22:48.647Z - Handled json message RECORD_OUTPUTS_HASH. Handling time: 0. Response time: 0.
[NX v22.5.4 Daemon Client] - 2026-03-13T20:22:48.647Z - [Messenger] Received message, length: 2
[NX v22.5.4 Daemon Client] - 2026-03-13T20:22:49.062Z - [Messenger] Sending message type: RECORD_OUTPUTS_HASH
[NX v22.5.4 Daemon Client] - 2026-03-13T20:22:49.062Z - [Messenger] Message sent
[NX v22.5.4 Daemon Server] - 2026-03-13T20:22:49.062Z - Received raw message of length 81
[NX v22.5.4 Daemon Server] - 2026-03-13T20:22:49.063Z - Received json message of type RECORD_OUTPUTS_HASH
[NX v22.5.4 Daemon Server] - 2026-03-13T20:22:49.063Z - Serializing response for RECORD_OUTPUTS_HASH message in json mode
[NX v22.5.4 Daemon Server] - 2026-03-13T20:22:49.063Z - Responding to RECORD_OUTPUTS_HASH message
[NX v22.5.4 Daemon Server] - 2026-03-13T20:22:49.063Z - [REQUEST]: Responding to the client. recordOutputsHash
[NX v22.5.4 Daemon Server] - 2026-03-13T20:22:49.063Z - Done responding to the client recordOutputsHash
[NX v22.5.4 Daemon Server] - 2026-03-13T20:22:49.063Z - Handled json message RECORD_OUTPUTS_HASH. Handling time: 0. Response time: 0.
[NX v22.5.4 Daemon Client] - 2026-03-13T20:22:49.063Z - [Messenger] Received message, length: 2
[NX v22.5.4 Daemon Client] - 2026-03-13T20:22:50.376Z - [Messenger] Sending message type: RECORD_OUTPUTS_HASH
[NX v22.5.4 Daemon Server] - 2026-03-13T20:22:50.376Z - Received raw message of length 82
[NX v22.5.4 Daemon Server] - 2026-03-13T20:22:50.376Z - Received json message of type RECORD_OUTPUTS_HASH
[NX v22.5.4 Daemon Server] - 2026-03-13T20:22:50.376Z - Serializing response for RECORD_OUTPUTS_HASH message in json mode
[NX v22.5.4 Daemon Server] - 2026-03-13T20:22:50.376Z - Responding to RECORD_OUTPUTS_HASH message
[NX v22.5.4 Daemon Server] - 2026-03-13T20:22:50.376Z - [REQUEST]: Responding to the client. recordOutputsHash
[NX v22.5.4 Daemon Server] - 2026-03-13T20:22:50.376Z - Done responding to the client recordOutputsHash
[NX v22.5.4 Daemon Server] - 2026-03-13T20:22:50.376Z - Handled json message RECORD_OUTPUTS_HASH. Handling time: 0. Response time: 0.
[NX v22.5.4 Daemon Client] - 2026-03-13T20:22:50.376Z - [Messenger] Message sent
[NX v22.5.4 Daemon Client] - 2026-03-13T20:22:50.376Z - [Messenger] Received message, length: 2
[NX v22.5.4 Daemon Client] - 2026-03-13T20:22:50.426Z - [Messenger] Sending message type: RECORD_OUTPUTS_HASH
[NX v22.5.4 Daemon Client] - 2026-03-13T20:22:50.426Z - [Messenger] Message sent
[NX v22.5.4 Daemon Server] - 2026-03-13T20:22:50.427Z - Received raw message of length 81
[NX v22.5.4 Daemon Server] - 2026-03-13T20:22:50.427Z - Received json message of type RECORD_OUTPUTS_HASH
[NX v22.5.4 Daemon Server] - 2026-03-13T20:22:50.427Z - Serializing response for RECORD_OUTPUTS_HASH message in json mode
[NX v22.5.4 Daemon Server] - 2026-03-13T20:22:50.427Z - Responding to RECORD_OUTPUTS_HASH message
[NX v22.5.4 Daemon Server] - 2026-03-13T20:22:50.427Z - [REQUEST]: Responding to the client. recordOutputsHash
[NX v22.5.4 Daemon Server] - 2026-03-13T20:22:50.427Z - Done responding to the client recordOutputsHash
[NX v22.5.4 Daemon Server] - 2026-03-13T20:22:50.427Z - Handled json message RECORD_OUTPUTS_HASH. Handling time: 0. Response time: 0.
[NX v22.5.4 Daemon Client] - 2026-03-13T20:22:50.427Z - [Messenger] Received message, length: 2
[NX v22.5.4 Daemon Client] - 2026-03-13T20:22:50.852Z - [Messenger] Sending message type: RECORD_OUTPUTS_HASH
[NX v22.5.4 Daemon Client] - 2026-03-13T20:22:50.852Z - [Messenger] Message sent
[NX v22.5.4 Daemon Server] - 2026-03-13T20:22:50.856Z - Received raw message of length 81
[NX v22.5.4 Daemon Server] - 2026-03-13T20:22:50.856Z - Received json message of type RECORD_OUTPUTS_HASH
[NX v22.5.4 Daemon Server] - 2026-03-13T20:22:50.856Z - Serializing response for RECORD_OUTPUTS_HASH message in json mode
[NX v22.5.4 Daemon Server] - 2026-03-13T20:22:50.856Z - Responding to RECORD_OUTPUTS_HASH message
[NX v22.5.4 Daemon Server] - 2026-03-13T20:22:50.856Z - [REQUEST]: Responding to the client. recordOutputsHash
[NX v22.5.4 Daemon Server] - 2026-03-13T20:22:50.856Z - Done responding to the client recordOutputsHash
[NX v22.5.4 Daemon Server] - 2026-03-13T20:22:50.857Z - Handled json message RECORD_OUTPUTS_HASH. Handling time: 0. Response time: 1.
[NX v22.5.4 Daemon Client] - 2026-03-13T20:22:50.857Z - [Messenger] Received message, length: 2
[NX v22.5.4 Daemon Client] - 2026-03-13T20:22:52.207Z - [Messenger] Sending message type: RECORD_OUTPUTS_HASH
[NX v22.5.4 Daemon Client] - 2026-03-13T20:22:52.207Z - [Messenger] Message sent
[NX v22.5.4 Daemon Server] - 2026-03-13T20:22:52.207Z - Received raw message of length 82
[NX v22.5.4 Daemon Server] - 2026-03-13T20:22:52.207Z - Received json message of type RECORD_OUTPUTS_HASH
[NX v22.5.4 Daemon Server] - 2026-03-13T20:22:52.207Z - Serializing response for RECORD_OUTPUTS_HASH message in json mode
[NX v22.5.4 Daemon Server] - 2026-03-13T20:22:52.207Z - Responding to RECORD_OUTPUTS_HASH message
[NX v22.5.4 Daemon Server] - 2026-03-13T20:22:52.207Z - [REQUEST]: Responding to the client. recordOutputsHash
[NX v22.5.4 Daemon Server] - 2026-03-13T20:22:52.207Z - Done responding to the client recordOutputsHash
[NX v22.5.4 Daemon Server] - 2026-03-13T20:22:52.207Z - Handled json message RECORD_OUTPUTS_HASH. Handling time: 0. Response time: 0.
[NX v22.5.4 Daemon Client] - 2026-03-13T20:22:52.208Z - [Messenger] Received message, length: 2
[NX v22.5.4 Daemon Client] - 2026-03-13T20:22:52.572Z - [Messenger] Sending message type: RECORD_OUTPUTS_HASH
[NX v22.5.4 Daemon Client] - 2026-03-13T20:22:52.572Z - [Messenger] Message sent
[NX v22.5.4 Daemon Server] - 2026-03-13T20:22:52.572Z - Received raw message of length 82
[NX v22.5.4 Daemon Server] - 2026-03-13T20:22:52.572Z - Received json message of type RECORD_OUTPUTS_HASH
[NX v22.5.4 Daemon Server] - 2026-03-13T20:22:52.572Z - Serializing response for RECORD_OUTPUTS_HASH message in json mode
[NX v22.5.4 Daemon Server] - 2026-03-13T20:22:52.572Z - Responding to RECORD_OUTPUTS_HASH message
[NX v22.5.4 Daemon Server] - 2026-03-13T20:22:52.572Z - [REQUEST]: Responding to the client. recordOutputsHash
[NX v22.5.4 Daemon Server] - 2026-03-13T20:22:52.572Z - Done responding to the client recordOutputsHash
[NX v22.5.4 Daemon Server] - 2026-03-13T20:22:52.572Z - Handled json message RECORD_OUTPUTS_HASH. Handling time: 0. Response time: 0.
[NX v22.5.4 Daemon Client] - 2026-03-13T20:22:52.572Z - [Messenger] Received message, length: 2
[NX v22.5.4 Daemon Client] - 2026-03-13T20:22:52.778Z - [Messenger] Sending message type: RECORD_OUTPUTS_HASH
[NX v22.5.4 Daemon Client] - 2026-03-13T20:22:52.778Z - [Messenger] Message sent
[NX v22.5.4 Daemon Server] - 2026-03-13T20:22:52.778Z - Received raw message of length 82
[NX v22.5.4 Daemon Server] - 2026-03-13T20:22:52.778Z - Received json message of type RECORD_OUTPUTS_HASH
[NX v22.5.4 Daemon Server] - 2026-03-13T20:22:52.778Z - Serializing response for RECORD_OUTPUTS_HASH message in json mode
[NX v22.5.4 Daemon Server] - 2026-03-13T20:22:52.778Z - Responding to RECORD_OUTPUTS_HASH message
[NX v22.5.4 Daemon Server] - 2026-03-13T20:22:52.778Z - [REQUEST]: Responding to the client. recordOutputsHash
[NX v22.5.4 Daemon Server] - 2026-03-13T20:22:52.778Z - Done responding to the client recordOutputsHash
[NX v22.5.4 Daemon Server] - 2026-03-13T20:22:52.779Z - Handled json message RECORD_OUTPUTS_HASH. Handling time: 0. Response time: 1.
[NX v22.5.4 Daemon Client] - 2026-03-13T20:22:52.779Z - [Messenger] Received message, length: 2
[NX v22.5.4 Daemon Client] - 2026-03-13T20:22:54.003Z - [Messenger] Sending message type: RECORD_OUTPUTS_HASH
[NX v22.5.4 Daemon Client] - 2026-03-13T20:22:54.003Z - [Messenger] Message sent
[NX v22.5.4 Daemon Server] - 2026-03-13T20:22:54.007Z - Received raw message of length 80
[NX v22.5.4 Daemon Server] - 2026-03-13T20:22:54.007Z - Received json message of type RECORD_OUTPUTS_HASH
[NX v22.5.4 Daemon Server] - 2026-03-13T20:22:54.007Z - Serializing response for RECORD_OUTPUTS_HASH message in json mode
[NX v22.5.4 Daemon Server] - 2026-03-13T20:22:54.007Z - Responding to RECORD_OUTPUTS_HASH message
[NX v22.5.4 Daemon Server] - 2026-03-13T20:22:54.007Z - [REQUEST]: Responding to the client. recordOutputsHash
[NX v22.5.4 Daemon Server] - 2026-03-13T20:22:54.007Z - Done responding to the client recordOutputsHash
[NX v22.5.4 Daemon Server] - 2026-03-13T20:22:54.007Z - Handled json message RECORD_OUTPUTS_HASH. Handling time: 0. Response time: 0.
[NX v22.5.4 Daemon Client] - 2026-03-13T20:22:54.007Z - [Messenger] Received message, length: 2
[NX v22.5.4 Daemon Client] - 2026-03-13T20:22:54.619Z - [Messenger] Sending message type: RECORD_OUTPUTS_HASH
[NX v22.5.4 Daemon Client] - 2026-03-13T20:22:54.619Z - [Messenger] Message sent
[NX v22.5.4 Daemon Server] - 2026-03-13T20:22:54.620Z - Received raw message of length 82
[NX v22.5.4 Daemon Server] - 2026-03-13T20:22:54.620Z - Received json message of type RECORD_OUTPUTS_HASH
[NX v22.5.4 Daemon Server] - 2026-03-13T20:22:54.620Z - Serializing response for RECORD_OUTPUTS_HASH message in json mode
[NX v22.5.4 Daemon Server] - 2026-03-13T20:22:54.620Z - Responding to RECORD_OUTPUTS_HASH message
[NX v22.5.4 Daemon Server] - 2026-03-13T20:22:54.620Z - [REQUEST]: Responding to the client. recordOutputsHash
[NX v22.5.4 Daemon Server] - 2026-03-13T20:22:54.620Z - Done responding to the client recordOutputsHash
[NX v22.5.4 Daemon Server] - 2026-03-13T20:22:54.620Z - Handled json message RECORD_OUTPUTS_HASH. Handling time: 0. Response time: 0.
[NX v22.5.4 Daemon Client] - 2026-03-13T20:22:54.620Z - [Messenger] Received message, length: 2
[NX v22.5.4 Daemon Client] - 2026-03-13T20:22:54.648Z - [Messenger] Sending message type: RECORD_OUTPUTS_HASH
[NX v22.5.4 Daemon Client] - 2026-03-13T20:22:54.648Z - [Messenger] Message sent
[NX v22.5.4 Daemon Server] - 2026-03-13T20:22:54.650Z - Received raw message of length 81
[NX v22.5.4 Daemon Server] - 2026-03-13T20:22:54.650Z - Received json message of type RECORD_OUTPUTS_HASH
[NX v22.5.4 Daemon Server] - 2026-03-13T20:22:54.650Z - Serializing response for RECORD_OUTPUTS_HASH message in json mode
[NX v22.5.4 Daemon Server] - 2026-03-13T20:22:54.650Z - Responding to RECORD_OUTPUTS_HASH message
[NX v22.5.4 Daemon Server] - 2026-03-13T20:22:54.650Z - [REQUEST]: Responding to the client. recordOutputsHash
[NX v22.5.4 Daemon Server] - 2026-03-13T20:22:54.650Z - Done responding to the client recordOutputsHash
[NX v22.5.4 Daemon Server] - 2026-03-13T20:22:54.650Z - Handled json message RECORD_OUTPUTS_HASH. Handling time: 0. Response time: 0.
[NX v22.5.4 Daemon Client] - 2026-03-13T20:22:54.650Z - [Messenger] Received message, length: 2
[NX v22.5.4 Daemon Client] - 2026-03-13T20:22:55.782Z - [Messenger] Sending message type: RECORD_OUTPUTS_HASH
[NX v22.5.4 Daemon Client] - 2026-03-13T20:22:55.782Z - [Messenger] Message sent
[NX v22.5.4 Daemon Server] - 2026-03-13T20:22:55.782Z - Received raw message of length 81
[NX v22.5.4 Daemon Server] - 2026-03-13T20:22:55.782Z - Received json message of type RECORD_OUTPUTS_HASH
[NX v22.5.4 Daemon Server] - 2026-03-13T20:22:55.782Z - Serializing response for RECORD_OUTPUTS_HASH message in json mode
[NX v22.5.4 Daemon Server] - 2026-03-13T20:22:55.782Z - Responding to RECORD_OUTPUTS_HASH message
[NX v22.5.4 Daemon Server] - 2026-03-13T20:22:55.782Z - [REQUEST]: Responding to the client. recordOutputsHash
[NX v22.5.4 Daemon Server] - 2026-03-13T20:22:55.783Z - Done responding to the client recordOutputsHash
[NX v22.5.4 Daemon Server] - 2026-03-13T20:22:55.783Z - Handled json message RECORD_OUTPUTS_HASH. Handling time: 0. Response time: 1.
[NX v22.5.4 Daemon Client] - 2026-03-13T20:22:55.783Z - [Messenger] Received message, length: 2
[NX v22.5.4 Daemon Client] - 2026-03-13T20:22:56.414Z - [Messenger] Sending message type: RECORD_OUTPUTS_HASH
[NX v22.5.4 Daemon Client] - 2026-03-13T20:22:56.414Z - [Messenger] Message sent
[NX v22.5.4 Daemon Server] - 2026-03-13T20:22:56.414Z - Received raw message of length 82
[NX v22.5.4 Daemon Server] - 2026-03-13T20:22:56.414Z - Received json message of type RECORD_OUTPUTS_HASH
[NX v22.5.4 Daemon Server] - 2026-03-13T20:22:56.414Z - Serializing response for RECORD_OUTPUTS_HASH message in json mode
[NX v22.5.4 Daemon Server] - 2026-03-13T20:22:56.414Z - Responding to RECORD_OUTPUTS_HASH message
[NX v22.5.4 Daemon Server] - 2026-03-13T20:22:56.414Z - [REQUEST]: Responding to the client. recordOutputsHash
[NX v22.5.4 Daemon Server] - 2026-03-13T20:22:56.415Z - Done responding to the client recordOutputsHash
[NX v22.5.4 Daemon Server] - 2026-03-13T20:22:56.415Z - Handled json message RECORD_OUTPUTS_HASH. Handling time: 0. Response time: 1.
[NX v22.5.4 Daemon Client] - 2026-03-13T20:22:56.415Z - [Messenger] Received message, length: 2
[NX v22.5.4 Daemon Client] - 2026-03-13T20:22:56.580Z - [Messenger] Sending message type: RECORD_OUTPUTS_HASH
[NX v22.5.4 Daemon Client] - 2026-03-13T20:22:56.580Z - [Messenger] Message sent
[NX v22.5.4 Daemon Server] - 2026-03-13T20:22:56.580Z - Received raw message of length 81
[NX v22.5.4 Daemon Server] - 2026-03-13T20:22:56.580Z - Received json message of type RECORD_OUTPUTS_HASH
[NX v22.5.4 Daemon Server] - 2026-03-13T20:22:56.580Z - Serializing response for RECORD_OUTPUTS_HASH message in json mode
[NX v22.5.4 Daemon Server] - 2026-03-13T20:22:56.580Z - Responding to RECORD_OUTPUTS_HASH message
[NX v22.5.4 Daemon Server] - 2026-03-13T20:22:56.580Z - [REQUEST]: Responding to the client. recordOutputsHash
[NX v22.5.4 Daemon Server] - 2026-03-13T20:22:56.580Z - Done responding to the client recordOutputsHash
[NX v22.5.4 Daemon Server] - 2026-03-13T20:22:56.580Z - Handled json message RECORD_OUTPUTS_HASH. Handling time: 0. Response time: 0.
[NX v22.5.4 Daemon Client] - 2026-03-13T20:22:56.580Z - [Messenger] Received message, length: 2
[NX v22.5.4 Daemon Client] - 2026-03-13T20:22:57.316Z - [Messenger] Sending message type: RECORD_OUTPUTS_HASH
[NX v22.5.4 Daemon Client] - 2026-03-13T20:22:57.316Z - [Messenger] Message sent
[NX v22.5.4 Daemon Server] - 2026-03-13T20:22:57.319Z - Received raw message of length 81
[NX v22.5.4 Daemon Server] - 2026-03-13T20:22:57.319Z - Received json message of type RECORD_OUTPUTS_HASH
[NX v22.5.4 Daemon Server] - 2026-03-13T20:22:57.319Z - Serializing response for RECORD_OUTPUTS_HASH message in json mode
[NX v22.5.4 Daemon Server] - 2026-03-13T20:22:57.319Z - Responding to RECORD_OUTPUTS_HASH message
[NX v22.5.4 Daemon Server] - 2026-03-13T20:22:57.319Z - [REQUEST]: Responding to the client. recordOutputsHash
[NX v22.5.4 Daemon Server] - 2026-03-13T20:22:57.319Z - Done responding to the client recordOutputsHash
[NX v22.5.4 Daemon Server] - 2026-03-13T20:22:57.319Z - Handled json message RECORD_OUTPUTS_HASH. Handling time: 0. Response time: 0.
[NX v22.5.4 Daemon Client] - 2026-03-13T20:22:57.319Z - [Messenger] Received message, length: 2
[NX v22.5.4 Daemon Client] - 2026-03-13T20:22:57.980Z - [Messenger] Sending message type: RECORD_OUTPUTS_HASH
[NX v22.5.4 Daemon Client] - 2026-03-13T20:22:57.980Z - [Messenger] Message sent
[NX v22.5.4 Daemon Server] - 2026-03-13T20:22:57.980Z - Received raw message of length 81
[NX v22.5.4 Daemon Server] - 2026-03-13T20:22:57.980Z - Received json message of type RECORD_OUTPUTS_HASH
[NX v22.5.4 Daemon Server] - 2026-03-13T20:22:57.980Z - Serializing response for RECORD_OUTPUTS_HASH message in json mode
[NX v22.5.4 Daemon Server] - 2026-03-13T20:22:57.980Z - Responding to RECORD_OUTPUTS_HASH message
[NX v22.5.4 Daemon Server] - 2026-03-13T20:22:57.980Z - [REQUEST]: Responding to the client. recordOutputsHash
[NX v22.5.4 Daemon Server] - 2026-03-13T20:22:57.980Z - Done responding to the client recordOutputsHash
[NX v22.5.4 Daemon Server] - 2026-03-13T20:22:57.980Z - Handled json message RECORD_OUTPUTS_HASH. Handling time: 0. Response time: 0.
[NX v22.5.4 Daemon Client] - 2026-03-13T20:22:57.980Z - [Messenger] Received message, length: 2
[NX v22.5.4 Daemon Client] - 2026-03-13T20:22:59.273Z - [Messenger] Sending message type: RECORD_OUTPUTS_HASH
[NX v22.5.4 Daemon Client] - 2026-03-13T20:22:59.273Z - [Messenger] Message sent
[NX v22.5.4 Daemon Server] - 2026-03-13T20:22:59.274Z - Received raw message of length 82
[NX v22.5.4 Daemon Server] - 2026-03-13T20:22:59.274Z - Received json message of type RECORD_OUTPUTS_HASH
[NX v22.5.4 Daemon Server] - 2026-03-13T20:22:59.274Z - Serializing response for RECORD_OUTPUTS_HASH message in json mode
[NX v22.5.4 Daemon Server] - 2026-03-13T20:22:59.274Z - Responding to RECORD_OUTPUTS_HASH message
[NX v22.5.4 Daemon Server] - 2026-03-13T20:22:59.274Z - [REQUEST]: Responding to the client. recordOutputsHash
[NX v22.5.4 Daemon Server] - 2026-03-13T20:22:59.274Z - Done responding to the client recordOutputsHash
[NX v22.5.4 Daemon Server] - 2026-03-13T20:22:59.274Z - Handled json message RECORD_OUTPUTS_HASH. Handling time: 0. Response time: 0.
[NX v22.5.4 Daemon Client] - 2026-03-13T20:22:59.274Z - [Messenger] Received message, length: 2
[NX v22.5.4 Daemon Client] - 2026-03-13T20:22:59.275Z - [Messenger] Sending message type: RECORD_TASK_RUNS
[NX v22.5.4 Daemon Client] - 2026-03-13T20:22:59.275Z - [Messenger] Message sent
[NX v22.5.4 Daemon Server] - 2026-03-13T20:22:59.275Z - Received raw message of length 6437
[NX v22.5.4 Daemon Server] - 2026-03-13T20:22:59.276Z - Received json message of type RECORD_TASK_RUNS
[NX v22.5.4 Daemon Server] - 2026-03-13T20:22:59.276Z - Serializing response for RECORD_TASK_RUNS message in json mode
[NX v22.5.4 Daemon Server] - 2026-03-13T20:22:59.276Z - Responding to RECORD_TASK_RUNS message
[NX v22.5.4 Daemon Server] - 2026-03-13T20:22:59.276Z - [REQUEST]: Responding to the client. handleRecordTaskRuns
[NX v22.5.4 Daemon Server] - 2026-03-13T20:22:59.276Z - Done responding to the client handleRecordTaskRuns
[NX v22.5.4 Daemon Server] - 2026-03-13T20:22:59.276Z - Handled json message RECORD_TASK_RUNS. Handling time: 0. Response time: 0.
[NX v22.5.4 Daemon Client] - 2026-03-13T20:22:59.276Z - [Messenger] Received message, length: 4
[NX v22.5.4 Daemon Client] - 2026-03-13T20:22:59.277Z - [Messenger] Sending message type: GET_FLAKY_TASKS
[NX v22.5.4 Daemon Client] - 2026-03-13T20:22:59.277Z - [Messenger] Message sent
[NX v22.5.4 Daemon Server] - 2026-03-13T20:22:59.278Z - Received raw message of length 843
[NX v22.5.4 Daemon Server] - 2026-03-13T20:22:59.278Z - Received json message of type GET_FLAKY_TASKS
[NX v22.5.4 Daemon Server] - 2026-03-13T20:22:59.278Z - Serializing response for GET_FLAKY_TASKS message in json mode
[NX v22.5.4 Daemon Server] - 2026-03-13T20:22:59.278Z - Responding to GET_FLAKY_TASKS message
[NX v22.5.4 Daemon Server] - 2026-03-13T20:22:59.278Z - [REQUEST]: Responding to the client. handleGetFlakyTasks
[NX v22.5.4 Daemon Server] - 2026-03-13T20:22:59.278Z - Done responding to the client handleGetFlakyTasks
[NX v22.5.4 Daemon Server] - 2026-03-13T20:22:59.278Z - Handled json message GET_FLAKY_TASKS. Handling time: 0. Response time: 0.
[NX v22.5.4 Daemon Client] - 2026-03-13T20:22:59.278Z - [Messenger] Received message, length: 2
[NX v22.5.4 Daemon Client] - 2026-03-13T20:22:59.425Z - [Messenger] Sending message type: POST_TASKS_EXECUTION
[NX v22.5.4 Daemon Client] - 2026-03-13T20:22:59.438Z - [Messenger] Message sent
[NX v22.5.4 Daemon Server] - 2026-03-13T20:22:59.495Z - Received raw message of length 1839059
[NX v22.5.4 Daemon Server] - 2026-03-13T20:22:59.505Z - Received json message of type POST_TASKS_EXECUTION
[NX v22.5.4 Daemon Server] - 2026-03-13T20:22:59.506Z - Serializing response for POST_TASKS_EXECUTION message in json mode
[NX v22.5.4 Daemon Server] - 2026-03-13T20:22:59.506Z - Responding to POST_TASKS_EXECUTION message
[NX v22.5.4 Daemon Server] - 2026-03-13T20:22:59.506Z - [REQUEST]: Responding to the client. handleRunPostTasksExecution
[NX v22.5.4 Daemon Server] - 2026-03-13T20:22:59.506Z - Done responding to the client handleRunPostTasksExecution
[NX v22.5.4 Daemon Server] - 2026-03-13T20:22:59.506Z - Handled json message POST_TASKS_EXECUTION. Handling time: 1. Response time: 0.
[NX v22.5.4 Daemon Server] - 2026-03-13T20:22:59.506Z - Time taken for 'postTasksExecution' 0.18700000000171713ms
[NX v22.5.4 Daemon Client] - 2026-03-13T20:22:59.506Z - [Messenger] Received message, length: 4
[NX v22.5.4 Daemon Server] - 2026-03-13T20:22:59.516Z - Closed a connection. Number of open connections: 0
[NX v22.5.4 Daemon Server] - 2026-03-13T20:23:06.096Z - Established a connection. Number of open connections: 1
[NX v22.5.4 Daemon Server] - 2026-03-13T20:23:06.097Z - Closed a connection. Number of open connections: 0
[NX v22.5.4 Daemon Server] - 2026-03-13T20:23:06.097Z - Established a connection. Number of open connections: 1
[NX v22.5.4 Daemon Server] - 2026-03-13T20:23:06.097Z - Closed a connection. Number of open connections: 0
[NX v22.5.4 Daemon Server] - 2026-03-13T20:23:06.098Z - Established a connection. Number of open connections: 1
[NX v22.5.4 Daemon Client] - 2026-03-13T20:23:06.098Z - [Messenger] Setting up socket listeners
[NX v22.5.4 Daemon Client] - 2026-03-13T20:23:06.099Z - [Messenger] listen() complete
[NX v22.5.4 Daemon Client] - 2026-03-13T20:23:06.100Z - [Messenger] Sending message type: GET_NX_CONSOLE_STATUS
[NX v22.5.4 Daemon Client] - 2026-03-13T20:23:06.101Z - [Messenger] Message sent
[NX v22.5.4 Daemon Server] - 2026-03-13T20:23:06.117Z - Received raw message of length 32
[NX v22.5.4 Daemon Server] - 2026-03-13T20:23:06.117Z - Received json message of type GET_NX_CONSOLE_STATUS
[NX v22.5.4 Daemon Server] - 2026-03-13T20:23:06.117Z - Serializing response for GET_NX_CONSOLE_STATUS message in json mode
[NX v22.5.4 Daemon Server] - 2026-03-13T20:23:06.117Z - Responding to GET_NX_CONSOLE_STATUS message
[NX v22.5.4 Daemon Server] - 2026-03-13T20:23:06.117Z - [REQUEST]: Responding to the client. handleGetNxConsoleStatus
[NX v22.5.4 Daemon Server] - 2026-03-13T20:23:06.117Z - Done responding to the client handleGetNxConsoleStatus
[NX v22.5.4 Daemon Server] - 2026-03-13T20:23:06.117Z - Handled json message GET_NX_CONSOLE_STATUS. Handling time: 0. Response time: 0.
[NX v22.5.4 Daemon Client] - 2026-03-13T20:23:06.117Z - [Messenger] Received message, length: 22
[NX v22.5.4 Daemon Client] - 2026-03-13T20:23:06.194Z - [Messenger] Sending message type: REQUEST_PROJECT_GRAPH
[NX v22.5.4 Daemon Client] - 2026-03-13T20:23:06.194Z - [Messenger] Message sent
[NX v22.5.4 Daemon Server] - 2026-03-13T20:23:06.195Z - Received raw message of length 32
[NX v22.5.4 Daemon Server] - 2026-03-13T20:23:06.195Z - Received json message of type REQUEST_PROJECT_GRAPH
[NX v22.5.4 Daemon Server] - 2026-03-13T20:23:06.195Z - [REQUEST]: Client Request for Project Graph Received
[NX v22.5.4 Daemon Server] - 2026-03-13T20:23:06.195Z - Reusing in-memory cached project graph because no files changed.
[NX v22.5.4 Daemon Server] - 2026-03-13T20:23:06.195Z - Serializing response for REQUEST_PROJECT_GRAPH message in json mode
[NX v22.5.4 Daemon Server] - 2026-03-13T20:23:06.195Z - Responding to REQUEST_PROJECT_GRAPH message
[NX v22.5.4 Daemon Server] - 2026-03-13T20:23:06.195Z - [REQUEST]: Responding to the client. project-graph
[NX v22.5.4 Daemon Server] - 2026-03-13T20:23:06.196Z - Time taken for 'total for creating and serializing project graph' 0.1945000000014261ms
[NX v22.5.4 Daemon Server] - 2026-03-13T20:23:06.215Z - Done responding to the client project-graph
[NX v22.5.4 Daemon Server] - 2026-03-13T20:23:06.215Z - Handled json message REQUEST_PROJECT_GRAPH. Handling time: 0. Response time: 20.
[NX v22.5.4 Daemon Client] - 2026-03-13T20:23:06.216Z - [Messenger] Received message, length: 1195648
[NX v22.5.4 Daemon Client] - 2026-03-13T20:23:06.620Z - [Messenger] Sending message type: PRE_TASKS_EXECUTION
[NX v22.5.4 Daemon Client] - 2026-03-13T20:23:06.620Z - [Messenger] Message sent
[NX v22.5.4 Daemon Server] - 2026-03-13T20:23:06.621Z - Received raw message of length 730
[NX v22.5.4 Daemon Server] - 2026-03-13T20:23:06.621Z - Received json message of type PRE_TASKS_EXECUTION
[NX v22.5.4 Daemon Server] - 2026-03-13T20:23:06.621Z - Serializing response for PRE_TASKS_EXECUTION message in json mode
[NX v22.5.4 Daemon Server] - 2026-03-13T20:23:06.621Z - Responding to PRE_TASKS_EXECUTION message
[NX v22.5.4 Daemon Server] - 2026-03-13T20:23:06.621Z - [REQUEST]: Responding to the client. handleRunPreTasksExecution
[NX v22.5.4 Daemon Server] - 2026-03-13T20:23:06.621Z - Done responding to the client handleRunPreTasksExecution
[NX v22.5.4 Daemon Server] - 2026-03-13T20:23:06.621Z - Handled json message PRE_TASKS_EXECUTION. Handling time: 0. Response time: 0.
[NX v22.5.4 Daemon Server] - 2026-03-13T20:23:06.621Z - Time taken for 'preTasksExecution' 0.12045899999793619ms
[NX v22.5.4 Daemon Client] - 2026-03-13T20:23:06.621Z - [Messenger] Received message, length: 2
[NX v22.5.4 Daemon Client] - 2026-03-13T20:23:06.771Z - [Messenger] Sending message type: HASH_TASKS
[NX v22.5.4 Daemon Client] - 2026-03-13T20:23:06.771Z - [Messenger] Message sent
[NX v22.5.4 Daemon Server] - 2026-03-13T20:23:06.772Z - Received raw message of length 38533
[NX v22.5.4 Daemon Server] - 2026-03-13T20:23:06.773Z - Received json message of type HASH_TASKS
[NX v22.5.4 Daemon Server] - 2026-03-13T20:23:06.773Z - Reusing in-memory cached project graph because no files changed.
DEBUG nx::native::tasks::hash_planner: get_plans_internal COMPLETED in 8.460125ms - processed 35 tasks (setup: 4.183541ms, parallel_planning: 4.276167ms)
DEBUG nx::native::tasks::hashers::hash_workspace_files: Hashing workspace fileset with inputs: Adding "14753650797151729951" (".gitignore") to hash
DEBUG nx::native::tasks::hashers::hash_workspace_files: Hashing workspace fileset with inputs: Adding "16727730179561442929" ("nx.json") to hash
DEBUG nx::native::tasks::hashers::hash_workspace_files: Hashing workspace fileset with inputs: Hash Value: "14205410132470996805"
DEBUG nx::native::tasks::hashers::hash_workspace_files: Hashing workspace fileset with inputs: Adding "14753650797151729951" (".gitignore") to hash
DEBUG nx::native::tasks::hashers::hash_workspace_files: Hashing workspace fileset with inputs: Adding "16727730179561442929" ("nx.json") to hash
DEBUG nx::native::tasks::hashers::hash_workspace_files: Hashing workspace fileset with inputs: Hash Value: "14205410132470996805"
DEBUG nx::native::tasks::hashers::hash_workspace_files: Hashing workspace fileset with inputs: Adding "14753650797151729951" (".gitignore") to hash
DEBUG nx::native::tasks::hashers::hash_workspace_files: Hashing workspace fileset with inputs: Adding "16727730179561442929" ("nx.json") to hash
DEBUG nx::native::tasks::hashers::hash_workspace_files: Hashing workspace fileset with inputs: Hash Value: "14205410132470996805"
DEBUG nx::native::tasks::hashers::hash_workspace_files: Hashing workspace fileset with inputs: Adding "14753650797151729951" (".gitignore") to hash
DEBUG nx::native::tasks::hashers::hash_workspace_files: Hashing workspace fileset with inputs: Adding "16727730179561442929" ("nx.json") to hash
DEBUG nx::native::tasks::hashers::hash_workspace_files: Hashing workspace fileset with inputs: Hash Value: "14205410132470996805"
DEBUG nx::native::tasks::hashers::hash_workspace_files: Hashing workspace fileset with inputs: Adding "14753650797151729951" (".gitignore") to hash
DEBUG nx::native::tasks::hashers::hash_workspace_files: Hashing workspace fileset with inputs: Adding "16727730179561442929" ("nx.json") to hash
DEBUG nx::native::tasks::hashers::hash_workspace_files: Hashing workspace fileset with inputs: Hash Value: "14205410132470996805"
DEBUG nx::native::tasks::hashers::hash_workspace_files: Hashing workspace fileset with inputs: Adding "14753650797151729951" (".gitignore") to hash
DEBUG nx::native::tasks::hashers::hash_workspace_files: Hashing workspace fileset with inputs: Adding "16727730179561442929" ("nx.json") to hash
DEBUG nx::native::tasks::hashers::hash_workspace_files: Hashing workspace fileset with inputs: Hash Value: "14205410132470996805"
DEBUG nx::native::tasks::hashers::hash_workspace_files: Hashing workspace fileset with inputs: Adding "14753650797151729951" (".gitignore") to hash
DEBUG nx::native::tasks::hashers::hash_workspace_files: Hashing workspace fileset with inputs: Adding "16727730179561442929" ("nx.json") to hash
DEBUG nx::native::tasks::hashers::hash_workspace_files: Hashing workspace fileset with inputs: Hash Value: "14205410132470996805"
DEBUG nx::native::tasks::hashers::hash_workspace_files: Hashing workspace fileset with inputs: Adding "14753650797151729951" (".gitignore") to hash
DEBUG nx::native::tasks::hashers::hash_workspace_files: Hashing workspace fileset with inputs: Adding "16727730179561442929" ("nx.json") to hash
DEBUG nx::native::tasks::hashers::hash_workspace_files: Hashing workspace fileset with inputs: Hash Value: "14205410132470996805"
DEBUG nx::native::tasks::hashers::hash_workspace_files: Hashing workspace fileset with inputs: Adding "14753650797151729951" (".gitignore") to hash
DEBUG nx::native::tasks::hashers::hash_workspace_files: Hashing workspace fileset with inputs: Adding "16727730179561442929" ("nx.json") to hash
DEBUG nx::native::tasks::hashers::hash_workspace_files: Hashing workspace fileset with inputs: Hash Value: "14205410132470996805"
DEBUG nx::native::tasks::hashers::hash_workspace_files: Hashing workspace fileset with inputs: Adding "14753650797151729951" (".gitignore") to hash
DEBUG nx::native::tasks::hashers::hash_workspace_files: Hashing workspace fileset with inputs: Adding "16727730179561442929" ("nx.json") to hash
DEBUG nx::native::tasks::hashers::hash_workspace_files: Hashing workspace fileset with inputs: Hash Value: "14205410132470996805"
DEBUG nx::native::tasks::hashers::hash_workspace_files: Hashing workspace fileset with inputs: Adding "14753650797151729951" (".gitignore") to hash
DEBUG nx::native::tasks::hashers::hash_workspace_files: Hashing workspace fileset with inputs: Adding "16727730179561442929" ("nx.json") to hash
DEBUG nx::native::tasks::hashers::hash_workspace_files: Hashing workspace fileset with inputs: Hash Value: "14205410132470996805"
DEBUG nx::native::tasks::hashers::hash_workspace_files: Hashing workspace fileset with inputs: Adding "14753650797151729951" (".gitignore") to hash
DEBUG nx::native::tasks::hashers::hash_workspace_files: Hashing workspace fileset with inputs: Adding "16727730179561442929" ("nx.json") to hash
DEBUG nx::native::tasks::hashers::hash_workspace_files: Hashing workspace fileset with inputs: Hash Value: "14205410132470996805"
DEBUG nx::native::tasks::hashers::hash_workspace_files: Hashing workspace fileset with inputs: Adding "14753650797151729951" (".gitignore") to hash
DEBUG nx::native::tasks::hashers::hash_workspace_files: Hashing workspace fileset with inputs: Adding "16727730179561442929" ("nx.json") to hash
DEBUG nx::native::tasks::hashers::hash_workspace_files: Hashing workspace fileset with inputs: Hash Value: "14205410132470996805"
DEBUG nx::native::tasks::hashers::hash_workspace_files: Hashing workspace fileset with inputs: Adding "14753650797151729951" (".gitignore") to hash
DEBUG nx::native::tasks::hashers::hash_workspace_files: Hashing workspace fileset with inputs: Adding "16727730179561442929" ("nx.json") to hash
DEBUG nx::native::tasks::hashers::hash_workspace_files: Hashing workspace fileset with inputs: Hash Value: "14205410132470996805"
DEBUG nx::native::tasks::hashers::hash_workspace_files: Hashing workspace fileset with inputs: Adding "14753650797151729951" (".gitignore") to hash
DEBUG nx::native::tasks::hashers::hash_workspace_files: Hashing workspace fileset with inputs: Adding "16727730179561442929" ("nx.json") to hash
DEBUG nx::native::tasks::hashers::hash_workspace_files: Hashing workspace fileset with inputs: Hash Value: "14205410132470996805"
DEBUG nx::native::tasks::hashers::hash_workspace_files: Hashing workspace fileset with inputs: Adding "14753650797151729951" (".gitignore") to hash
DEBUG nx::native::tasks::hashers::hash_workspace_files: Hashing workspace fileset with inputs: Adding "16727730179561442929" ("nx.json") to hash
DEBUG nx::native::tasks::hashers::hash_workspace_files: Hashing workspace fileset with inputs: Hash Value: "14205410132470996805"
DEBUG nx::native::tasks::hashers::hash_workspace_files: Hashing workspace fileset with inputs: Adding "14753650797151729951" (".gitignore") to hash
DEBUG nx::native::tasks::hashers::hash_workspace_files: Hashing workspace fileset with inputs: Adding "16727730179561442929" ("nx.json") to hash
DEBUG nx::native::tasks::hashers::hash_workspace_files: Hashing workspace fileset with inputs: Hash Value: "14205410132470996805"
DEBUG nx::native::tasks::hashers::hash_workspace_files: Hashing workspace fileset with inputs: Adding "14753650797151729951" (".gitignore") to hash
DEBUG nx::native::tasks::hashers::hash_workspace_files: Hashing workspace fileset with inputs: Adding "16727730179561442929" ("nx.json") to hash
DEBUG nx::native::tasks::hashers::hash_workspace_files: Hashing workspace fileset with inputs: Hash Value: "14205410132470996805"
DEBUG nx::native::tasks::hashers::hash_workspace_files: Hashing workspace fileset with inputs: Adding "14753650797151729951" (".gitignore") to hash
DEBUG nx::native::tasks::hashers::hash_workspace_files: Hashing workspace fileset with inputs: Adding "16727730179561442929" ("nx.json") to hash
DEBUG nx::native::tasks::hashers::hash_workspace_files: Hashing workspace fileset with inputs: Hash Value: "14205410132470996805"
DEBUG nx::native::tasks::hashers::hash_workspace_files: Hashing workspace fileset with inputs: Adding "14753650797151729951" (".gitignore") to hash
DEBUG nx::native::tasks::hashers::hash_workspace_files: Hashing workspace fileset with inputs: Adding "16727730179561442929" ("nx.json") to hash
DEBUG nx::native::tasks::hashers::hash_workspace_files: Hashing workspace fileset with inputs: Hash Value: "14205410132470996805"
DEBUG nx::native::tasks::hashers::hash_workspace_files: Hashing workspace fileset with inputs: Adding "14753650797151729951" (".gitignore") to hash
DEBUG nx::native::tasks::hashers::hash_workspace_files: Hashing workspace fileset with inputs: Adding "16727730179561442929" ("nx.json") to hash
DEBUG nx::native::tasks::hashers::hash_workspace_files: Hashing workspace fileset with inputs: Hash Value: "14205410132470996805"
DEBUG nx::native::tasks::hashers::hash_workspace_files: Hashing workspace fileset with inputs: Adding "14753650797151729951" (".gitignore") to hash
DEBUG nx::native::tasks::hashers::hash_workspace_files: Hashing workspace fileset with inputs: Adding "16727730179561442929" ("nx.json") to hash
DEBUG nx::native::tasks::hashers::hash_workspace_files: Hashing workspace fileset with inputs: Hash Value: "14205410132470996805"
DEBUG nx::native::tasks::hashers::hash_workspace_files: Hashing workspace fileset with inputs: Adding "14753650797151729951" (".gitignore") to hash
DEBUG nx::native::tasks::hashers::hash_workspace_files: Hashing workspace fileset with inputs: Adding "16727730179561442929" ("nx.json") to hash
DEBUG nx::native::tasks::hashers::hash_workspace_files: Hashing workspace fileset with inputs: Hash Value: "14205410132470996805"
DEBUG nx::native::tasks::hashers::hash_workspace_files: Hashing workspace fileset with inputs: Adding "14753650797151729951" (".gitignore") to hash
DEBUG nx::native::tasks::hashers::hash_workspace_files: Hashing workspace fileset with inputs: Adding "16727730179561442929" ("nx.json") to hash
DEBUG nx::native::tasks::hashers::hash_workspace_files: Hashing workspace fileset with inputs: Hash Value: "14205410132470996805"
DEBUG nx::native::tasks::hashers::hash_workspace_files: Hashing workspace fileset with inputs: Adding "14753650797151729951" (".gitignore") to hash
DEBUG nx::native::tasks::hashers::hash_workspace_files: Hashing workspace fileset with inputs: Adding "16727730179561442929" ("nx.json") to hash
DEBUG nx::native::tasks::hashers::hash_workspace_files: Hashing workspace fileset with inputs: Hash Value: "14205410132470996805"
DEBUG nx::native::tasks::hashers::hash_workspace_files: Hashing workspace fileset with inputs: Adding "14753650797151729951" (".gitignore") to hash
DEBUG nx::native::tasks::hashers::hash_workspace_files: Hashing workspace fileset with inputs: Adding "16727730179561442929" ("nx.json") to hash
DEBUG nx::native::tasks::hashers::hash_workspace_files: Hashing workspace fileset with inputs: Hash Value: "14205410132470996805"
DEBUG nx::native::tasks::hashers::hash_workspace_files: Hashing workspace fileset with inputs: Adding "14753650797151729951" (".gitignore") to hash
DEBUG nx::native::tasks::hashers::hash_workspace_files: Hashing workspace fileset with inputs: Adding "16727730179561442929" ("nx.json") to hash
DEBUG nx::native::tasks::hashers::hash_workspace_files: Hashing workspace fileset with inputs: Hash Value: "14205410132470996805"
DEBUG nx::native::tasks::hashers::hash_workspace_files: Hashing workspace fileset with inputs: Adding "14753650797151729951" (".gitignore") to hash
DEBUG nx::native::tasks::hashers::hash_workspace_files: Hashing workspace fileset with inputs: Adding "16727730179561442929" ("nx.json") to hash
DEBUG nx::native::tasks::hashers::hash_workspace_files: Hashing workspace fileset with inputs: Hash Value: "14205410132470996805"
DEBUG nx::native::tasks::hashers::hash_workspace_files: Hashing workspace fileset with inputs: Adding "14753650797151729951" (".gitignore") to hash
DEBUG nx::native::tasks::hashers::hash_workspace_files: Hashing workspace fileset with inputs: Adding "16727730179561442929" ("nx.json") to hash
DEBUG nx::native::tasks::hashers::hash_workspace_files: Hashing workspace fileset with inputs: Hash Value: "14205410132470996805"
DEBUG nx::native::tasks::hashers::hash_workspace_files: Hashing workspace fileset with inputs: Adding "14753650797151729951" (".gitignore") to hash
DEBUG nx::native::tasks::hashers::hash_workspace_files: Hashing workspace fileset with inputs: Adding "16727730179561442929" ("nx.json") to hash
DEBUG nx::native::tasks::hashers::hash_workspace_files: Hashing workspace fileset with inputs: Hash Value: "14205410132470996805"
DEBUG nx::native::tasks::hashers::hash_workspace_files: Hashing workspace fileset with inputs: Adding "14753650797151729951" (".gitignore") to hash
DEBUG nx::native::tasks::hashers::hash_workspace_files: Hashing workspace fileset with inputs: Adding "16727730179561442929" ("nx.json") to hash
DEBUG nx::native::tasks::hashers::hash_workspace_files: Hashing workspace fileset with inputs: Hash Value: "14205410132470996805"
DEBUG nx::native::tasks::hashers::hash_workspace_files: Hashing workspace fileset with inputs: Adding "14753650797151729951" (".gitignore") to hash
DEBUG nx::native::tasks::hashers::hash_workspace_files: Hashing workspace fileset with inputs: Adding "16727730179561442929" ("nx.json") to hash
DEBUG nx::native::tasks::hashers::hash_workspace_files: Hashing workspace fileset with inputs: Hash Value: "14205410132470996805"
DEBUG nx::native::tasks::hashers::hash_workspace_files: Hashing workspace fileset with inputs: Adding "14753650797151729951" (".gitignore") to hash
DEBUG nx::native::tasks::hashers::hash_workspace_files: Hashing workspace fileset with inputs: Adding "16727730179561442929" ("nx.json") to hash
DEBUG nx::native::tasks::hashers::hash_workspace_files: Hashing workspace fileset with inputs: Hash Value: "14205410132470996805"
DEBUG nx::native::tasks::hashers::hash_workspace_files: Hashing workspace fileset with inputs: Adding "14753650797151729951" (".gitignore") to hash
DEBUG nx::native::tasks::hashers::hash_workspace_files: Hashing workspace fileset with inputs: Adding "16727730179561442929" ("nx.json") to hash
DEBUG nx::native::tasks::hashers::hash_workspace_files: Hashing workspace fileset with inputs: Hash Value: "14205410132470996805"
DEBUG nx::native::tasks::hashers::hash_workspace_files: Hashing workspace fileset with inputs: Adding "14753650797151729951" (".gitignore") to hash
DEBUG nx::native::tasks::hashers::hash_workspace_files: Hashing workspace fileset with inputs: Adding "16727730179561442929" ("nx.json") to hash
DEBUG nx::native::tasks::hashers::hash_workspace_files: Hashing workspace fileset with inputs: Hash Value: "14205410132470996805"
DEBUG nx::native::tasks::task_hasher: hash_plans COMPLETED in 47.08125ms - processed 35 plans (setup: 518.583µs, hashing: 46.5625ms, assembly: 10.822167ms)
[NX v22.5.4 Daemon Server] - 2026-03-13T20:23:06.858Z - Serializing response for HASH_TASKS message in json mode
[NX v22.5.4 Daemon Server] - 2026-03-13T20:23:06.865Z - Responding to HASH_TASKS message
[NX v22.5.4 Daemon Server] - 2026-03-13T20:23:06.865Z - [REQUEST]: Responding to the client. handleHashTasks
[NX v22.5.4 Daemon Server] - 2026-03-13T20:23:06.965Z - Done responding to the client handleHashTasks
[NX v22.5.4 Daemon Server] - 2026-03-13T20:23:06.965Z - Handled json message HASH_TASKS. Handling time: 85. Response time: 107.
[NX v22.5.4 Daemon Client] - 2026-03-13T20:23:06.968Z - [Messenger] Received message, length: 3378766
[NX v22.5.4 Daemon Client] - 2026-03-13T20:23:07.050Z - [Messenger] Sending message type: GET_ESTIMATED_TASK_TIMINGS
[NX v22.5.4 Daemon Client] - 2026-03-13T20:23:07.051Z - [Messenger] Message sent
[NX v22.5.4 Daemon Server] - 2026-03-13T20:23:07.051Z - Received raw message of length 1816
[NX v22.5.4 Daemon Server] - 2026-03-13T20:23:07.051Z - Received json message of type GET_ESTIMATED_TASK_TIMINGS
[NX v22.5.4 Daemon Server] - 2026-03-13T20:23:07.051Z - Serializing response for GET_ESTIMATED_TASK_TIMINGS message in json mode
[NX v22.5.4 Daemon Server] - 2026-03-13T20:23:07.051Z - Responding to GET_ESTIMATED_TASK_TIMINGS message
[NX v22.5.4 Daemon Server] - 2026-03-13T20:23:07.051Z - [REQUEST]: Responding to the client. handleGetEstimatedTaskTimings
[NX v22.5.4 Daemon Server] - 2026-03-13T20:23:07.051Z - Done responding to the client handleGetEstimatedTaskTimings
[NX v22.5.4 Daemon Server] - 2026-03-13T20:23:07.051Z - Handled json message GET_ESTIMATED_TASK_TIMINGS. Handling time: 0. Response time: 0.
[NX v22.5.4 Daemon Client] - 2026-03-13T20:23:07.052Z - [Messenger] Received message, length: 2
[NX v22.5.4 Daemon Client] - 2026-03-13T20:23:07.799Z - [Messenger] Sending message type: RECORD_OUTPUTS_HASH
[NX v22.5.4 Daemon Client] - 2026-03-13T20:23:07.799Z - [Messenger] Message sent
[NX v22.5.4 Daemon Server] - 2026-03-13T20:23:07.799Z - Received raw message of length 109
[NX v22.5.4 Daemon Server] - 2026-03-13T20:23:07.799Z - Received json message of type RECORD_OUTPUTS_HASH
[NX v22.5.4 Daemon Server] - 2026-03-13T20:23:07.799Z - Serializing response for RECORD_OUTPUTS_HASH message in json mode
[NX v22.5.4 Daemon Server] - 2026-03-13T20:23:07.799Z - Responding to RECORD_OUTPUTS_HASH message
[NX v22.5.4 Daemon Server] - 2026-03-13T20:23:07.799Z - [REQUEST]: Responding to the client. recordOutputsHash
[NX v22.5.4 Daemon Server] - 2026-03-13T20:23:07.799Z - Done responding to the client recordOutputsHash
[NX v22.5.4 Daemon Server] - 2026-03-13T20:23:07.799Z - Handled json message RECORD_OUTPUTS_HASH. Handling time: 0. Response time: 0.
[NX v22.5.4 Daemon Client] - 2026-03-13T20:23:07.799Z - [Messenger] Received message, length: 2
[NX v22.5.4 Daemon Client] - 2026-03-13T20:23:07.807Z - [Messenger] Sending message type: RECORD_OUTPUTS_HASH
[NX v22.5.4 Daemon Client] - 2026-03-13T20:23:07.807Z - [Messenger] Message sent
[NX v22.5.4 Daemon Server] - 2026-03-13T20:23:07.807Z - Received raw message of length 111
[NX v22.5.4 Daemon Server] - 2026-03-13T20:23:07.807Z - Received json message of type RECORD_OUTPUTS_HASH
[NX v22.5.4 Daemon Server] - 2026-03-13T20:23:07.808Z - Serializing response for RECORD_OUTPUTS_HASH message in json mode
[NX v22.5.4 Daemon Server] - 2026-03-13T20:23:07.808Z - Responding to RECORD_OUTPUTS_HASH message
[NX v22.5.4 Daemon Server] - 2026-03-13T20:23:07.808Z - [REQUEST]: Responding to the client. recordOutputsHash
[NX v22.5.4 Daemon Server] - 2026-03-13T20:23:07.808Z - Done responding to the client recordOutputsHash
[NX v22.5.4 Daemon Server] - 2026-03-13T20:23:07.808Z - Handled json message RECORD_OUTPUTS_HASH. Handling time: 1. Response time: 0.
[NX v22.5.4 Daemon Client] - 2026-03-13T20:23:07.808Z - [Messenger] Received message, length: 2
[NX v22.5.4 Daemon Client] - 2026-03-13T20:23:08.321Z - [Messenger] Sending message type: RECORD_OUTPUTS_HASH
[NX v22.5.4 Daemon Client] - 2026-03-13T20:23:08.321Z - [Messenger] Message sent
[NX v22.5.4 Daemon Server] - 2026-03-13T20:23:08.321Z - Received raw message of length 114
[NX v22.5.4 Daemon Server] - 2026-03-13T20:23:08.321Z - Received json message of type RECORD_OUTPUTS_HASH
[NX v22.5.4 Daemon Server] - 2026-03-13T20:23:08.369Z - Serializing response for RECORD_OUTPUTS_HASH message in json mode
[NX v22.5.4 Daemon Server] - 2026-03-13T20:23:08.369Z - Responding to RECORD_OUTPUTS_HASH message
[NX v22.5.4 Daemon Server] - 2026-03-13T20:23:08.369Z - [REQUEST]: Responding to the client. recordOutputsHash
[NX v22.5.4 Daemon Server] - 2026-03-13T20:23:08.369Z - Done responding to the client recordOutputsHash
[NX v22.5.4 Daemon Server] - 2026-03-13T20:23:08.369Z - Handled json message RECORD_OUTPUTS_HASH. Handling time: 48. Response time: 0.
[NX v22.5.4 Daemon Client] - 2026-03-13T20:23:08.369Z - [Messenger] Received message, length: 2
[NX v22.5.4 Daemon Client] - 2026-03-13T20:23:09.287Z - [Messenger] Sending message type: RECORD_OUTPUTS_HASH
[NX v22.5.4 Daemon Client] - 2026-03-13T20:23:09.288Z - [Messenger] Message sent
[NX v22.5.4 Daemon Server] - 2026-03-13T20:23:09.288Z - Received raw message of length 119
[NX v22.5.4 Daemon Server] - 2026-03-13T20:23:09.288Z - Received json message of type RECORD_OUTPUTS_HASH
[NX v22.5.4 Daemon Server] - 2026-03-13T20:23:09.288Z - Serializing response for RECORD_OUTPUTS_HASH message in json mode
[NX v22.5.4 Daemon Server] - 2026-03-13T20:23:09.288Z - Responding to RECORD_OUTPUTS_HASH message
[NX v22.5.4 Daemon Server] - 2026-03-13T20:23:09.288Z - [REQUEST]: Responding to the client. recordOutputsHash
[NX v22.5.4 Daemon Server] - 2026-03-13T20:23:09.288Z - Done responding to the client recordOutputsHash
[NX v22.5.4 Daemon Server] - 2026-03-13T20:23:09.288Z - Handled json message RECORD_OUTPUTS_HASH. Handling time: 0. Response time: 0.
[NX v22.5.4 Daemon Client] - 2026-03-13T20:23:09.288Z - [Messenger] Received message, length: 2
[NX v22.5.4 Daemon Client] - 2026-03-13T20:23:09.460Z - [Messenger] Sending message type: RECORD_OUTPUTS_HASH
[NX v22.5.4 Daemon Client] - 2026-03-13T20:23:09.460Z - [Messenger] Message sent
[NX v22.5.4 Daemon Server] - 2026-03-13T20:23:09.461Z - Received raw message of length 118
[NX v22.5.4 Daemon Server] - 2026-03-13T20:23:09.461Z - Received json message of type RECORD_OUTPUTS_HASH
[NX v22.5.4 Daemon Server] - 2026-03-13T20:23:09.461Z - Serializing response for RECORD_OUTPUTS_HASH message in json mode
[NX v22.5.4 Daemon Server] - 2026-03-13T20:23:09.461Z - Responding to RECORD_OUTPUTS_HASH message
[NX v22.5.4 Daemon Server] - 2026-03-13T20:23:09.461Z - [REQUEST]: Responding to the client. recordOutputsHash
[NX v22.5.4 Daemon Server] - 2026-03-13T20:23:09.461Z - Done responding to the client recordOutputsHash
[NX v22.5.4 Daemon Server] - 2026-03-13T20:23:09.461Z - Handled json message RECORD_OUTPUTS_HASH. Handling time: 0. Response time: 0.
[NX v22.5.4 Daemon Client] - 2026-03-13T20:23:09.461Z - [Messenger] Received message, length: 2
[NX v22.5.4 Daemon Client] - 2026-03-13T20:23:09.472Z - [Messenger] Sending message type: RECORD_OUTPUTS_HASH
[NX v22.5.4 Daemon Client] - 2026-03-13T20:23:09.472Z - [Messenger] Message sent
[NX v22.5.4 Daemon Server] - 2026-03-13T20:23:09.472Z - Received raw message of length 118
[NX v22.5.4 Daemon Server] - 2026-03-13T20:23:09.473Z - Received json message of type RECORD_OUTPUTS_HASH
[NX v22.5.4 Daemon Server] - 2026-03-13T20:23:09.473Z - Serializing response for RECORD_OUTPUTS_HASH message in json mode
[NX v22.5.4 Daemon Server] - 2026-03-13T20:23:09.473Z - Responding to RECORD_OUTPUTS_HASH message
[NX v22.5.4 Daemon Server] - 2026-03-13T20:23:09.473Z - [REQUEST]: Responding to the client. recordOutputsHash
[NX v22.5.4 Daemon Server] - 2026-03-13T20:23:09.473Z - Done responding to the client recordOutputsHash
[NX v22.5.4 Daemon Server] - 2026-03-13T20:23:09.473Z - Handled json message RECORD_OUTPUTS_HASH. Handling time: 0. Response time: 0.
[NX v22.5.4 Daemon Client] - 2026-03-13T20:23:09.473Z - [Messenger] Received message, length: 2
[NX v22.5.4 Daemon Client] - 2026-03-13T20:23:10.035Z - [Messenger] Sending message type: RECORD_OUTPUTS_HASH
[NX v22.5.4 Daemon Client] - 2026-03-13T20:23:10.035Z - [Messenger] Message sent
[NX v22.5.4 Daemon Server] - 2026-03-13T20:23:10.035Z - Received raw message of length 103
[NX v22.5.4 Daemon Server] - 2026-03-13T20:23:10.035Z - Received json message of type RECORD_OUTPUTS_HASH
[NX v22.5.4 Daemon Server] - 2026-03-13T20:23:10.035Z - Serializing response for RECORD_OUTPUTS_HASH message in json mode
[NX v22.5.4 Daemon Server] - 2026-03-13T20:23:10.035Z - Responding to RECORD_OUTPUTS_HASH message
[NX v22.5.4 Daemon Server] - 2026-03-13T20:23:10.035Z - [REQUEST]: Responding to the client. recordOutputsHash
[NX v22.5.4 Daemon Server] - 2026-03-13T20:23:10.035Z - Done responding to the client recordOutputsHash
[NX v22.5.4 Daemon Server] - 2026-03-13T20:23:10.035Z - Handled json message RECORD_OUTPUTS_HASH. Handling time: 0. Response time: 0.
[NX v22.5.4 Daemon Client] - 2026-03-13T20:23:10.037Z - [Messenger] Received message, length: 2
[NX v22.5.4 Daemon Client] - 2026-03-13T20:23:10.438Z - [Messenger] Sending message type: RECORD_OUTPUTS_HASH
[NX v22.5.4 Daemon Client] - 2026-03-13T20:23:10.439Z - [Messenger] Message sent
[NX v22.5.4 Daemon Server] - 2026-03-13T20:23:10.439Z - Received raw message of length 120
[NX v22.5.4 Daemon Server] - 2026-03-13T20:23:10.440Z - Received json message of type RECORD_OUTPUTS_HASH
[NX v22.5.4 Daemon Server] - 2026-03-13T20:23:10.440Z - Serializing response for RECORD_OUTPUTS_HASH message in json mode
[NX v22.5.4 Daemon Server] - 2026-03-13T20:23:10.440Z - Responding to RECORD_OUTPUTS_HASH message
[NX v22.5.4 Daemon Server] - 2026-03-13T20:23:10.440Z - [REQUEST]: Responding to the client. recordOutputsHash
[NX v22.5.4 Daemon Server] - 2026-03-13T20:23:10.440Z - Done responding to the client recordOutputsHash
[NX v22.5.4 Daemon Server] - 2026-03-13T20:23:10.440Z - Handled json message RECORD_OUTPUTS_HASH. Handling time: 0. Response time: 0.
[NX v22.5.4 Daemon Client] - 2026-03-13T20:23:10.440Z - [Messenger] Received message, length: 2
[NX v22.5.4 Daemon Client] - 2026-03-13T20:23:10.615Z - [Messenger] Sending message type: RECORD_OUTPUTS_HASH
[NX v22.5.4 Daemon Client] - 2026-03-13T20:23:10.615Z - [Messenger] Message sent
[NX v22.5.4 Daemon Server] - 2026-03-13T20:23:10.615Z - Received raw message of length 125
[NX v22.5.4 Daemon Server] - 2026-03-13T20:23:10.615Z - Received json message of type RECORD_OUTPUTS_HASH
[NX v22.5.4 Daemon Server] - 2026-03-13T20:23:10.615Z - Serializing response for RECORD_OUTPUTS_HASH message in json mode
[NX v22.5.4 Daemon Server] - 2026-03-13T20:23:10.615Z - Responding to RECORD_OUTPUTS_HASH message
[NX v22.5.4 Daemon Server] - 2026-03-13T20:23:10.615Z - [REQUEST]: Responding to the client. recordOutputsHash
[NX v22.5.4 Daemon Server] - 2026-03-13T20:23:10.615Z - Done responding to the client recordOutputsHash
[NX v22.5.4 Daemon Server] - 2026-03-13T20:23:10.615Z - Handled json message RECORD_OUTPUTS_HASH. Handling time: 0. Response time: 0.
[NX v22.5.4 Daemon Client] - 2026-03-13T20:23:10.615Z - [Messenger] Received message, length: 2
[NX v22.5.4 Daemon Client] - 2026-03-13T20:23:11.504Z - [Messenger] Sending message type: RECORD_OUTPUTS_HASH
[NX v22.5.4 Daemon Client] - 2026-03-13T20:23:11.504Z - [Messenger] Message sent
[NX v22.5.4 Daemon Server] - 2026-03-13T20:23:11.504Z - Received raw message of length 113
[NX v22.5.4 Daemon Server] - 2026-03-13T20:23:11.504Z - Received json message of type RECORD_OUTPUTS_HASH
[NX v22.5.4 Daemon Server] - 2026-03-13T20:23:11.504Z - Serializing response for RECORD_OUTPUTS_HASH message in json mode
[NX v22.5.4 Daemon Server] - 2026-03-13T20:23:11.504Z - Responding to RECORD_OUTPUTS_HASH message
[NX v22.5.4 Daemon Server] - 2026-03-13T20:23:11.504Z - [REQUEST]: Responding to the client. recordOutputsHash
[NX v22.5.4 Daemon Server] - 2026-03-13T20:23:11.504Z - Done responding to the client recordOutputsHash
[NX v22.5.4 Daemon Server] - 2026-03-13T20:23:11.504Z - Handled json message RECORD_OUTPUTS_HASH. Handling time: 0. Response time: 0.
[NX v22.5.4 Daemon Client] - 2026-03-13T20:23:11.505Z - [Messenger] Received message, length: 2
[NX v22.5.4 Daemon Client] - 2026-03-13T20:23:11.589Z - [Messenger] Sending message type: RECORD_OUTPUTS_HASH
[NX v22.5.4 Daemon Client] - 2026-03-13T20:23:11.589Z - [Messenger] Message sent
[NX v22.5.4 Daemon Server] - 2026-03-13T20:23:11.589Z - Received raw message of length 114
[NX v22.5.4 Daemon Server] - 2026-03-13T20:23:11.589Z - Received json message of type RECORD_OUTPUTS_HASH
[NX v22.5.4 Daemon Server] - 2026-03-13T20:23:11.589Z - Serializing response for RECORD_OUTPUTS_HASH message in json mode
[NX v22.5.4 Daemon Server] - 2026-03-13T20:23:11.589Z - Responding to RECORD_OUTPUTS_HASH message
[NX v22.5.4 Daemon Server] - 2026-03-13T20:23:11.589Z - [REQUEST]: Responding to the client. recordOutputsHash
[NX v22.5.4 Daemon Server] - 2026-03-13T20:23:11.589Z - Done responding to the client recordOutputsHash
[NX v22.5.4 Daemon Client] - 2026-03-13T20:23:11.589Z - [Messenger] Received message, length: 2
[NX v22.5.4 Daemon Server] - 2026-03-13T20:23:11.589Z - Handled json message RECORD_OUTPUTS_HASH. Handling time: 0. Response time: 0.
[NX v22.5.4 Daemon Client] - 2026-03-13T20:23:11.722Z - [Messenger] Sending message type: RECORD_OUTPUTS_HASH
[NX v22.5.4 Daemon Client] - 2026-03-13T20:23:11.722Z - [Messenger] Message sent
[NX v22.5.4 Daemon Server] - 2026-03-13T20:23:11.722Z - Received raw message of length 120
[NX v22.5.4 Daemon Server] - 2026-03-13T20:23:11.722Z - Received json message of type RECORD_OUTPUTS_HASH
[NX v22.5.4 Daemon Server] - 2026-03-13T20:23:11.722Z - Serializing response for RECORD_OUTPUTS_HASH message in json mode
[NX v22.5.4 Daemon Server] - 2026-03-13T20:23:11.722Z - Responding to RECORD_OUTPUTS_HASH message
[NX v22.5.4 Daemon Server] - 2026-03-13T20:23:11.722Z - [REQUEST]: Responding to the client. recordOutputsHash
[NX v22.5.4 Daemon Server] - 2026-03-13T20:23:11.722Z - Done responding to the client recordOutputsHash
[NX v22.5.4 Daemon Server] - 2026-03-13T20:23:11.722Z - Handled json message RECORD_OUTPUTS_HASH. Handling time: 0. Response time: 0.
[NX v22.5.4 Daemon Client] - 2026-03-13T20:23:11.722Z - [Messenger] Received message, length: 2
[NX v22.5.4 Daemon Client] - 2026-03-13T20:23:12.538Z - [Messenger] Sending message type: RECORD_OUTPUTS_HASH
[NX v22.5.4 Daemon Client] - 2026-03-13T20:23:12.538Z - [Messenger] Message sent
[NX v22.5.4 Daemon Server] - 2026-03-13T20:23:12.538Z - Received raw message of length 118
[NX v22.5.4 Daemon Server] - 2026-03-13T20:23:12.538Z - Received json message of type RECORD_OUTPUTS_HASH
[NX v22.5.4 Daemon Server] - 2026-03-13T20:23:12.538Z - Serializing response for RECORD_OUTPUTS_HASH message in json mode
[NX v22.5.4 Daemon Server] - 2026-03-13T20:23:12.538Z - Responding to RECORD_OUTPUTS_HASH message
[NX v22.5.4 Daemon Server] - 2026-03-13T20:23:12.538Z - [REQUEST]: Responding to the client. recordOutputsHash
[NX v22.5.4 Daemon Server] - 2026-03-13T20:23:12.538Z - Done responding to the client recordOutputsHash
[NX v22.5.4 Daemon Server] - 2026-03-13T20:23:12.539Z - Handled json message RECORD_OUTPUTS_HASH. Handling time: 0. Response time: 1.
[NX v22.5.4 Daemon Client] - 2026-03-13T20:23:12.539Z - [Messenger] Received message, length: 2
[NX v22.5.4 Daemon Client] - 2026-03-13T20:23:12.888Z - [Messenger] Sending message type: RECORD_OUTPUTS_HASH
[NX v22.5.4 Daemon Client] - 2026-03-13T20:23:12.888Z - [Messenger] Message sent
[NX v22.5.4 Daemon Server] - 2026-03-13T20:23:12.888Z - Received raw message of length 116
[NX v22.5.4 Daemon Server] - 2026-03-13T20:23:12.888Z - Received json message of type RECORD_OUTPUTS_HASH
[NX v22.5.4 Daemon Server] - 2026-03-13T20:23:12.888Z - Serializing response for RECORD_OUTPUTS_HASH message in json mode
[NX v22.5.4 Daemon Server] - 2026-03-13T20:23:12.888Z - Responding to RECORD_OUTPUTS_HASH message
[NX v22.5.4 Daemon Server] - 2026-03-13T20:23:12.888Z - [REQUEST]: Responding to the client. recordOutputsHash
[NX v22.5.4 Daemon Server] - 2026-03-13T20:23:12.888Z - Done responding to the client recordOutputsHash
[NX v22.5.4 Daemon Server] - 2026-03-13T20:23:12.888Z - Handled json message RECORD_OUTPUTS_HASH. Handling time: 0. Response time: 0.
[NX v22.5.4 Daemon Client] - 2026-03-13T20:23:12.888Z - [Messenger] Received message, length: 2
[NX v22.5.4 Daemon Client] - 2026-03-13T20:23:12.897Z - [Messenger] Sending message type: RECORD_OUTPUTS_HASH
[NX v22.5.4 Daemon Client] - 2026-03-13T20:23:12.897Z - [Messenger] Message sent
[NX v22.5.4 Daemon Server] - 2026-03-13T20:23:12.897Z - Received raw message of length 118
[NX v22.5.4 Daemon Server] - 2026-03-13T20:23:12.897Z - Received json message of type RECORD_OUTPUTS_HASH
[NX v22.5.4 Daemon Server] - 2026-03-13T20:23:12.897Z - Serializing response for RECORD_OUTPUTS_HASH message in json mode
[NX v22.5.4 Daemon Server] - 2026-03-13T20:23:12.897Z - Responding to RECORD_OUTPUTS_HASH message
[NX v22.5.4 Daemon Server] - 2026-03-13T20:23:12.897Z - [REQUEST]: Responding to the client. recordOutputsHash
[NX v22.5.4 Daemon Server] - 2026-03-13T20:23:12.897Z - Done responding to the client recordOutputsHash
[NX v22.5.4 Daemon Server] - 2026-03-13T20:23:12.897Z - Handled json message RECORD_OUTPUTS_HASH. Handling time: 0. Response time: 0.
[NX v22.5.4 Daemon Client] - 2026-03-13T20:23:12.898Z - [Messenger] Received message, length: 2
[NX v22.5.4 Daemon Client] - 2026-03-13T20:23:13.605Z - [Messenger] Sending message type: RECORD_OUTPUTS_HASH
[NX v22.5.4 Daemon Client] - 2026-03-13T20:23:13.605Z - [Messenger] Message sent
[NX v22.5.4 Daemon Server] - 2026-03-13T20:23:13.605Z - Received raw message of length 115
[NX v22.5.4 Daemon Server] - 2026-03-13T20:23:13.605Z - Received json message of type RECORD_OUTPUTS_HASH
[NX v22.5.4 Daemon Server] - 2026-03-13T20:23:13.605Z - Serializing response for RECORD_OUTPUTS_HASH message in json mode
[NX v22.5.4 Daemon Server] - 2026-03-13T20:23:13.605Z - Responding to RECORD_OUTPUTS_HASH message
[NX v22.5.4 Daemon Server] - 2026-03-13T20:23:13.605Z - [REQUEST]: Responding to the client. recordOutputsHash
[NX v22.5.4 Daemon Server] - 2026-03-13T20:23:13.605Z - Done responding to the client recordOutputsHash
[NX v22.5.4 Daemon Server] - 2026-03-13T20:23:13.605Z - Handled json message RECORD_OUTPUTS_HASH. Handling time: 0. Response time: 0.
[NX v22.5.4 Daemon Client] - 2026-03-13T20:23:13.606Z - [Messenger] Received message, length: 2
[NX v22.5.4 Daemon Client] - 2026-03-13T20:23:14.241Z - [Messenger] Sending message type: RECORD_OUTPUTS_HASH
[NX v22.5.4 Daemon Client] - 2026-03-13T20:23:14.241Z - [Messenger] Message sent
[NX v22.5.4 Daemon Server] - 2026-03-13T20:23:14.241Z - Received raw message of length 110
[NX v22.5.4 Daemon Server] - 2026-03-13T20:23:14.241Z - Received json message of type RECORD_OUTPUTS_HASH
[NX v22.5.4 Daemon Server] - 2026-03-13T20:23:14.241Z - Serializing response for RECORD_OUTPUTS_HASH message in json mode
[NX v22.5.4 Daemon Server] - 2026-03-13T20:23:14.241Z - Responding to RECORD_OUTPUTS_HASH message
[NX v22.5.4 Daemon Server] - 2026-03-13T20:23:14.241Z - [REQUEST]: Responding to the client. recordOutputsHash
[NX v22.5.4 Daemon Server] - 2026-03-13T20:23:14.241Z - Done responding to the client recordOutputsHash
[NX v22.5.4 Daemon Server] - 2026-03-13T20:23:14.241Z - Handled json message RECORD_OUTPUTS_HASH. Handling time: 0. Response time: 0.
[NX v22.5.4 Daemon Client] - 2026-03-13T20:23:14.241Z - [Messenger] Received message, length: 2
[NX v22.5.4 Daemon Client] - 2026-03-13T20:23:14.579Z - [Messenger] Sending message type: RECORD_OUTPUTS_HASH
[NX v22.5.4 Daemon Server] - 2026-03-13T20:23:14.579Z - Received raw message of length 108
[NX v22.5.4 Daemon Server] - 2026-03-13T20:23:14.579Z - Received json message of type RECORD_OUTPUTS_HASH
[NX v22.5.4 Daemon Server] - 2026-03-13T20:23:14.579Z - Serializing response for RECORD_OUTPUTS_HASH message in json mode
[NX v22.5.4 Daemon Server] - 2026-03-13T20:23:14.579Z - Responding to RECORD_OUTPUTS_HASH message
[NX v22.5.4 Daemon Server] - 2026-03-13T20:23:14.579Z - [REQUEST]: Responding to the client. recordOutputsHash
[NX v22.5.4 Daemon Server] - 2026-03-13T20:23:14.579Z - Done responding to the client recordOutputsHash
[NX v22.5.4 Daemon Server] - 2026-03-13T20:23:14.579Z - Handled json message RECORD_OUTPUTS_HASH. Handling time: 0. Response time: 0.
[NX v22.5.4 Daemon Client] - 2026-03-13T20:23:14.579Z - [Messenger] Message sent
[NX v22.5.4 Daemon Client] - 2026-03-13T20:23:14.579Z - [Messenger] Received message, length: 2
[NX v22.5.4 Daemon Client] - 2026-03-13T20:23:15.852Z - [Messenger] Sending message type: RECORD_OUTPUTS_HASH
[NX v22.5.4 Daemon Client] - 2026-03-13T20:23:15.852Z - [Messenger] Message sent
[NX v22.5.4 Daemon Server] - 2026-03-13T20:23:15.853Z - Received raw message of length 118
[NX v22.5.4 Daemon Server] - 2026-03-13T20:23:15.853Z - Received json message of type RECORD_OUTPUTS_HASH
[NX v22.5.4 Daemon Server] - 2026-03-13T20:23:15.853Z - Serializing response for RECORD_OUTPUTS_HASH message in json mode
[NX v22.5.4 Daemon Server] - 2026-03-13T20:23:15.853Z - Responding to RECORD_OUTPUTS_HASH message
[NX v22.5.4 Daemon Server] - 2026-03-13T20:23:15.853Z - [REQUEST]: Responding to the client. recordOutputsHash
[NX v22.5.4 Daemon Server] - 2026-03-13T20:23:15.853Z - Done responding to the client recordOutputsHash
[NX v22.5.4 Daemon Server] - 2026-03-13T20:23:15.853Z - Handled json message RECORD_OUTPUTS_HASH. Handling time: 0. Response time: 0.
[NX v22.5.4 Daemon Client] - 2026-03-13T20:23:15.853Z - [Messenger] Received message, length: 2
[NX v22.5.4 Daemon Client] - 2026-03-13T20:23:19.265Z - [Messenger] Sending message type: RECORD_OUTPUTS_HASH
[NX v22.5.4 Daemon Client] - 2026-03-13T20:23:19.265Z - [Messenger] Message sent
[NX v22.5.4 Daemon Server] - 2026-03-13T20:23:19.265Z - Received raw message of length 117
[NX v22.5.4 Daemon Server] - 2026-03-13T20:23:19.265Z - Received json message of type RECORD_OUTPUTS_HASH
[NX v22.5.4 Daemon Server] - 2026-03-13T20:23:19.265Z - Serializing response for RECORD_OUTPUTS_HASH message in json mode
[NX v22.5.4 Daemon Server] - 2026-03-13T20:23:19.265Z - Responding to RECORD_OUTPUTS_HASH message
[NX v22.5.4 Daemon Server] - 2026-03-13T20:23:19.265Z - [REQUEST]: Responding to the client. recordOutputsHash
[NX v22.5.4 Daemon Server] - 2026-03-13T20:23:19.265Z - Done responding to the client recordOutputsHash
[NX v22.5.4 Daemon Server] - 2026-03-13T20:23:19.265Z - Handled json message RECORD_OUTPUTS_HASH. Handling time: 0. Response time: 0.
[NX v22.5.4 Daemon Client] - 2026-03-13T20:23:19.265Z - [Messenger] Received message, length: 2
[NX v22.5.4 Daemon Client] - 2026-03-13T20:23:19.972Z - [Messenger] Sending message type: RECORD_OUTPUTS_HASH
[NX v22.5.4 Daemon Client] - 2026-03-13T20:23:19.972Z - [Messenger] Message sent
[NX v22.5.4 Daemon Server] - 2026-03-13T20:23:19.972Z - Received raw message of length 114
[NX v22.5.4 Daemon Server] - 2026-03-13T20:23:19.972Z - Received json message of type RECORD_OUTPUTS_HASH
[NX v22.5.4 Daemon Server] - 2026-03-13T20:23:19.972Z - Serializing response for RECORD_OUTPUTS_HASH message in json mode
[NX v22.5.4 Daemon Server] - 2026-03-13T20:23:19.972Z - Responding to RECORD_OUTPUTS_HASH message
[NX v22.5.4 Daemon Server] - 2026-03-13T20:23:19.972Z - [REQUEST]: Responding to the client. recordOutputsHash
[NX v22.5.4 Daemon Server] - 2026-03-13T20:23:19.972Z - Done responding to the client recordOutputsHash
[NX v22.5.4 Daemon Server] - 2026-03-13T20:23:19.972Z - Handled json message RECORD_OUTPUTS_HASH. Handling time: 0. Response time: 0.
[NX v22.5.4 Daemon Client] - 2026-03-13T20:23:19.972Z - [Messenger] Received message, length: 2
[NX v22.5.4 Daemon Client] - 2026-03-13T20:23:22.799Z - [Messenger] Sending message type: RECORD_OUTPUTS_HASH
[NX v22.5.4 Daemon Client] - 2026-03-13T20:23:22.799Z - [Messenger] Message sent
[NX v22.5.4 Daemon Server] - 2026-03-13T20:23:22.800Z - Received raw message of length 122
[NX v22.5.4 Daemon Server] - 2026-03-13T20:23:22.800Z - Received json message of type RECORD_OUTPUTS_HASH
[NX v22.5.4 Daemon Server] - 2026-03-13T20:23:22.800Z - Serializing response for RECORD_OUTPUTS_HASH message in json mode
[NX v22.5.4 Daemon Server] - 2026-03-13T20:23:22.800Z - Responding to RECORD_OUTPUTS_HASH message
[NX v22.5.4 Daemon Server] - 2026-03-13T20:23:22.800Z - [REQUEST]: Responding to the client. recordOutputsHash
[NX v22.5.4 Daemon Server] - 2026-03-13T20:23:22.800Z - Done responding to the client recordOutputsHash
[NX v22.5.4 Daemon Server] - 2026-03-13T20:23:22.800Z - Handled json message RECORD_OUTPUTS_HASH. Handling time: 0. Response time: 0.
[NX v22.5.4 Daemon Client] - 2026-03-13T20:23:22.801Z - [Messenger] Received message, length: 2
[NX v22.5.4 Daemon Client] - 2026-03-13T20:23:23.600Z - [Messenger] Sending message type: RECORD_OUTPUTS_HASH
[NX v22.5.4 Daemon Client] - 2026-03-13T20:23:23.600Z - [Messenger] Message sent
[NX v22.5.4 Daemon Server] - 2026-03-13T20:23:23.600Z - Received raw message of length 119
[NX v22.5.4 Daemon Server] - 2026-03-13T20:23:23.601Z - Received json message of type RECORD_OUTPUTS_HASH
[NX v22.5.4 Daemon Server] - 2026-03-13T20:23:23.601Z - Serializing response for RECORD_OUTPUTS_HASH message in json mode
[NX v22.5.4 Daemon Server] - 2026-03-13T20:23:23.601Z - Responding to RECORD_OUTPUTS_HASH message
[NX v22.5.4 Daemon Server] - 2026-03-13T20:23:23.601Z - [REQUEST]: Responding to the client. recordOutputsHash
[NX v22.5.4 Daemon Server] - 2026-03-13T20:23:23.601Z - Done responding to the client recordOutputsHash
[NX v22.5.4 Daemon Server] - 2026-03-13T20:23:23.601Z - Handled json message RECORD_OUTPUTS_HASH. Handling time: 0. Response time: 0.
[NX v22.5.4 Daemon Client] - 2026-03-13T20:23:23.601Z - [Messenger] Received message, length: 2
[NX v22.5.4 Daemon Client] - 2026-03-13T20:23:23.805Z - [Messenger] Sending message type: RECORD_OUTPUTS_HASH
[NX v22.5.4 Daemon Client] - 2026-03-13T20:23:23.805Z - [Messenger] Message sent
[NX v22.5.4 Daemon Server] - 2026-03-13T20:23:23.805Z - Received raw message of length 121
[NX v22.5.4 Daemon Server] - 2026-03-13T20:23:23.805Z - Received json message of type RECORD_OUTPUTS_HASH
[NX v22.5.4 Daemon Server] - 2026-03-13T20:23:23.805Z - Serializing response for RECORD_OUTPUTS_HASH message in json mode
[NX v22.5.4 Daemon Server] - 2026-03-13T20:23:23.805Z - Responding to RECORD_OUTPUTS_HASH message
[NX v22.5.4 Daemon Server] - 2026-03-13T20:23:23.805Z - [REQUEST]: Responding to the client. recordOutputsHash
[NX v22.5.4 Daemon Server] - 2026-03-13T20:23:23.805Z - Done responding to the client recordOutputsHash
[NX v22.5.4 Daemon Server] - 2026-03-13T20:23:23.805Z - Handled json message RECORD_OUTPUTS_HASH. Handling time: 0. Response time: 0.
[NX v22.5.4 Daemon Client] - 2026-03-13T20:23:23.805Z - [Messenger] Received message, length: 2
[NX v22.5.4 Daemon Client] - 2026-03-13T20:23:27.888Z - [Messenger] Sending message type: RECORD_OUTPUTS_HASH
[NX v22.5.4 Daemon Client] - 2026-03-13T20:23:27.888Z - [Messenger] Message sent
[NX v22.5.4 Daemon Server] - 2026-03-13T20:23:27.888Z - Received raw message of length 121
[NX v22.5.4 Daemon Server] - 2026-03-13T20:23:27.888Z - Received json message of type RECORD_OUTPUTS_HASH
[NX v22.5.4 Daemon Server] - 2026-03-13T20:23:27.888Z - Serializing response for RECORD_OUTPUTS_HASH message in json mode
[NX v22.5.4 Daemon Server] - 2026-03-13T20:23:27.888Z - Responding to RECORD_OUTPUTS_HASH message
[NX v22.5.4 Daemon Server] - 2026-03-13T20:23:27.888Z - [REQUEST]: Responding to the client. recordOutputsHash
[NX v22.5.4 Daemon Server] - 2026-03-13T20:23:27.888Z - Done responding to the client recordOutputsHash
[NX v22.5.4 Daemon Server] - 2026-03-13T20:23:27.888Z - Handled json message RECORD_OUTPUTS_HASH. Handling time: 0. Response time: 0.
[NX v22.5.4 Daemon Client] - 2026-03-13T20:23:27.888Z - [Messenger] Received message, length: 2
[NX v22.5.4 Daemon Client] - 2026-03-13T20:23:29.221Z - [Messenger] Sending message type: RECORD_OUTPUTS_HASH
[NX v22.5.4 Daemon Client] - 2026-03-13T20:23:29.221Z - [Messenger] Message sent
[NX v22.5.4 Daemon Server] - 2026-03-13T20:23:29.221Z - Received raw message of length 120
[NX v22.5.4 Daemon Server] - 2026-03-13T20:23:29.221Z - Received json message of type RECORD_OUTPUTS_HASH
[NX v22.5.4 Daemon Server] - 2026-03-13T20:23:29.222Z - Serializing response for RECORD_OUTPUTS_HASH message in json mode
[NX v22.5.4 Daemon Server] - 2026-03-13T20:23:29.222Z - Responding to RECORD_OUTPUTS_HASH message
[NX v22.5.4 Daemon Server] - 2026-03-13T20:23:29.222Z - [REQUEST]: Responding to the client. recordOutputsHash
[NX v22.5.4 Daemon Server] - 2026-03-13T20:23:29.222Z - Done responding to the client recordOutputsHash
[NX v22.5.4 Daemon Server] - 2026-03-13T20:23:29.222Z - Handled json message RECORD_OUTPUTS_HASH. Handling time: 1. Response time: 0.
[NX v22.5.4 Daemon Client] - 2026-03-13T20:23:29.222Z - [Messenger] Received message, length: 2
[NX v22.5.4 Daemon Client] - 2026-03-13T20:23:30.630Z - [Messenger] Sending message type: RECORD_OUTPUTS_HASH
[NX v22.5.4 Daemon Client] - 2026-03-13T20:23:30.630Z - [Messenger] Message sent
[NX v22.5.4 Daemon Server] - 2026-03-13T20:23:30.630Z - Received raw message of length 121
[NX v22.5.4 Daemon Server] - 2026-03-13T20:23:30.630Z - Received json message of type RECORD_OUTPUTS_HASH
[NX v22.5.4 Daemon Server] - 2026-03-13T20:23:30.630Z - Serializing response for RECORD_OUTPUTS_HASH message in json mode
[NX v22.5.4 Daemon Server] - 2026-03-13T20:23:30.630Z - Responding to RECORD_OUTPUTS_HASH message
[NX v22.5.4 Daemon Server] - 2026-03-13T20:23:30.630Z - [REQUEST]: Responding to the client. recordOutputsHash
[NX v22.5.4 Daemon Server] - 2026-03-13T20:23:30.630Z - Done responding to the client recordOutputsHash
[NX v22.5.4 Daemon Server] - 2026-03-13T20:23:30.630Z - Handled json message RECORD_OUTPUTS_HASH. Handling time: 0. Response time: 0.
[NX v22.5.4 Daemon Client] - 2026-03-13T20:23:30.631Z - [Messenger] Received message, length: 2
[NX v22.5.4 Daemon Client] - 2026-03-13T20:23:34.501Z - [Messenger] Sending message type: RECORD_OUTPUTS_HASH
[NX v22.5.4 Daemon Client] - 2026-03-13T20:23:34.501Z - [Messenger] Message sent
[NX v22.5.4 Daemon Server] - 2026-03-13T20:23:34.501Z - Received raw message of length 128
[NX v22.5.4 Daemon Server] - 2026-03-13T20:23:34.501Z - Received json message of type RECORD_OUTPUTS_HASH
[NX v22.5.4 Daemon Server] - 2026-03-13T20:23:34.501Z - Serializing response for RECORD_OUTPUTS_HASH message in json mode
[NX v22.5.4 Daemon Server] - 2026-03-13T20:23:34.501Z - Responding to RECORD_OUTPUTS_HASH message
[NX v22.5.4 Daemon Server] - 2026-03-13T20:23:34.501Z - [REQUEST]: Responding to the client. recordOutputsHash
[NX v22.5.4 Daemon Server] - 2026-03-13T20:23:34.501Z - Done responding to the client recordOutputsHash
[NX v22.5.4 Daemon Server] - 2026-03-13T20:23:34.501Z - Handled json message RECORD_OUTPUTS_HASH. Handling time: 0. Response time: 0.
[NX v22.5.4 Daemon Client] - 2026-03-13T20:23:34.501Z - [Messenger] Received message, length: 2
[NX v22.5.4 Daemon Client] - 2026-03-13T20:23:36.652Z - [Messenger] Sending message type: RECORD_OUTPUTS_HASH
[NX v22.5.4 Daemon Client] - 2026-03-13T20:23:36.652Z - [Messenger] Message sent
[NX v22.5.4 Daemon Server] - 2026-03-13T20:23:36.652Z - Received raw message of length 121
[NX v22.5.4 Daemon Server] - 2026-03-13T20:23:36.652Z - Received json message of type RECORD_OUTPUTS_HASH
[NX v22.5.4 Daemon Server] - 2026-03-13T20:23:36.652Z - Serializing response for RECORD_OUTPUTS_HASH message in json mode
[NX v22.5.4 Daemon Server] - 2026-03-13T20:23:36.652Z - Responding to RECORD_OUTPUTS_HASH message
[NX v22.5.4 Daemon Server] - 2026-03-13T20:23:36.652Z - [REQUEST]: Responding to the client. recordOutputsHash
[NX v22.5.4 Daemon Server] - 2026-03-13T20:23:36.652Z - Done responding to the client recordOutputsHash
[NX v22.5.4 Daemon Server] - 2026-03-13T20:23:36.652Z - Handled json message RECORD_OUTPUTS_HASH. Handling time: 0. Response time: 0.
[NX v22.5.4 Daemon Client] - 2026-03-13T20:23:36.652Z - [Messenger] Received message, length: 2
[NX v22.5.4 Daemon Client] - 2026-03-13T20:23:37.135Z - [Messenger] Sending message type: RECORD_OUTPUTS_HASH
[NX v22.5.4 Daemon Client] - 2026-03-13T20:23:37.135Z - [Messenger] Message sent
[NX v22.5.4 Daemon Server] - 2026-03-13T20:23:37.135Z - Received raw message of length 122
[NX v22.5.4 Daemon Server] - 2026-03-13T20:23:37.135Z - Received json message of type RECORD_OUTPUTS_HASH
[NX v22.5.4 Daemon Server] - 2026-03-13T20:23:37.135Z - Serializing response for RECORD_OUTPUTS_HASH message in json mode
[NX v22.5.4 Daemon Server] - 2026-03-13T20:23:37.135Z - Responding to RECORD_OUTPUTS_HASH message
[NX v22.5.4 Daemon Server] - 2026-03-13T20:23:37.135Z - [REQUEST]: Responding to the client. recordOutputsHash
[NX v22.5.4 Daemon Server] - 2026-03-13T20:23:37.135Z - Done responding to the client recordOutputsHash
[NX v22.5.4 Daemon Server] - 2026-03-13T20:23:37.135Z - Handled json message RECORD_OUTPUTS_HASH. Handling time: 0. Response time: 0.
[NX v22.5.4 Daemon Client] - 2026-03-13T20:23:37.135Z - [Messenger] Received message, length: 2
[NX v22.5.4 Daemon Client] - 2026-03-13T20:23:39.631Z - [Messenger] Sending message type: RECORD_OUTPUTS_HASH
[NX v22.5.4 Daemon Client] - 2026-03-13T20:23:39.631Z - [Messenger] Message sent
[NX v22.5.4 Daemon Server] - 2026-03-13T20:23:39.631Z - Received raw message of length 123
[NX v22.5.4 Daemon Server] - 2026-03-13T20:23:39.631Z - Received json message of type RECORD_OUTPUTS_HASH
[NX v22.5.4 Daemon Server] - 2026-03-13T20:23:39.631Z - Serializing response for RECORD_OUTPUTS_HASH message in json mode
[NX v22.5.4 Daemon Server] - 2026-03-13T20:23:39.632Z - Responding to RECORD_OUTPUTS_HASH message
[NX v22.5.4 Daemon Server] - 2026-03-13T20:23:39.632Z - [REQUEST]: Responding to the client. recordOutputsHash
[NX v22.5.4 Daemon Server] - 2026-03-13T20:23:39.632Z - Done responding to the client recordOutputsHash
[NX v22.5.4 Daemon Server] - 2026-03-13T20:23:39.632Z - Handled json message RECORD_OUTPUTS_HASH. Handling time: 0. Response time: 1.
[NX v22.5.4 Daemon Client] - 2026-03-13T20:23:39.632Z - [Messenger] Received message, length: 2
[NX v22.5.4 Daemon Client] - 2026-03-13T20:23:40.231Z - [Messenger] Sending message type: RECORD_OUTPUTS_HASH
[NX v22.5.4 Daemon Client] - 2026-03-13T20:23:40.231Z - [Messenger] Message sent
[NX v22.5.4 Daemon Server] - 2026-03-13T20:23:40.231Z - Received raw message of length 122
[NX v22.5.4 Daemon Server] - 2026-03-13T20:23:40.231Z - Received json message of type RECORD_OUTPUTS_HASH
[NX v22.5.4 Daemon Server] - 2026-03-13T20:23:40.231Z - Serializing response for RECORD_OUTPUTS_HASH message in json mode
[NX v22.5.4 Daemon Server] - 2026-03-13T20:23:40.231Z - Responding to RECORD_OUTPUTS_HASH message
[NX v22.5.4 Daemon Server] - 2026-03-13T20:23:40.231Z - [REQUEST]: Responding to the client. recordOutputsHash
[NX v22.5.4 Daemon Server] - 2026-03-13T20:23:40.231Z - Done responding to the client recordOutputsHash
[NX v22.5.4 Daemon Server] - 2026-03-13T20:23:40.231Z - Handled json message RECORD_OUTPUTS_HASH. Handling time: 0. Response time: 0.
[NX v22.5.4 Daemon Client] - 2026-03-13T20:23:40.231Z - [Messenger] Received message, length: 2
[NX v22.5.4 Daemon Client] - 2026-03-13T20:23:42.777Z - [Messenger] Sending message type: RECORD_OUTPUTS_HASH
[NX v22.5.4 Daemon Client] - 2026-03-13T20:23:42.777Z - [Messenger] Message sent
[NX v22.5.4 Daemon Server] - 2026-03-13T20:23:42.777Z - Received raw message of length 118
[NX v22.5.4 Daemon Server] - 2026-03-13T20:23:42.778Z - Received json message of type RECORD_OUTPUTS_HASH
[NX v22.5.4 Daemon Server] - 2026-03-13T20:23:42.778Z - Serializing response for RECORD_OUTPUTS_HASH message in json mode
[NX v22.5.4 Daemon Server] - 2026-03-13T20:23:42.778Z - Responding to RECORD_OUTPUTS_HASH message
[NX v22.5.4 Daemon Server] - 2026-03-13T20:23:42.778Z - [REQUEST]: Responding to the client. recordOutputsHash
[NX v22.5.4 Daemon Server] - 2026-03-13T20:23:42.778Z - Done responding to the client recordOutputsHash
[NX v22.5.4 Daemon Server] - 2026-03-13T20:23:42.778Z - Handled json message RECORD_OUTPUTS_HASH. Handling time: 0. Response time: 0.
[NX v22.5.4 Daemon Client] - 2026-03-13T20:23:42.778Z - [Messenger] Received message, length: 2
[NX v22.5.4 Daemon Client] - 2026-03-13T20:23:43.398Z - [Messenger] Sending message type: RECORD_OUTPUTS_HASH
[NX v22.5.4 Daemon Client] - 2026-03-13T20:23:43.398Z - [Messenger] Message sent
[NX v22.5.4 Daemon Server] - 2026-03-13T20:23:43.399Z - Received raw message of length 117
[NX v22.5.4 Daemon Server] - 2026-03-13T20:23:43.399Z - Received json message of type RECORD_OUTPUTS_HASH
[NX v22.5.4 Daemon Server] - 2026-03-13T20:23:43.399Z - Serializing response for RECORD_OUTPUTS_HASH message in json mode
[NX v22.5.4 Daemon Server] - 2026-03-13T20:23:43.399Z - Responding to RECORD_OUTPUTS_HASH message
[NX v22.5.4 Daemon Server] - 2026-03-13T20:23:43.399Z - [REQUEST]: Responding to the client. recordOutputsHash
[NX v22.5.4 Daemon Server] - 2026-03-13T20:23:43.399Z - Done responding to the client recordOutputsHash
[NX v22.5.4 Daemon Server] - 2026-03-13T20:23:43.399Z - Handled json message RECORD_OUTPUTS_HASH. Handling time: 0. Response time: 0.
[NX v22.5.4 Daemon Client] - 2026-03-13T20:23:43.399Z - [Messenger] Received message, length: 2
[NX v22.5.4 Daemon Client] - 2026-03-13T20:23:51.067Z - [Messenger] Sending message type: RECORD_OUTPUTS_HASH
[NX v22.5.4 Daemon Client] - 2026-03-13T20:23:51.069Z - [Messenger] Message sent
[NX v22.5.4 Daemon Server] - 2026-03-13T20:23:51.069Z - Received raw message of length 106
[NX v22.5.4 Daemon Server] - 2026-03-13T20:23:51.069Z - Received json message of type RECORD_OUTPUTS_HASH
[NX v22.5.4 Daemon Server] - 2026-03-13T20:23:51.069Z - Serializing response for RECORD_OUTPUTS_HASH message in json mode
[NX v22.5.4 Daemon Server] - 2026-03-13T20:23:51.069Z - Responding to RECORD_OUTPUTS_HASH message
[NX v22.5.4 Daemon Server] - 2026-03-13T20:23:51.069Z - [REQUEST]: Responding to the client. recordOutputsHash
[NX v22.5.4 Daemon Server] - 2026-03-13T20:23:51.069Z - Done responding to the client recordOutputsHash
[NX v22.5.4 Daemon Server] - 2026-03-13T20:23:51.069Z - Handled json message RECORD_OUTPUTS_HASH. Handling time: 0. Response time: 0.
[NX v22.5.4 Daemon Client] - 2026-03-13T20:23:51.071Z - [Messenger] Received message, length: 2
[NX v22.5.4 Daemon Client] - 2026-03-13T20:23:51.079Z - [Messenger] Sending message type: RECORD_TASK_RUNS
[NX v22.5.4 Daemon Client] - 2026-03-13T20:23:51.079Z - [Messenger] Message sent
[NX v22.5.4 Daemon Server] - 2026-03-13T20:23:51.079Z - Received raw message of length 6267
[NX v22.5.4 Daemon Server] - 2026-03-13T20:23:51.079Z - Received json message of type RECORD_TASK_RUNS
[NX v22.5.4 Daemon Server] - 2026-03-13T20:23:51.080Z - Serializing response for RECORD_TASK_RUNS message in json mode
[NX v22.5.4 Daemon Server] - 2026-03-13T20:23:51.080Z - Responding to RECORD_TASK_RUNS message
[NX v22.5.4 Daemon Server] - 2026-03-13T20:23:51.080Z - [REQUEST]: Responding to the client. handleRecordTaskRuns
[NX v22.5.4 Daemon Server] - 2026-03-13T20:23:51.080Z - Done responding to the client handleRecordTaskRuns
[NX v22.5.4 Daemon Server] - 2026-03-13T20:23:51.080Z - Handled json message RECORD_TASK_RUNS. Handling time: 1. Response time: 0.
[NX v22.5.4 Daemon Client] - 2026-03-13T20:23:51.081Z - [Messenger] Received message, length: 4
[NX v22.5.4 Daemon Client] - 2026-03-13T20:23:51.084Z - [Messenger] Sending message type: GET_FLAKY_TASKS
[NX v22.5.4 Daemon Client] - 2026-03-13T20:23:51.084Z - [Messenger] Message sent
[NX v22.5.4 Daemon Server] - 2026-03-13T20:23:51.085Z - Received raw message of length 822
[NX v22.5.4 Daemon Server] - 2026-03-13T20:23:51.085Z - Received json message of type GET_FLAKY_TASKS
[NX v22.5.4 Daemon Server] - 2026-03-13T20:23:51.085Z - Serializing response for GET_FLAKY_TASKS message in json mode
[NX v22.5.4 Daemon Server] - 2026-03-13T20:23:51.085Z - Responding to GET_FLAKY_TASKS message
[NX v22.5.4 Daemon Server] - 2026-03-13T20:23:51.085Z - [REQUEST]: Responding to the client. handleGetFlakyTasks
[NX v22.5.4 Daemon Server] - 2026-03-13T20:23:51.085Z - Done responding to the client handleGetFlakyTasks
[NX v22.5.4 Daemon Server] - 2026-03-13T20:23:51.085Z - Handled json message GET_FLAKY_TASKS. Handling time: 0. Response time: 0.
[NX v22.5.4 Daemon Client] - 2026-03-13T20:23:51.088Z - [Messenger] Received message, length: 2
[NX v22.5.4 Daemon Client] - 2026-03-13T20:23:51.569Z - [Messenger] Sending message type: POST_TASKS_EXECUTION
[NX v22.5.4 Daemon Client] - 2026-03-13T20:23:51.581Z - [Messenger] Message sent
[NX v22.5.4 Daemon Server] - 2026-03-13T20:23:51.706Z - Received raw message of length 2187302
[NX v22.5.4 Daemon Server] - 2026-03-13T20:23:51.717Z - Received json message of type POST_TASKS_EXECUTION
[NX v22.5.4 Daemon Server] - 2026-03-13T20:23:51.717Z - Serializing response for POST_TASKS_EXECUTION message in json mode
[NX v22.5.4 Daemon Server] - 2026-03-13T20:23:51.717Z - Responding to POST_TASKS_EXECUTION message
[NX v22.5.4 Daemon Server] - 2026-03-13T20:23:51.717Z - [REQUEST]: Responding to the client. handleRunPostTasksExecution
[NX v22.5.4 Daemon Server] - 2026-03-13T20:23:51.717Z - Done responding to the client handleRunPostTasksExecution
[NX v22.5.4 Daemon Server] - 2026-03-13T20:23:51.717Z - Handled json message POST_TASKS_EXECUTION. Handling time: 0. Response time: 0.
[NX v22.5.4 Daemon Server] - 2026-03-13T20:23:51.717Z - Time taken for 'postTasksExecution' 0.1849169999914011ms
[NX v22.5.4 Daemon Client] - 2026-03-13T20:23:51.720Z - [Messenger] Received message, length: 4
[NX v22.5.4 Daemon Server] - 2026-03-13T20:23:51.739Z - Closed a connection. Number of open connections: 0
[NX v22.5.4 Daemon Server] - 2026-03-13T20:23:59.103Z - Established a connection. Number of open connections: 1
[NX v22.5.4 Daemon Server] - 2026-03-13T20:23:59.103Z - Established a connection. Number of open connections: 2
[NX v22.5.4 Daemon Server] - 2026-03-13T20:23:59.103Z - Closed a connection. Number of open connections: 1
[NX v22.5.4 Daemon Server] - 2026-03-13T20:23:59.104Z - Established a connection. Number of open connections: 2
[NX v22.5.4 Daemon Server] - 2026-03-13T20:23:59.104Z - Closed a connection. Number of open connections: 1
[NX v22.5.4 Daemon Client] - 2026-03-13T20:23:59.103Z - [Messenger] Setting up socket listeners
[NX v22.5.4 Daemon Client] - 2026-03-13T20:23:59.105Z - [Messenger] listen() complete
[NX v22.5.4 Daemon Client] - 2026-03-13T20:23:59.109Z - [Messenger] Sending message type: GET_NX_CONSOLE_STATUS
[NX v22.5.4 Daemon Client] - 2026-03-13T20:23:59.110Z - [Messenger] Message sent
[NX v22.5.4 Daemon Server] - 2026-03-13T20:23:59.151Z - Received raw message of length 32
[NX v22.5.4 Daemon Server] - 2026-03-13T20:23:59.151Z - Received json message of type GET_NX_CONSOLE_STATUS
[NX v22.5.4 Daemon Server] - 2026-03-13T20:23:59.151Z - Serializing response for GET_NX_CONSOLE_STATUS message in json mode
[NX v22.5.4 Daemon Server] - 2026-03-13T20:23:59.151Z - Responding to GET_NX_CONSOLE_STATUS message
[NX v22.5.4 Daemon Server] - 2026-03-13T20:23:59.152Z - [REQUEST]: Responding to the client. handleGetNxConsoleStatus
[NX v22.5.4 Daemon Server] - 2026-03-13T20:23:59.152Z - Done responding to the client handleGetNxConsoleStatus
[NX v22.5.4 Daemon Server] - 2026-03-13T20:23:59.152Z - Handled json message GET_NX_CONSOLE_STATUS. Handling time: 0. Response time: 1.
[NX v22.5.4 Daemon Client] - 2026-03-13T20:23:59.152Z - [Messenger] Received message, length: 22
[NX v22.5.4 Daemon Client] - 2026-03-13T20:23:59.213Z - [Messenger] Sending message type: REQUEST_PROJECT_GRAPH
[NX v22.5.4 Daemon Client] - 2026-03-13T20:23:59.213Z - [Messenger] Message sent
[NX v22.5.4 Daemon Server] - 2026-03-13T20:23:59.214Z - Received raw message of length 32
[NX v22.5.4 Daemon Server] - 2026-03-13T20:23:59.214Z - Received json message of type REQUEST_PROJECT_GRAPH
[NX v22.5.4 Daemon Server] - 2026-03-13T20:23:59.214Z - [REQUEST]: Client Request for Project Graph Received
[NX v22.5.4 Daemon Server] - 2026-03-13T20:23:59.214Z - Reusing in-memory cached project graph because no files changed.
[NX v22.5.4 Daemon Server] - 2026-03-13T20:23:59.214Z - Serializing response for REQUEST_PROJECT_GRAPH message in json mode
[NX v22.5.4 Daemon Server] - 2026-03-13T20:23:59.214Z - Responding to REQUEST_PROJECT_GRAPH message
[NX v22.5.4 Daemon Server] - 2026-03-13T20:23:59.214Z - [REQUEST]: Responding to the client. project-graph
[NX v22.5.4 Daemon Server] - 2026-03-13T20:23:59.215Z - Time taken for 'total for creating and serializing project graph' 0.21566600000369363ms
[NX v22.5.4 Daemon Server] - 2026-03-13T20:23:59.241Z - Done responding to the client project-graph
[NX v22.5.4 Daemon Server] - 2026-03-13T20:23:59.241Z - Handled json message REQUEST_PROJECT_GRAPH. Handling time: 0. Response time: 27.
[NX v22.5.4 Daemon Client] - 2026-03-13T20:23:59.242Z - [Messenger] Received message, length: 1195648
[NX v22.5.4 Daemon Server] - 2026-03-13T20:23:59.255Z - Closed a connection. Number of open connections: 0
[NX v22.5.4 Daemon Server] - 2026-03-13T20:24:10.362Z - Established a connection. Number of open connections: 1
[NX v22.5.4 Daemon Server] - 2026-03-13T20:24:10.366Z - Closed a connection. Number of open connections: 0
[NX v22.5.4 Daemon Server] - 2026-03-13T20:24:10.368Z - Established a connection. Number of open connections: 1
[NX v22.5.4 Daemon Client] - 2026-03-13T20:24:10.369Z - [Messenger] Setting up socket listeners
[NX v22.5.4 Daemon Client] - 2026-03-13T20:24:10.370Z - [Messenger] listen() complete
[NX v22.5.4 Daemon Server] - 2026-03-13T20:24:10.370Z - Established a connection. Number of open connections: 2
[NX v22.5.4 Daemon Server] - 2026-03-13T20:24:10.371Z - Closed a connection. Number of open connections: 1
[NX v22.5.4 Daemon Client] - 2026-03-13T20:24:10.374Z - [Messenger] Sending message type: GET_NX_CONSOLE_STATUS
[NX v22.5.4 Daemon Client] - 2026-03-13T20:24:10.374Z - [Messenger] Message sent
[NX v22.5.4 Daemon Server] - 2026-03-13T20:24:10.403Z - Received raw message of length 32
[NX v22.5.4 Daemon Server] - 2026-03-13T20:24:10.404Z - Received json message of type GET_NX_CONSOLE_STATUS
[NX v22.5.4 Daemon Server] - 2026-03-13T20:24:10.404Z - Serializing response for GET_NX_CONSOLE_STATUS message in json mode
[NX v22.5.4 Daemon Server] - 2026-03-13T20:24:10.404Z - Responding to GET_NX_CONSOLE_STATUS message
[NX v22.5.4 Daemon Server] - 2026-03-13T20:24:10.404Z - [REQUEST]: Responding to the client. handleGetNxConsoleStatus
[NX v22.5.4 Daemon Server] - 2026-03-13T20:24:10.404Z - Done responding to the client handleGetNxConsoleStatus
[NX v22.5.4 Daemon Server] - 2026-03-13T20:24:10.404Z - Handled json message GET_NX_CONSOLE_STATUS. Handling time: 0. Response time: 0.
[NX v22.5.4 Daemon Client] - 2026-03-13T20:24:10.404Z - [Messenger] Received message, length: 22
[NX v22.5.4 Daemon Client] - 2026-03-13T20:24:10.441Z - [Messenger] Sending message type: REQUEST_PROJECT_GRAPH
[NX v22.5.4 Daemon Client] - 2026-03-13T20:24:10.442Z - [Messenger] Message sent
[NX v22.5.4 Daemon Server] - 2026-03-13T20:24:10.442Z - Received raw message of length 32
[NX v22.5.4 Daemon Server] - 2026-03-13T20:24:10.442Z - Received json message of type REQUEST_PROJECT_GRAPH
[NX v22.5.4 Daemon Server] - 2026-03-13T20:24:10.442Z - [REQUEST]: Client Request for Project Graph Received
[NX v22.5.4 Daemon Server] - 2026-03-13T20:24:10.442Z - Reusing in-memory cached project graph because no files changed.
[NX v22.5.4 Daemon Server] - 2026-03-13T20:24:10.442Z - Serializing response for REQUEST_PROJECT_GRAPH message in json mode
[NX v22.5.4 Daemon Server] - 2026-03-13T20:24:10.443Z - Responding to REQUEST_PROJECT_GRAPH message
[NX v22.5.4 Daemon Server] - 2026-03-13T20:24:10.443Z - [REQUEST]: Responding to the client. project-graph
[NX v22.5.4 Daemon Server] - 2026-03-13T20:24:10.445Z - Time taken for 'total for creating and serializing project graph' 0.366874999992433ms
[NX v22.5.4 Daemon Server] - 2026-03-13T20:24:10.521Z - Done responding to the client project-graph
[NX v22.5.4 Daemon Server] - 2026-03-13T20:24:10.521Z - Handled json message REQUEST_PROJECT_GRAPH. Handling time: 0. Response time: 79.
[NX v22.5.4 Daemon Client] - 2026-03-13T20:24:10.522Z - [Messenger] Received message, length: 1195648
[NX v22.5.4 Daemon Client] - 2026-03-13T20:24:10.530Z - [Messenger] Sending message type: PRE_TASKS_EXECUTION
[NX v22.5.4 Daemon Client] - 2026-03-13T20:24:10.530Z - [Messenger] Message sent
[NX v22.5.4 Daemon Server] - 2026-03-13T20:24:10.530Z - Received raw message of length 698
[NX v22.5.4 Daemon Server] - 2026-03-13T20:24:10.531Z - Received json message of type PRE_TASKS_EXECUTION
[NX v22.5.4 Daemon Server] - 2026-03-13T20:24:10.532Z - Serializing response for PRE_TASKS_EXECUTION message in json mode
[NX v22.5.4 Daemon Server] - 2026-03-13T20:24:10.532Z - Responding to PRE_TASKS_EXECUTION message
[NX v22.5.4 Daemon Server] - 2026-03-13T20:24:10.532Z - [REQUEST]: Responding to the client. handleRunPreTasksExecution
[NX v22.5.4 Daemon Server] - 2026-03-13T20:24:10.532Z - Done responding to the client handleRunPreTasksExecution
[NX v22.5.4 Daemon Server] - 2026-03-13T20:24:10.532Z - Handled json message PRE_TASKS_EXECUTION. Handling time: 1. Response time: 0.
[NX v22.5.4 Daemon Server] - 2026-03-13T20:24:10.532Z - Time taken for 'preTasksExecution' 0.26983299999847077ms
[NX v22.5.4 Daemon Client] - 2026-03-13T20:24:10.532Z - [Messenger] Received message, length: 2
[NX v22.5.4 Daemon Client] - 2026-03-13T20:24:10.764Z - [Messenger] Sending message type: HASH_TASKS
[NX v22.5.4 Daemon Client] - 2026-03-13T20:24:10.764Z - [Messenger] Message sent
[NX v22.5.4 Daemon Server] - 2026-03-13T20:24:10.765Z - Received raw message of length 13600
[NX v22.5.4 Daemon Server] - 2026-03-13T20:24:10.765Z - Received json message of type HASH_TASKS
[NX v22.5.4 Daemon Server] - 2026-03-13T20:24:10.766Z - Reusing in-memory cached project graph because no files changed.
DEBUG nx::native::tasks::hash_planner: get_plans_internal COMPLETED in 5.86575ms - processed 1 tasks (setup: 4.438042ms, parallel_planning: 1.427334ms)
DEBUG nx::native::tasks::hashers::hash_workspace_files: Hashing workspace fileset with inputs: Adding "14753650797151729951" (".gitignore") to hash
DEBUG nx::native::tasks::hashers::hash_workspace_files: Hashing workspace fileset with inputs: Adding "16727730179561442929" ("nx.json") to hash
DEBUG nx::native::tasks::hashers::hash_workspace_files: Hashing workspace fileset with inputs: Hash Value: "14205410132470996805"
DEBUG nx::native::tasks::task_hasher: hash_plans COMPLETED in 3.406833ms - processed 1 plans (setup: 935.75µs, hashing: 2.470834ms, assembly: 552.417µs)
[NX v22.5.4 Daemon Server] - 2026-03-13T20:24:10.777Z - Serializing response for HASH_TASKS message in json mode
[NX v22.5.4 Daemon Server] - 2026-03-13T20:24:10.779Z - Responding to HASH_TASKS message
[NX v22.5.4 Daemon Server] - 2026-03-13T20:24:10.779Z - [REQUEST]: Responding to the client. handleHashTasks
[NX v22.5.4 Daemon Server] - 2026-03-13T20:24:10.782Z - Done responding to the client handleHashTasks
[NX v22.5.4 Daemon Server] - 2026-03-13T20:24:10.782Z - Handled json message HASH_TASKS. Handling time: 12. Response time: 5.
[NX v22.5.4 Daemon Client] - 2026-03-13T20:24:10.782Z - [Messenger] Received message, length: 182295
[NX v22.5.4 Daemon Client] - 2026-03-13T20:24:10.865Z - [Messenger] Sending message type: GET_ESTIMATED_TASK_TIMINGS
[NX v22.5.4 Daemon Client] - 2026-03-13T20:24:10.865Z - [Messenger] Message sent
[NX v22.5.4 Daemon Server] - 2026-03-13T20:24:10.865Z - Received raw message of length 98
[NX v22.5.4 Daemon Server] - 2026-03-13T20:24:10.865Z - Received json message of type GET_ESTIMATED_TASK_TIMINGS
[NX v22.5.4 Daemon Server] - 2026-03-13T20:24:10.865Z - Serializing response for GET_ESTIMATED_TASK_TIMINGS message in json mode
[NX v22.5.4 Daemon Server] - 2026-03-13T20:24:10.866Z - Responding to GET_ESTIMATED_TASK_TIMINGS message
[NX v22.5.4 Daemon Server] - 2026-03-13T20:24:10.866Z - [REQUEST]: Responding to the client. handleGetEstimatedTaskTimings
[NX v22.5.4 Daemon Server] - 2026-03-13T20:24:10.866Z - Done responding to the client handleGetEstimatedTaskTimings
[NX v22.5.4 Daemon Server] - 2026-03-13T20:24:10.866Z - Handled json message GET_ESTIMATED_TASK_TIMINGS. Handling time: 0. Response time: 1.
[NX v22.5.4 Daemon Client] - 2026-03-13T20:24:10.868Z - [Messenger] Received message, length: 2
[NX v22.5.4 Daemon Server] - 2026-03-13T20:24:11.201Z - [WATCHER]: Processing file changes in outputs
[NX v22.5.4 Daemon Server] - 2026-03-13T20:24:23.864Z - [WATCHER]: Processing file changes in outputs
[NX v22.5.4 Daemon Server] - 2026-03-13T20:24:24.064Z - [WATCHER]: Processing file changes in outputs
[NX v22.5.4 Daemon Server] - 2026-03-13T20:24:25.604Z - [WATCHER]: Processing file changes in outputs
[NX v22.5.4 Daemon Server] - 2026-03-13T20:24:25.689Z - [WATCHER]: Processing file changes in outputs
[NX v22.5.4 Daemon Client] - 2026-03-13T20:24:26.159Z - [Messenger] Sending message type: RECORD_OUTPUTS_HASH
[NX v22.5.4 Daemon Client] - 2026-03-13T20:24:26.159Z - [Messenger] Message sent
[NX v22.5.4 Daemon Server] - 2026-03-13T20:24:26.159Z - Received raw message of length 177
[NX v22.5.4 Daemon Server] - 2026-03-13T20:24:26.159Z - Received json message of type RECORD_OUTPUTS_HASH
[NX v22.5.4 Daemon Server] - 2026-03-13T20:24:26.159Z - Serializing response for RECORD_OUTPUTS_HASH message in json mode
[NX v22.5.4 Daemon Server] - 2026-03-13T20:24:26.159Z - Responding to RECORD_OUTPUTS_HASH message
[NX v22.5.4 Daemon Server] - 2026-03-13T20:24:26.159Z - [REQUEST]: Responding to the client. recordOutputsHash
[NX v22.5.4 Daemon Server] - 2026-03-13T20:24:26.159Z - Done responding to the client recordOutputsHash
[NX v22.5.4 Daemon Server] - 2026-03-13T20:24:26.159Z - Handled json message RECORD_OUTPUTS_HASH. Handling time: 0. Response time: 0.
[NX v22.5.4 Daemon Client] - 2026-03-13T20:24:26.159Z - [Messenger] Received message, length: 2
[NX v22.5.4 Daemon Client] - 2026-03-13T20:24:26.161Z - [Messenger] Sending message type: RECORD_TASK_RUNS
[NX v22.5.4 Daemon Client] - 2026-03-13T20:24:26.161Z - [Messenger] Message sent
[NX v22.5.4 Daemon Server] - 2026-03-13T20:24:26.161Z - Received raw message of length 217
[NX v22.5.4 Daemon Server] - 2026-03-13T20:24:26.161Z - Received json message of type RECORD_TASK_RUNS
[NX v22.5.4 Daemon Server] - 2026-03-13T20:24:26.162Z - Serializing response for RECORD_TASK_RUNS message in json mode
[NX v22.5.4 Daemon Server] - 2026-03-13T20:24:26.162Z - Responding to RECORD_TASK_RUNS message
[NX v22.5.4 Daemon Server] - 2026-03-13T20:24:26.162Z - [REQUEST]: Responding to the client. handleRecordTaskRuns
[NX v22.5.4 Daemon Server] - 2026-03-13T20:24:26.162Z - Done responding to the client handleRecordTaskRuns
[NX v22.5.4 Daemon Server] - 2026-03-13T20:24:26.162Z - Handled json message RECORD_TASK_RUNS. Handling time: 1. Response time: 0.
[NX v22.5.4 Daemon Client] - 2026-03-13T20:24:26.162Z - [Messenger] Received message, length: 4
[NX v22.5.4 Daemon Client] - 2026-03-13T20:24:26.495Z - [Messenger] Sending message type: POST_TASKS_EXECUTION
[NX v22.5.4 Daemon Client] - 2026-03-13T20:24:26.497Z - [Messenger] Message sent
[NX v22.5.4 Daemon Server] - 2026-03-13T20:24:26.498Z - Received raw message of length 84583
[NX v22.5.4 Daemon Server] - 2026-03-13T20:24:26.499Z - Received json message of type POST_TASKS_EXECUTION
[NX v22.5.4 Daemon Server] - 2026-03-13T20:24:26.499Z - Serializing response for POST_TASKS_EXECUTION message in json mode
[NX v22.5.4 Daemon Server] - 2026-03-13T20:24:26.499Z - Responding to POST_TASKS_EXECUTION message
[NX v22.5.4 Daemon Server] - 2026-03-13T20:24:26.499Z - [REQUEST]: Responding to the client. handleRunPostTasksExecution
[NX v22.5.4 Daemon Server] - 2026-03-13T20:24:26.499Z - Done responding to the client handleRunPostTasksExecution
[NX v22.5.4 Daemon Server] - 2026-03-13T20:24:26.499Z - Handled json message POST_TASKS_EXECUTION. Handling time: 0. Response time: 0.
[NX v22.5.4 Daemon Server] - 2026-03-13T20:24:26.499Z - Time taken for 'postTasksExecution' 0.16512499999953434ms
[NX v22.5.4 Daemon Client] - 2026-03-13T20:24:26.499Z - [Messenger] Received message, length: 4
[NX v22.5.4 Daemon Server] - 2026-03-13T20:24:26.503Z - Closed a connection. Number of open connections: 0
[NX v22.5.4 Daemon Server] - 2026-03-13T20:42:53.824Z - [WATCHER]: Processing file changes in outputs
[NX v22.5.4 Daemon Server] - 2026-03-13T20:43:09.022Z - [WATCHER]: Processing file changes in outputs
[NX v22.5.4 Daemon Server] - 2026-03-13T20:43:18.105Z - [WATCHER]: Processing file changes in outputs
[NX v22.5.4 Daemon Server] - 2026-03-13T20:43:28.309Z - [WATCHER]: Processing file changes in outputs
[NX v22.5.4 Daemon Server] - 2026-03-13T20:43:34.152Z - [WATCHER]: Processing file changes in outputs
[NX v22.5.4 Daemon Server] - 2026-03-13T20:43:50.568Z - [WATCHER]: Processing file changes in outputs
[NX v22.5.4 Daemon Server] - 2026-03-13T20:44:20.910Z - [WATCHER]: Processing file changes in outputs
[NX v22.5.4 Daemon Server] - 2026-03-13T20:44:27.395Z - [WATCHER]: Processing file changes in outputs
[NX v22.5.4 Daemon Server] - 2026-03-13T20:44:36.639Z - [WATCHER]: Processing file changes in outputs
[NX v22.5.4 Daemon Server] - 2026-03-13T20:44:47.870Z - Established a connection. Number of open connections: 1
[NX v22.5.4 Daemon Server] - 2026-03-13T20:44:47.872Z - Closed a connection. Number of open connections: 0
[NX v22.5.4 Daemon Server] - 2026-03-13T20:44:47.874Z - Established a connection. Number of open connections: 1
[NX v22.5.4 Daemon Server] - 2026-03-13T20:44:47.874Z - Established a connection. Number of open connections: 2
[NX v22.5.4 Daemon Server] - 2026-03-13T20:44:47.874Z - Closed a connection. Number of open connections: 1
[NX v22.5.4 Daemon Client] - 2026-03-13T20:44:47.874Z - [Messenger] Setting up socket listeners
[NX v22.5.4 Daemon Client] - 2026-03-13T20:44:47.875Z - [Messenger] listen() complete
[NX v22.5.4 Daemon Client] - 2026-03-13T20:44:47.875Z - [Messenger] Sending message type: GET_NX_CONSOLE_STATUS
[NX v22.5.4 Daemon Client] - 2026-03-13T20:44:47.876Z - [Messenger] Message sent
[NX v22.5.4 Daemon Server] - 2026-03-13T20:44:47.890Z - Received raw message of length 32
[NX v22.5.4 Daemon Server] - 2026-03-13T20:44:47.890Z - Received json message of type GET_NX_CONSOLE_STATUS
[NX v22.5.4 Daemon Server] - 2026-03-13T20:44:47.890Z - Serializing response for GET_NX_CONSOLE_STATUS message in json mode
[NX v22.5.4 Daemon Server] - 2026-03-13T20:44:47.890Z - Responding to GET_NX_CONSOLE_STATUS message
[NX v22.5.4 Daemon Server] - 2026-03-13T20:44:47.890Z - [REQUEST]: Responding to the client. handleGetNxConsoleStatus
[NX v22.5.4 Daemon Server] - 2026-03-13T20:44:47.890Z - Done responding to the client handleGetNxConsoleStatus
[NX v22.5.4 Daemon Server] - 2026-03-13T20:44:47.890Z - Handled json message GET_NX_CONSOLE_STATUS. Handling time: 0. Response time: 0.
[NX v22.5.4 Daemon Client] - 2026-03-13T20:44:47.891Z - [Messenger] Received message, length: 22
[NX v22.5.4 Daemon Client] - 2026-03-13T20:44:47.938Z - [Messenger] Sending message type: REQUEST_PROJECT_GRAPH
[NX v22.5.4 Daemon Client] - 2026-03-13T20:44:47.938Z - [Messenger] Message sent
[NX v22.5.4 Daemon Server] - 2026-03-13T20:44:47.938Z - Received raw message of length 32
[NX v22.5.4 Daemon Server] - 2026-03-13T20:44:47.938Z - Received json message of type REQUEST_PROJECT_GRAPH
[NX v22.5.4 Daemon Server] - 2026-03-13T20:44:47.938Z - [REQUEST]: Client Request for Project Graph Received
[NX v22.5.4 Daemon Server] - 2026-03-13T20:44:47.938Z - Reusing in-memory cached project graph because no files changed.
[NX v22.5.4 Daemon Server] - 2026-03-13T20:44:47.938Z - Serializing response for REQUEST_PROJECT_GRAPH message in json mode
[NX v22.5.4 Daemon Server] - 2026-03-13T20:44:47.938Z - Responding to REQUEST_PROJECT_GRAPH message
[NX v22.5.4 Daemon Server] - 2026-03-13T20:44:47.938Z - [REQUEST]: Responding to the client. project-graph
[NX v22.5.4 Daemon Server] - 2026-03-13T20:44:47.939Z - Time taken for 'total for creating and serializing project graph' 0.20391599996946752ms
[NX v22.5.4 Daemon Server] - 2026-03-13T20:44:47.950Z - Done responding to the client project-graph
[NX v22.5.4 Daemon Server] - 2026-03-13T20:44:47.950Z - Handled json message REQUEST_PROJECT_GRAPH. Handling time: 0. Response time: 12.
[NX v22.5.4 Daemon Client] - 2026-03-13T20:44:47.951Z - [Messenger] Received message, length: 1195648
[NX v22.5.4 Daemon Client] - 2026-03-13T20:44:47.956Z - [Messenger] Sending message type: PRE_TASKS_EXECUTION
[NX v22.5.4 Daemon Client] - 2026-03-13T20:44:47.957Z - [Messenger] Message sent
[NX v22.5.4 Daemon Server] - 2026-03-13T20:44:47.957Z - Received raw message of length 698
[NX v22.5.4 Daemon Server] - 2026-03-13T20:44:47.957Z - Received json message of type PRE_TASKS_EXECUTION
[NX v22.5.4 Daemon Server] - 2026-03-13T20:44:47.957Z - Serializing response for PRE_TASKS_EXECUTION message in json mode
[NX v22.5.4 Daemon Server] - 2026-03-13T20:44:47.957Z - Responding to PRE_TASKS_EXECUTION message
[NX v22.5.4 Daemon Server] - 2026-03-13T20:44:47.957Z - [REQUEST]: Responding to the client. handleRunPreTasksExecution
[NX v22.5.4 Daemon Server] - 2026-03-13T20:44:47.957Z - Done responding to the client handleRunPreTasksExecution
[NX v22.5.4 Daemon Server] - 2026-03-13T20:44:47.957Z - Handled json message PRE_TASKS_EXECUTION. Handling time: 0. Response time: 0.
[NX v22.5.4 Daemon Server] - 2026-03-13T20:44:47.957Z - Time taken for 'preTasksExecution' 0.15345900016836822ms
[NX v22.5.4 Daemon Client] - 2026-03-13T20:44:47.957Z - [Messenger] Received message, length: 2
[NX v22.5.4 Daemon Client] - 2026-03-13T20:44:48.166Z - [Messenger] Sending message type: HASH_TASKS
[NX v22.5.4 Daemon Client] - 2026-03-13T20:44:48.166Z - [Messenger] Message sent
[NX v22.5.4 Daemon Server] - 2026-03-13T20:44:48.166Z - Received raw message of length 13599
[NX v22.5.4 Daemon Server] - 2026-03-13T20:44:48.166Z - Received json message of type HASH_TASKS
[NX v22.5.4 Daemon Server] - 2026-03-13T20:44:48.166Z - Reusing in-memory cached project graph because no files changed.
DEBUG nx::native::tasks::hash_planner: get_plans_internal COMPLETED in 5.2445ms - processed 1 tasks (setup: 4.062625ms, parallel_planning: 1.181625ms)
DEBUG nx::native::tasks::hashers::hash_workspace_files: Hashing workspace fileset with inputs: Adding "14753650797151729951" (".gitignore") to hash
DEBUG nx::native::tasks::hashers::hash_workspace_files: Hashing workspace fileset with inputs: Adding "16727730179561442929" ("nx.json") to hash
DEBUG nx::native::tasks::hashers::hash_workspace_files: Hashing workspace fileset with inputs: Hash Value: "14205410132470996805"
DEBUG nx::native::tasks::task_hasher: hash_plans COMPLETED in 2.362375ms - processed 1 plans (setup: 401.625µs, hashing: 1.960542ms, assembly: 551.667µs)
[NX v22.5.4 Daemon Server] - 2026-03-13T20:44:48.176Z - Serializing response for HASH_TASKS message in json mode
[NX v22.5.4 Daemon Server] - 2026-03-13T20:44:48.177Z - Responding to HASH_TASKS message
[NX v22.5.4 Daemon Server] - 2026-03-13T20:44:48.177Z - [REQUEST]: Responding to the client. handleHashTasks
[NX v22.5.4 Daemon Server] - 2026-03-13T20:44:48.180Z - Done responding to the client handleHashTasks
[NX v22.5.4 Daemon Server] - 2026-03-13T20:44:48.180Z - Handled json message HASH_TASKS. Handling time: 10. Response time: 4.
[NX v22.5.4 Daemon Client] - 2026-03-13T20:44:48.180Z - [Messenger] Received message, length: 182295
[NX v22.5.4 Daemon Client] - 2026-03-13T20:44:48.258Z - [Messenger] Sending message type: GET_ESTIMATED_TASK_TIMINGS
[NX v22.5.4 Daemon Client] - 2026-03-13T20:44:48.258Z - [Messenger] Message sent
[NX v22.5.4 Daemon Server] - 2026-03-13T20:44:48.259Z - Received raw message of length 98
[NX v22.5.4 Daemon Server] - 2026-03-13T20:44:48.259Z - Received json message of type GET_ESTIMATED_TASK_TIMINGS
[NX v22.5.4 Daemon Server] - 2026-03-13T20:44:48.259Z - Serializing response for GET_ESTIMATED_TASK_TIMINGS message in json mode
[NX v22.5.4 Daemon Server] - 2026-03-13T20:44:48.259Z - Responding to GET_ESTIMATED_TASK_TIMINGS message
[NX v22.5.4 Daemon Server] - 2026-03-13T20:44:48.259Z - [REQUEST]: Responding to the client. handleGetEstimatedTaskTimings
[NX v22.5.4 Daemon Server] - 2026-03-13T20:44:48.259Z - Done responding to the client handleGetEstimatedTaskTimings
[NX v22.5.4 Daemon Server] - 2026-03-13T20:44:48.259Z - Handled json message GET_ESTIMATED_TASK_TIMINGS. Handling time: 0. Response time: 0.
[NX v22.5.4 Daemon Client] - 2026-03-13T20:44:48.261Z - [Messenger] Received message, length: 2
[NX v22.5.4 Daemon Server] - 2026-03-13T20:44:48.552Z - [WATCHER]: Processing file changes in outputs
[NX v22.5.4 Daemon Server] - 2026-03-13T20:45:02.669Z - [WATCHER]: Processing file changes in outputs
[NX v22.5.4 Daemon Server] - 2026-03-13T20:45:02.944Z - [WATCHER]: Processing file changes in outputs
[NX v22.5.4 Daemon Server] - 2026-03-13T20:45:17.280Z - [WATCHER]: Processing file changes in outputs
[NX v22.5.4 Daemon Server] - 2026-03-13T20:45:17.351Z - [WATCHER]: Processing file changes in outputs
[NX v22.5.4 Daemon Server] - 2026-03-13T20:45:21.008Z - [WATCHER]: Processing file changes in outputs
[NX v22.5.4 Daemon Server] - 2026-03-13T20:45:21.398Z - [WATCHER]: Processing file changes in outputs
[NX v22.5.4 Daemon Server] - 2026-03-13T20:45:21.451Z - [WATCHER]: Processing file changes in outputs
[NX v22.5.4 Daemon Server] - 2026-03-13T20:45:21.777Z - [WATCHER]: Processing file changes in outputs
[NX v22.5.4 Daemon Server] - 2026-03-13T20:45:40.691Z - [WATCHER]: Processing file changes in outputs
[NX v22.5.4 Daemon Server] - 2026-03-13T20:45:57.484Z - [WATCHER]: Processing file changes in outputs
[NX v22.5.4 Daemon Server] - 2026-03-13T20:45:57.554Z - [WATCHER]: Processing file changes in outputs
[NX v22.5.4 Daemon Server] - 2026-03-13T20:46:01.573Z - [WATCHER]: Processing file changes in outputs
[NX v22.5.4 Daemon Server] - 2026-03-13T20:46:20.547Z - [WATCHER]: Processing file changes in outputs
[NX v22.5.4 Daemon Server] - 2026-03-13T20:46:41.584Z - [WATCHER]: Processing file changes in outputs
[NX v22.5.4 Daemon Client] - 2026-03-13T20:46:42.030Z - [Messenger] Sending message type: RECORD_OUTPUTS_HASH
[NX v22.5.4 Daemon Client] - 2026-03-13T20:46:42.030Z - [Messenger] Message sent
[NX v22.5.4 Daemon Server] - 2026-03-13T20:46:42.030Z - Received raw message of length 177
[NX v22.5.4 Daemon Server] - 2026-03-13T20:46:42.030Z - Received json message of type RECORD_OUTPUTS_HASH
[NX v22.5.4 Daemon Server] - 2026-03-13T20:46:42.030Z - Serializing response for RECORD_OUTPUTS_HASH message in json mode
[NX v22.5.4 Daemon Server] - 2026-03-13T20:46:42.030Z - Responding to RECORD_OUTPUTS_HASH message
[NX v22.5.4 Daemon Server] - 2026-03-13T20:46:42.030Z - [REQUEST]: Responding to the client. recordOutputsHash
[NX v22.5.4 Daemon Server] - 2026-03-13T20:46:42.031Z - Done responding to the client recordOutputsHash
[NX v22.5.4 Daemon Server] - 2026-03-13T20:46:42.031Z - Handled json message RECORD_OUTPUTS_HASH. Handling time: 0. Response time: 1.
[NX v22.5.4 Daemon Client] - 2026-03-13T20:46:42.031Z - [Messenger] Received message, length: 2
[NX v22.5.4 Daemon Client] - 2026-03-13T20:46:42.033Z - [Messenger] Sending message type: RECORD_TASK_RUNS
[NX v22.5.4 Daemon Client] - 2026-03-13T20:46:42.033Z - [Messenger] Message sent
[NX v22.5.4 Daemon Server] - 2026-03-13T20:46:42.034Z - Received raw message of length 217
[NX v22.5.4 Daemon Server] - 2026-03-13T20:46:42.034Z - Received json message of type RECORD_TASK_RUNS
[NX v22.5.4 Daemon Server] - 2026-03-13T20:46:42.034Z - Serializing response for RECORD_TASK_RUNS message in json mode
[NX v22.5.4 Daemon Server] - 2026-03-13T20:46:42.034Z - Responding to RECORD_TASK_RUNS message
[NX v22.5.4 Daemon Server] - 2026-03-13T20:46:42.034Z - [REQUEST]: Responding to the client. handleRecordTaskRuns
[NX v22.5.4 Daemon Server] - 2026-03-13T20:46:42.034Z - Done responding to the client handleRecordTaskRuns
[NX v22.5.4 Daemon Server] - 2026-03-13T20:46:42.034Z - Handled json message RECORD_TASK_RUNS. Handling time: 0. Response time: 0.
[NX v22.5.4 Daemon Client] - 2026-03-13T20:46:42.034Z - [Messenger] Received message, length: 4
[NX v22.5.4 Daemon Client] - 2026-03-13T20:46:42.449Z - [Messenger] Sending message type: POST_TASKS_EXECUTION
[NX v22.5.4 Daemon Client] - 2026-03-13T20:46:42.450Z - [Messenger] Message sent
[NX v22.5.4 Daemon Server] - 2026-03-13T20:46:42.452Z - Received raw message of length 86318
[NX v22.5.4 Daemon Server] - 2026-03-13T20:46:42.453Z - Received json message of type POST_TASKS_EXECUTION
[NX v22.5.4 Daemon Server] - 2026-03-13T20:46:42.453Z - Serializing response for POST_TASKS_EXECUTION message in json mode
[NX v22.5.4 Daemon Server] - 2026-03-13T20:46:42.453Z - Responding to POST_TASKS_EXECUTION message
[NX v22.5.4 Daemon Server] - 2026-03-13T20:46:42.453Z - [REQUEST]: Responding to the client. handleRunPostTasksExecution
[NX v22.5.4 Daemon Server] - 2026-03-13T20:46:42.453Z - Done responding to the client handleRunPostTasksExecution
[NX v22.5.4 Daemon Server] - 2026-03-13T20:46:42.453Z - Handled json message POST_TASKS_EXECUTION. Handling time: 0. Response time: 0.
[NX v22.5.4 Daemon Server] - 2026-03-13T20:46:42.453Z - Time taken for 'postTasksExecution' 0.2122500000987202ms
[NX v22.5.4 Daemon Client] - 2026-03-13T20:46:42.453Z - [Messenger] Received message, length: 4
[NX v22.5.4 Daemon Server] - 2026-03-13T20:46:42.457Z - Closed a connection. Number of open connections: 0
[NX v22.5.4 Daemon Server] - 2026-03-13T20:46:59.714Z - [WATCHER]: Processing file changes in outputs
[NX v22.5.4 Daemon Server] - 2026-03-13T20:47:05.974Z - [WATCHER]: Processing file changes in outputs
[NX v22.5.4 Daemon Server] - 2026-03-13T20:47:20.816Z - [Server] lock file hash changed! old=14777879503641505933, new=15773718628936809958
[NX v22.5.4 Daemon Server] - 2026-03-13T20:47:20.816Z - [Server] Daemon outdated: LOCK_FILES_CHANGED
[NX v22.5.4 Daemon Server] - 2026-03-13T20:47:20.816Z - [Server] Restarting daemon...
[NX v22.5.4 Daemon Server] - 2026-03-13T20:47:20.818Z - Restarting daemon with script: /Users/orlando/dev/pos/node_modules/nx/src/daemon/server/start.js
[NX v22.5.4 Daemon Server] - 2026-03-13T20:47:20.818Z - Old daemon __dirname: /Users/orlando/dev/pos/node_modules/nx/src/daemon/server
[NX v22.5.4 Daemon Server] - 2026-03-13T20:47:20.818Z - Current process.execPath: /Users/orlando/.nvm/versions/node/v22.21.0/bin/node
[NX v22.5.4 Daemon Server] - 2026-03-13T20:47:20.820Z - Started new daemon process in background
[NX v22.5.4 Daemon Server] - 2026-03-13T20:47:20.820Z - [WATCHER]: Stopping the watcher for /Users/orlando/dev/pos (sources)
[NX v22.5.4 Daemon Server] - 2026-03-13T20:47:20.820Z - [WATCHER]: Stopping the watcher for /Users/orlando/dev/pos (outputs)
[NX v22.5.4 Daemon Server] - 2026-03-13T20:47:20.822Z - [NX-CONSOLE]: Cleaning up latest Nx installation from /var/folders/x5/g3ht8mrd3z34nssjq5gb4t880000gn/T/tmp-76268-DqxBCUBRvKQf
[NX v22.5.4 Daemon Server] - 2026-03-13T20:47:20.823Z - Server stopped because: "LOCK_FILES_CHANGED"
[NX v22.5.4 Daemon Server] - 2026-03-13T20:47:21.075Z - New daemon starting from: /Users/orlando/dev/pos/node_modules/nx/src/daemon/server/server.js
[NX v22.5.4 Daemon Server] - 2026-03-13T20:47:21.076Z - New daemon __dirname: /Users/orlando/dev/pos/node_modules/nx/src/daemon/server
[NX v22.5.4 Daemon Server] - 2026-03-13T20:47:21.076Z - New daemon nxVersion: 22.5.4
[NX v22.5.4 Daemon Server] - 2026-03-13T20:47:21.077Z - New daemon getInstalledNxVersion(): 22.5.4
[NX v22.5.4 Daemon Server] - 2026-03-13T20:47:21.088Z - [Server] Starting outdated check interval (20ms)
[NX v22.5.4 Daemon Server] - 2026-03-13T20:47:21.090Z - Started listening on: /var/folders/x5/g3ht8mrd3z34nssjq5gb4t880000gn/T/691b496bd08693506377/d.sock
[NX v22.5.4 Daemon Server] - 2026-03-13T20:47:21.090Z - [WATCHER]: Subscribed to changes within: /Users/orlando/dev/pos (native)
[NX v22.5.4 Daemon Server] - 2026-03-13T20:47:21.091Z - [NX-CONSOLE]: Pulling latest Nx (latest) to check console status...
Fetching nx...
[NX v22.5.4 Daemon Server] - 2026-03-13T20:47:21.624Z - [WATCHER]: Processing file changes in outputs
Time for 'plugin worker 84023 code loading' 4.552332999999999
Time for 'plugin worker 84022 code loading' 6.693250000000003
Time for 'plugin worker 84024 code loading' 3.5443750000000023
[NX v22.5.4 Daemon Server] - 2026-03-13T20:47:21.803Z - [REQUEST]: Updated workspace context based on watched changes, recomputing project graph...
[NX v22.5.4 Daemon Server] - 2026-03-13T20:47:21.803Z - [REQUEST]: 
[NX v22.5.4 Daemon Server] - 2026-03-13T20:47:21.803Z - [REQUEST]: 
Time for 'nx/core/project-json:createNodes' 1.7969170000000076
Time for 'nx/js/dependencies-and-lockfile:createNodes' 229.20270800000003

 NX   Using `implicitDependencies` for global implicit dependencies configuration is no longer supported.

Use "namedInputs" instead. You can run "nx repair" to automatically migrate your configuration.
For more information about the usage of "namedInputs" see https://nx.dev/deprecated/global-implicit-dependencies#global-implicit-dependencies

Time for 'build typescript dependencies' 240.56212499999998
[NX v22.5.4 Daemon Server] - 2026-03-13T20:47:22.391Z - [SYNC]: collect registered sync generators
[NX v22.5.4 Daemon Server] - 2026-03-13T20:47:25.848Z - [NX-CONSOLE]: Successfully pulled latest Nx to /var/folders/x5/g3ht8mrd3z34nssjq5gb4t880000gn/T/tmp-83893-vIvceOoJ3uj5
[NX v22.5.4 Daemon Server] - 2026-03-13T20:47:25.912Z - [NX-CONSOLE]: Using local implementation (NX_USE_LOCAL=true or inner call)
DEBUG nx::native::ide::install: Detected editor: Unknown
[NX v22.5.4 Daemon Server] - 2026-03-13T20:47:25.912Z - [NX-CONSOLE]: Console status check completed, shouldPrompt: false
[NX v22.5.4 Daemon Server] - 2026-03-13T20:47:28.955Z - Established a connection. Number of open connections: 1
[NX v22.5.4 Daemon Server] - 2026-03-13T20:47:28.956Z - Established a connection. Number of open connections: 2
[NX v22.5.4 Daemon Server] - 2026-03-13T20:47:28.957Z - Closed a connection. Number of open connections: 1
[NX v22.5.4 Daemon Client] - 2026-03-13T20:47:28.956Z - [Messenger] Setting up socket listeners
[NX v22.5.4 Daemon Server] - 2026-03-13T20:47:28.957Z - Established a connection. Number of open connections: 2
[NX v22.5.4 Daemon Client] - 2026-03-13T20:47:28.957Z - [Messenger] listen() complete
[NX v22.5.4 Daemon Server] - 2026-03-13T20:47:28.957Z - Closed a connection. Number of open connections: 1
[NX v22.5.4 Daemon Client] - 2026-03-13T20:47:28.958Z - [Messenger] Sending message type: GET_NX_CONSOLE_STATUS
[NX v22.5.4 Daemon Client] - 2026-03-13T20:47:28.958Z - [Messenger] Message sent
[NX v22.5.4 Daemon Server] - 2026-03-13T20:47:28.972Z - Received raw message of length 32
[NX v22.5.4 Daemon Server] - 2026-03-13T20:47:28.972Z - Received json message of type GET_NX_CONSOLE_STATUS
[NX v22.5.4 Daemon Server] - 2026-03-13T20:47:28.972Z - Serializing response for GET_NX_CONSOLE_STATUS message in json mode
[NX v22.5.4 Daemon Server] - 2026-03-13T20:47:28.972Z - Responding to GET_NX_CONSOLE_STATUS message
[NX v22.5.4 Daemon Server] - 2026-03-13T20:47:28.973Z - [REQUEST]: Responding to the client. handleGetNxConsoleStatus
[NX v22.5.4 Daemon Server] - 2026-03-13T20:47:28.973Z - Done responding to the client handleGetNxConsoleStatus
[NX v22.5.4 Daemon Server] - 2026-03-13T20:47:28.973Z - Handled json message GET_NX_CONSOLE_STATUS. Handling time: 0. Response time: 1.
[NX v22.5.4 Daemon Client] - 2026-03-13T20:47:28.973Z - [Messenger] Received message, length: 22
[NX v22.5.4 Daemon Client] - 2026-03-13T20:47:29.010Z - [Messenger] Sending message type: REQUEST_PROJECT_GRAPH
[NX v22.5.4 Daemon Client] - 2026-03-13T20:47:29.010Z - [Messenger] Message sent
[NX v22.5.4 Daemon Server] - 2026-03-13T20:47:29.010Z - Received raw message of length 32
[NX v22.5.4 Daemon Server] - 2026-03-13T20:47:29.011Z - Received json message of type REQUEST_PROJECT_GRAPH
[NX v22.5.4 Daemon Server] - 2026-03-13T20:47:29.011Z - [REQUEST]: Client Request for Project Graph Received
[NX v22.5.4 Daemon Server] - 2026-03-13T20:47:29.011Z - Reusing in-memory cached project graph because no files changed.
[NX v22.5.4 Daemon Server] - 2026-03-13T20:47:29.018Z - Wrote project graph cache to /Users/orlando/dev/pos/.nx/workspace-data/project-graph.json
[NX v22.5.4 Daemon Server] - 2026-03-13T20:47:29.018Z - Serializing response for REQUEST_PROJECT_GRAPH message in json mode
[NX v22.5.4 Daemon Server] - 2026-03-13T20:47:29.018Z - Responding to REQUEST_PROJECT_GRAPH message
[NX v22.5.4 Daemon Server] - 2026-03-13T20:47:29.018Z - [REQUEST]: Responding to the client. project-graph
[NX v22.5.4 Daemon Server] - 2026-03-13T20:47:29.019Z - Time taken for 'total for creating and serializing project graph' 7.799125000000458ms
[NX v22.5.4 Daemon Server] - 2026-03-13T20:47:29.022Z - Done responding to the client project-graph
[NX v22.5.4 Daemon Server] - 2026-03-13T20:47:29.022Z - Handled json message REQUEST_PROJECT_GRAPH. Handling time: 7. Response time: 4.
[NX v22.5.4 Daemon Client] - 2026-03-13T20:47:29.023Z - [Messenger] Received message, length: 1194959
[NX v22.5.4 Daemon Client] - 2026-03-13T20:47:29.028Z - [Messenger] Sending message type: PRE_TASKS_EXECUTION
[NX v22.5.4 Daemon Client] - 2026-03-13T20:47:29.029Z - [Messenger] Message sent
[NX v22.5.4 Daemon Server] - 2026-03-13T20:47:29.029Z - Received raw message of length 698
[NX v22.5.4 Daemon Server] - 2026-03-13T20:47:29.029Z - Received json message of type PRE_TASKS_EXECUTION
[NX v22.5.4 Daemon Server] - 2026-03-13T20:47:29.029Z - Serializing response for PRE_TASKS_EXECUTION message in json mode
[NX v22.5.4 Daemon Server] - 2026-03-13T20:47:29.030Z - Responding to PRE_TASKS_EXECUTION message
[NX v22.5.4 Daemon Server] - 2026-03-13T20:47:29.030Z - [REQUEST]: Responding to the client. handleRunPreTasksExecution
[NX v22.5.4 Daemon Server] - 2026-03-13T20:47:29.030Z - Done responding to the client handleRunPreTasksExecution
[NX v22.5.4 Daemon Server] - 2026-03-13T20:47:29.030Z - Handled json message PRE_TASKS_EXECUTION. Handling time: 0. Response time: 1.
[NX v22.5.4 Daemon Client] - 2026-03-13T20:47:29.030Z - [Messenger] Received message, length: 2
[NX v22.5.4 Daemon Server] - 2026-03-13T20:47:29.030Z - Time taken for 'preTasksExecution' 0.44500000000061846ms
[NX v22.5.4 Daemon Client] - 2026-03-13T20:47:29.197Z - [Messenger] Sending message type: HASH_TASKS
[NX v22.5.4 Daemon Client] - 2026-03-13T20:47:29.197Z - [Messenger] Message sent
[NX v22.5.4 Daemon Server] - 2026-03-13T20:47:29.197Z - Received raw message of length 13544
[NX v22.5.4 Daemon Server] - 2026-03-13T20:47:29.198Z - Received json message of type HASH_TASKS
[NX v22.5.4 Daemon Server] - 2026-03-13T20:47:29.198Z - Reusing in-memory cached project graph because no files changed.
DEBUG nx::native::tasks::hash_planner: get_plans_internal COMPLETED in 4.896917ms - processed 1 tasks (setup: 4.105875ms, parallel_planning: 790.666µs)
DEBUG nx::native::tasks::hashers::hash_workspace_files: Hashing workspace fileset with inputs: Adding "14753650797151729951" (".gitignore") to hash
DEBUG nx::native::tasks::hashers::hash_workspace_files: Hashing workspace fileset with inputs: Adding "16727730179561442929" ("nx.json") to hash
DEBUG nx::native::tasks::hashers::hash_workspace_files: Hashing workspace fileset with inputs: Hash Value: "14205410132470996805"
DEBUG nx::native::tasks::task_hasher: hash_plans COMPLETED in 3.941084ms - processed 1 plans (setup: 433.334µs, hashing: 3.507584ms, assembly: 606.75µs)
[NX v22.5.4 Daemon Server] - 2026-03-13T20:47:29.217Z - Serializing response for HASH_TASKS message in json mode
[NX v22.5.4 Daemon Server] - 2026-03-13T20:47:29.217Z - Responding to HASH_TASKS message
[NX v22.5.4 Daemon Server] - 2026-03-13T20:47:29.217Z - [REQUEST]: Responding to the client. handleHashTasks
[NX v22.5.4 Daemon Server] - 2026-03-13T20:47:29.219Z - Done responding to the client handleHashTasks
[NX v22.5.4 Daemon Server] - 2026-03-13T20:47:29.219Z - Handled json message HASH_TASKS. Handling time: 19. Response time: 2.
[NX v22.5.4 Daemon Client] - 2026-03-13T20:47:29.219Z - [Messenger] Received message, length: 182094
[NX v22.5.4 Daemon Client] - 2026-03-13T20:47:29.276Z - [Messenger] Sending message type: GET_ESTIMATED_TASK_TIMINGS
[NX v22.5.4 Daemon Client] - 2026-03-13T20:47:29.277Z - [Messenger] Message sent
[NX v22.5.4 Daemon Server] - 2026-03-13T20:47:29.277Z - Received raw message of length 98
[NX v22.5.4 Daemon Server] - 2026-03-13T20:47:29.277Z - Received json message of type GET_ESTIMATED_TASK_TIMINGS
[NX v22.5.4 Daemon Server] - 2026-03-13T20:47:29.404Z - Serializing response for GET_ESTIMATED_TASK_TIMINGS message in json mode
[NX v22.5.4 Daemon Server] - 2026-03-13T20:47:29.404Z - Responding to GET_ESTIMATED_TASK_TIMINGS message
[NX v22.5.4 Daemon Server] - 2026-03-13T20:47:29.404Z - [REQUEST]: Responding to the client. handleGetEstimatedTaskTimings
[NX v22.5.4 Daemon Server] - 2026-03-13T20:47:29.404Z - Done responding to the client handleGetEstimatedTaskTimings
[NX v22.5.4 Daemon Server] - 2026-03-13T20:47:29.404Z - Handled json message GET_ESTIMATED_TASK_TIMINGS. Handling time: 127. Response time: 0.
[NX v22.5.4 Daemon Client] - 2026-03-13T20:47:29.404Z - [Messenger] Received message, length: 2
[NX v22.5.4 Daemon Server] - 2026-03-13T20:47:29.621Z - [WATCHER]: Processing file changes in outputs
[NX v22.5.4 Daemon Server] - 2026-03-13T20:47:32.258Z - [WATCHER]: Processing file changes in outputs
[NX v22.5.4 Daemon Server] - 2026-03-13T20:47:35.090Z - [WATCHER]: Processing file changes in outputs
[NX v22.5.4 Daemon Server] - 2026-03-13T20:47:37.459Z - [WATCHER]: Processing file changes in outputs
[NX v22.5.4 Daemon Server] - 2026-03-13T20:48:03.772Z - [WATCHER]: Processing file changes in outputs
[NX v22.5.4 Daemon Server] - 2026-03-13T20:48:16.146Z - [WATCHER]: Processing file changes in outputs
[NX v22.5.4 Daemon Client] - 2026-03-13T20:48:16.171Z - [Messenger] Sending message type: RECORD_OUTPUTS_HASH
[NX v22.5.4 Daemon Client] - 2026-03-13T20:48:16.171Z - [Messenger] Message sent
[NX v22.5.4 Daemon Server] - 2026-03-13T20:48:16.171Z - Received raw message of length 178
[NX v22.5.4 Daemon Server] - 2026-03-13T20:48:16.171Z - Received json message of type RECORD_OUTPUTS_HASH
[NX v22.5.4 Daemon Server] - 2026-03-13T20:48:16.172Z - Serializing response for RECORD_OUTPUTS_HASH message in json mode
[NX v22.5.4 Daemon Server] - 2026-03-13T20:48:16.172Z - Responding to RECORD_OUTPUTS_HASH message
[NX v22.5.4 Daemon Server] - 2026-03-13T20:48:16.172Z - [REQUEST]: Responding to the client. recordOutputsHash
[NX v22.5.4 Daemon Server] - 2026-03-13T20:48:16.172Z - Done responding to the client recordOutputsHash
[NX v22.5.4 Daemon Server] - 2026-03-13T20:48:16.172Z - Handled json message RECORD_OUTPUTS_HASH. Handling time: 1. Response time: 0.
[NX v22.5.4 Daemon Client] - 2026-03-13T20:48:16.172Z - [Messenger] Received message, length: 2
[NX v22.5.4 Daemon Client] - 2026-03-13T20:48:16.175Z - [Messenger] Sending message type: RECORD_TASK_RUNS
[NX v22.5.4 Daemon Client] - 2026-03-13T20:48:16.175Z - [Messenger] Message sent
[NX v22.5.4 Daemon Server] - 2026-03-13T20:48:16.175Z - Received raw message of length 218
[NX v22.5.4 Daemon Server] - 2026-03-13T20:48:16.175Z - Received json message of type RECORD_TASK_RUNS
[NX v22.5.4 Daemon Server] - 2026-03-13T20:48:16.175Z - Serializing response for RECORD_TASK_RUNS message in json mode
[NX v22.5.4 Daemon Server] - 2026-03-13T20:48:16.175Z - Responding to RECORD_TASK_RUNS message
[NX v22.5.4 Daemon Server] - 2026-03-13T20:48:16.175Z - [REQUEST]: Responding to the client. handleRecordTaskRuns
[NX v22.5.4 Daemon Server] - 2026-03-13T20:48:16.176Z - Done responding to the client handleRecordTaskRuns
[NX v22.5.4 Daemon Server] - 2026-03-13T20:48:16.176Z - Handled json message RECORD_TASK_RUNS. Handling time: 0. Response time: 1.
[NX v22.5.4 Daemon Client] - 2026-03-13T20:48:16.176Z - [Messenger] Received message, length: 4
[NX v22.5.4 Daemon Client] - 2026-03-13T20:48:16.565Z - [Messenger] Sending message type: POST_TASKS_EXECUTION
[NX v22.5.4 Daemon Client] - 2026-03-13T20:48:16.566Z - [Messenger] Message sent
[NX v22.5.4 Daemon Server] - 2026-03-13T20:48:16.566Z - Received raw message of length 86229
[NX v22.5.4 Daemon Server] - 2026-03-13T20:48:16.567Z - Received json message of type POST_TASKS_EXECUTION
[NX v22.5.4 Daemon Server] - 2026-03-13T20:48:16.567Z - Serializing response for POST_TASKS_EXECUTION message in json mode
[NX v22.5.4 Daemon Server] - 2026-03-13T20:48:16.568Z - Responding to POST_TASKS_EXECUTION message
[NX v22.5.4 Daemon Server] - 2026-03-13T20:48:16.568Z - [REQUEST]: Responding to the client. handleRunPostTasksExecution
[NX v22.5.4 Daemon Server] - 2026-03-13T20:48:16.568Z - Done responding to the client handleRunPostTasksExecution
[NX v22.5.4 Daemon Server] - 2026-03-13T20:48:16.568Z - Handled json message POST_TASKS_EXECUTION. Handling time: 0. Response time: 1.
[NX v22.5.4 Daemon Client] - 2026-03-13T20:48:16.568Z - [Messenger] Received message, length: 4
[NX v22.5.4 Daemon Server] - 2026-03-13T20:48:16.568Z - Time taken for 'postTasksExecution' 0.15816599999379832ms
[NX v22.5.4 Daemon Server] - 2026-03-13T20:48:16.571Z - Closed a connection. Number of open connections: 0
[NX v22.5.4 Daemon Server] - 2026-03-13T20:48:20.409Z - [WATCHER]: Processing file changes in outputs
[NX v22.5.4 Daemon Server] - 2026-03-13T20:48:52.910Z - [WATCHER]: Processing file changes in outputs
[NX v22.5.4 Daemon Server] - 2026-03-13T20:48:59.216Z - Established a connection. Number of open connections: 1
[NX v22.5.4 Daemon Server] - 2026-03-13T20:48:59.217Z - Closed a connection. Number of open connections: 0
[NX v22.5.4 Daemon Server] - 2026-03-13T20:48:59.217Z - Established a connection. Number of open connections: 1
[NX v22.5.4 Daemon Server] - 2026-03-13T20:48:59.217Z - Closed a connection. Number of open connections: 0
[NX v22.5.4 Daemon Server] - 2026-03-13T20:48:59.217Z - Established a connection. Number of open connections: 1
[NX v22.5.4 Daemon Client] - 2026-03-13T20:48:59.217Z - [Messenger] Setting up socket listeners
[NX v22.5.4 Daemon Client] - 2026-03-13T20:48:59.218Z - [Messenger] listen() complete
[NX v22.5.4 Daemon Client] - 2026-03-13T20:48:59.218Z - [Messenger] Sending message type: GET_NX_CONSOLE_STATUS
[NX v22.5.4 Daemon Client] - 2026-03-13T20:48:59.219Z - [Messenger] Message sent
[NX v22.5.4 Daemon Server] - 2026-03-13T20:48:59.233Z - Received raw message of length 32
[NX v22.5.4 Daemon Server] - 2026-03-13T20:48:59.233Z - Received json message of type GET_NX_CONSOLE_STATUS
[NX v22.5.4 Daemon Server] - 2026-03-13T20:48:59.233Z - Serializing response for GET_NX_CONSOLE_STATUS message in json mode
[NX v22.5.4 Daemon Server] - 2026-03-13T20:48:59.233Z - Responding to GET_NX_CONSOLE_STATUS message
[NX v22.5.4 Daemon Server] - 2026-03-13T20:48:59.233Z - [REQUEST]: Responding to the client. handleGetNxConsoleStatus
[NX v22.5.4 Daemon Server] - 2026-03-13T20:48:59.233Z - Done responding to the client handleGetNxConsoleStatus
[NX v22.5.4 Daemon Server] - 2026-03-13T20:48:59.233Z - Handled json message GET_NX_CONSOLE_STATUS. Handling time: 0. Response time: 0.
[NX v22.5.4 Daemon Client] - 2026-03-13T20:48:59.233Z - [Messenger] Received message, length: 22
[NX v22.5.4 Daemon Client] - 2026-03-13T20:48:59.274Z - [Messenger] Sending message type: REQUEST_PROJECT_GRAPH
[NX v22.5.4 Daemon Client] - 2026-03-13T20:48:59.274Z - [Messenger] Message sent
[NX v22.5.4 Daemon Server] - 2026-03-13T20:48:59.275Z - Received raw message of length 32
[NX v22.5.4 Daemon Server] - 2026-03-13T20:48:59.275Z - Received json message of type REQUEST_PROJECT_GRAPH
[NX v22.5.4 Daemon Server] - 2026-03-13T20:48:59.275Z - [REQUEST]: Client Request for Project Graph Received
[NX v22.5.4 Daemon Server] - 2026-03-13T20:48:59.275Z - Reusing in-memory cached project graph because no files changed.
[NX v22.5.4 Daemon Server] - 2026-03-13T20:48:59.275Z - Serializing response for REQUEST_PROJECT_GRAPH message in json mode
[NX v22.5.4 Daemon Server] - 2026-03-13T20:48:59.275Z - Responding to REQUEST_PROJECT_GRAPH message
[NX v22.5.4 Daemon Server] - 2026-03-13T20:48:59.275Z - [REQUEST]: Responding to the client. project-graph
[NX v22.5.4 Daemon Server] - 2026-03-13T20:48:59.275Z - Time taken for 'total for creating and serializing project graph' 0.18575000000419095ms
[NX v22.5.4 Daemon Server] - 2026-03-13T20:48:59.280Z - Done responding to the client project-graph
[NX v22.5.4 Daemon Server] - 2026-03-13T20:48:59.280Z - Handled json message REQUEST_PROJECT_GRAPH. Handling time: 0. Response time: 5.
[NX v22.5.4 Daemon Client] - 2026-03-13T20:48:59.281Z - [Messenger] Received message, length: 1194959
[NX v22.5.4 Daemon Client] - 2026-03-13T20:48:59.285Z - [Messenger] Sending message type: PRE_TASKS_EXECUTION
[NX v22.5.4 Daemon Client] - 2026-03-13T20:48:59.286Z - [Messenger] Message sent
[NX v22.5.4 Daemon Server] - 2026-03-13T20:48:59.286Z - Received raw message of length 699
[NX v22.5.4 Daemon Server] - 2026-03-13T20:48:59.286Z - Received json message of type PRE_TASKS_EXECUTION
[NX v22.5.4 Daemon Server] - 2026-03-13T20:48:59.286Z - Serializing response for PRE_TASKS_EXECUTION message in json mode
[NX v22.5.4 Daemon Server] - 2026-03-13T20:48:59.286Z - Responding to PRE_TASKS_EXECUTION message
[NX v22.5.4 Daemon Server] - 2026-03-13T20:48:59.286Z - [REQUEST]: Responding to the client. handleRunPreTasksExecution
[NX v22.5.4 Daemon Server] - 2026-03-13T20:48:59.286Z - Done responding to the client handleRunPreTasksExecution
[NX v22.5.4 Daemon Server] - 2026-03-13T20:48:59.286Z - Handled json message PRE_TASKS_EXECUTION. Handling time: 0. Response time: 0.
[NX v22.5.4 Daemon Server] - 2026-03-13T20:48:59.286Z - Time taken for 'preTasksExecution' 0.13999999999941792ms
[NX v22.5.4 Daemon Client] - 2026-03-13T20:48:59.286Z - [Messenger] Received message, length: 2
[NX v22.5.4 Daemon Client] - 2026-03-13T20:48:59.447Z - [Messenger] Sending message type: HASH_TASKS
[NX v22.5.4 Daemon Client] - 2026-03-13T20:48:59.447Z - [Messenger] Message sent
[NX v22.5.4 Daemon Server] - 2026-03-13T20:48:59.447Z - Received raw message of length 13544
[NX v22.5.4 Daemon Server] - 2026-03-13T20:48:59.447Z - Received json message of type HASH_TASKS
[NX v22.5.4 Daemon Server] - 2026-03-13T20:48:59.447Z - Reusing in-memory cached project graph because no files changed.
DEBUG nx::native::tasks::hash_planner: get_plans_internal COMPLETED in 4.589417ms - processed 1 tasks (setup: 3.815167ms, parallel_planning: 773.958µs)
DEBUG nx::native::tasks::hashers::hash_workspace_files: Hashing workspace fileset with inputs: Adding "14753650797151729951" (".gitignore") to hash
DEBUG nx::native::tasks::hashers::hash_workspace_files: Hashing workspace fileset with inputs: Adding "16727730179561442929" ("nx.json") to hash
DEBUG nx::native::tasks::hashers::hash_workspace_files: Hashing workspace fileset with inputs: Hash Value: "14205410132470996805"
DEBUG nx::native::tasks::task_hasher: hash_plans COMPLETED in 3.147041ms - processed 1 plans (setup: 418.083µs, hashing: 2.728834ms, assembly: 600.083µs)
[NX v22.5.4 Daemon Server] - 2026-03-13T20:48:59.457Z - Serializing response for HASH_TASKS message in json mode
[NX v22.5.4 Daemon Server] - 2026-03-13T20:48:59.457Z - Responding to HASH_TASKS message
[NX v22.5.4 Daemon Server] - 2026-03-13T20:48:59.457Z - [REQUEST]: Responding to the client. handleHashTasks
[NX v22.5.4 Daemon Server] - 2026-03-13T20:48:59.458Z - Done responding to the client handleHashTasks
[NX v22.5.4 Daemon Server] - 2026-03-13T20:48:59.458Z - Handled json message HASH_TASKS. Handling time: 10. Response time: 1.
[NX v22.5.4 Daemon Client] - 2026-03-13T20:48:59.458Z - [Messenger] Received message, length: 182094
[NX v22.5.4 Daemon Client] - 2026-03-13T20:48:59.512Z - [Messenger] Sending message type: GET_ESTIMATED_TASK_TIMINGS
[NX v22.5.4 Daemon Client] - 2026-03-13T20:48:59.512Z - [Messenger] Message sent
[NX v22.5.4 Daemon Server] - 2026-03-13T20:48:59.512Z - Received raw message of length 98
[NX v22.5.4 Daemon Server] - 2026-03-13T20:48:59.512Z - Received json message of type GET_ESTIMATED_TASK_TIMINGS
[NX v22.5.4 Daemon Server] - 2026-03-13T20:48:59.512Z - Serializing response for GET_ESTIMATED_TASK_TIMINGS message in json mode
[NX v22.5.4 Daemon Server] - 2026-03-13T20:48:59.512Z - Responding to GET_ESTIMATED_TASK_TIMINGS message
[NX v22.5.4 Daemon Server] - 2026-03-13T20:48:59.512Z - [REQUEST]: Responding to the client. handleGetEstimatedTaskTimings
[NX v22.5.4 Daemon Server] - 2026-03-13T20:48:59.513Z - Done responding to the client handleGetEstimatedTaskTimings
[NX v22.5.4 Daemon Server] - 2026-03-13T20:48:59.513Z - Handled json message GET_ESTIMATED_TASK_TIMINGS. Handling time: 0. Response time: 1.
[NX v22.5.4 Daemon Client] - 2026-03-13T20:48:59.513Z - [Messenger] Received message, length: 2
[NX v22.5.4 Daemon Server] - 2026-03-13T20:48:59.734Z - [WATCHER]: Processing file changes in outputs
[NX v22.5.4 Daemon Server] - 2026-03-13T20:49:01.414Z - [WATCHER]: Processing file changes in outputs
[NX v22.5.4 Daemon Server] - 2026-03-13T20:49:01.532Z - [WATCHER]: Processing file changes in outputs
[NX v22.5.4 Daemon Server] - 2026-03-13T20:49:02.018Z - [WATCHER]: Processing file changes in outputs
[NX v22.5.4 Daemon Server] - 2026-03-13T20:49:11.523Z - [WATCHER]: Processing file changes in outputs
[NX v22.5.4 Daemon Server] - 2026-03-13T20:49:31.110Z - [WATCHER]: Processing file changes in outputs
[NX v22.5.4 Daemon Client] - 2026-03-13T20:49:31.131Z - [Messenger] Sending message type: RECORD_OUTPUTS_HASH
[NX v22.5.4 Daemon Client] - 2026-03-13T20:49:31.132Z - [Messenger] Message sent
[NX v22.5.4 Daemon Server] - 2026-03-13T20:49:31.132Z - Received raw message of length 178
[NX v22.5.4 Daemon Server] - 2026-03-13T20:49:31.132Z - Received json message of type RECORD_OUTPUTS_HASH
[NX v22.5.4 Daemon Server] - 2026-03-13T20:49:31.132Z - Serializing response for RECORD_OUTPUTS_HASH message in json mode
[NX v22.5.4 Daemon Server] - 2026-03-13T20:49:31.132Z - Responding to RECORD_OUTPUTS_HASH message
[NX v22.5.4 Daemon Server] - 2026-03-13T20:49:31.132Z - [REQUEST]: Responding to the client. recordOutputsHash
[NX v22.5.4 Daemon Server] - 2026-03-13T20:49:31.132Z - Done responding to the client recordOutputsHash
[NX v22.5.4 Daemon Server] - 2026-03-13T20:49:31.132Z - Handled json message RECORD_OUTPUTS_HASH. Handling time: 0. Response time: 0.
[NX v22.5.4 Daemon Client] - 2026-03-13T20:49:31.132Z - [Messenger] Received message, length: 2
[NX v22.5.4 Daemon Client] - 2026-03-13T20:49:31.134Z - [Messenger] Sending message type: RECORD_TASK_RUNS
[NX v22.5.4 Daemon Client] - 2026-03-13T20:49:31.134Z - [Messenger] Message sent
[NX v22.5.4 Daemon Server] - 2026-03-13T20:49:31.134Z - Received raw message of length 218
[NX v22.5.4 Daemon Server] - 2026-03-13T20:49:31.134Z - Received json message of type RECORD_TASK_RUNS
[NX v22.5.4 Daemon Server] - 2026-03-13T20:49:31.135Z - Serializing response for RECORD_TASK_RUNS message in json mode
[NX v22.5.4 Daemon Server] - 2026-03-13T20:49:31.135Z - Responding to RECORD_TASK_RUNS message
[NX v22.5.4 Daemon Server] - 2026-03-13T20:49:31.135Z - [REQUEST]: Responding to the client. handleRecordTaskRuns
[NX v22.5.4 Daemon Server] - 2026-03-13T20:49:31.135Z - Done responding to the client handleRecordTaskRuns
[NX v22.5.4 Daemon Server] - 2026-03-13T20:49:31.135Z - Handled json message RECORD_TASK_RUNS. Handling time: 1. Response time: 0.
[NX v22.5.4 Daemon Client] - 2026-03-13T20:49:31.135Z - [Messenger] Received message, length: 4
[NX v22.5.4 Daemon Client] - 2026-03-13T20:49:31.474Z - [Messenger] Sending message type: POST_TASKS_EXECUTION
[NX v22.5.4 Daemon Client] - 2026-03-13T20:49:31.475Z - [Messenger] Message sent
[NX v22.5.4 Daemon Server] - 2026-03-13T20:49:31.475Z - Received raw message of length 94049
[NX v22.5.4 Daemon Server] - 2026-03-13T20:49:31.476Z - Received json message of type POST_TASKS_EXECUTION
[NX v22.5.4 Daemon Server] - 2026-03-13T20:49:31.476Z - Serializing response for POST_TASKS_EXECUTION message in json mode
[NX v22.5.4 Daemon Server] - 2026-03-13T20:49:31.476Z - Responding to POST_TASKS_EXECUTION message
[NX v22.5.4 Daemon Server] - 2026-03-13T20:49:31.476Z - [REQUEST]: Responding to the client. handleRunPostTasksExecution
[NX v22.5.4 Daemon Server] - 2026-03-13T20:49:31.476Z - Done responding to the client handleRunPostTasksExecution
[NX v22.5.4 Daemon Server] - 2026-03-13T20:49:31.476Z - Handled json message POST_TASKS_EXECUTION. Handling time: 0. Response time: 0.
[NX v22.5.4 Daemon Server] - 2026-03-13T20:49:31.476Z - Time taken for 'postTasksExecution' 0.1834999999991851ms
[NX v22.5.4 Daemon Client] - 2026-03-13T20:49:31.476Z - [Messenger] Received message, length: 4
[NX v22.5.4 Daemon Server] - 2026-03-13T20:49:31.479Z - Closed a connection. Number of open connections: 0
[NX v22.5.4 Daemon Server] - 2026-03-13T20:49:43.083Z - [WATCHER]: Processing file changes in outputs
[NX v22.5.4 Daemon Server] - 2026-03-13T20:49:49.601Z - Established a connection. Number of open connections: 1
[NX v22.5.4 Daemon Server] - 2026-03-13T20:49:49.601Z - Closed a connection. Number of open connections: 0
[NX v22.5.4 Daemon Server] - 2026-03-13T20:49:49.601Z - Established a connection. Number of open connections: 1
[NX v22.5.4 Daemon Server] - 2026-03-13T20:49:49.601Z - Closed a connection. Number of open connections: 0
[NX v22.5.4 Daemon Server] - 2026-03-13T20:49:49.601Z - Established a connection. Number of open connections: 1
[NX v22.5.4 Daemon Client] - 2026-03-13T20:49:49.601Z - [Messenger] Setting up socket listeners
[NX v22.5.4 Daemon Client] - 2026-03-13T20:49:49.602Z - [Messenger] listen() complete
[NX v22.5.4 Daemon Client] - 2026-03-13T20:49:49.603Z - [Messenger] Sending message type: GET_NX_CONSOLE_STATUS
[NX v22.5.4 Daemon Client] - 2026-03-13T20:49:49.603Z - [Messenger] Message sent
[NX v22.5.4 Daemon Server] - 2026-03-13T20:49:49.616Z - Received raw message of length 32
[NX v22.5.4 Daemon Server] - 2026-03-13T20:49:49.616Z - Received json message of type GET_NX_CONSOLE_STATUS
[NX v22.5.4 Daemon Server] - 2026-03-13T20:49:49.616Z - Serializing response for GET_NX_CONSOLE_STATUS message in json mode
[NX v22.5.4 Daemon Server] - 2026-03-13T20:49:49.616Z - Responding to GET_NX_CONSOLE_STATUS message
[NX v22.5.4 Daemon Server] - 2026-03-13T20:49:49.616Z - [REQUEST]: Responding to the client. handleGetNxConsoleStatus
[NX v22.5.4 Daemon Server] - 2026-03-13T20:49:49.616Z - Done responding to the client handleGetNxConsoleStatus
[NX v22.5.4 Daemon Server] - 2026-03-13T20:49:49.616Z - Handled json message GET_NX_CONSOLE_STATUS. Handling time: 0. Response time: 0.
[NX v22.5.4 Daemon Client] - 2026-03-13T20:49:49.616Z - [Messenger] Received message, length: 22
[NX v22.5.4 Daemon Client] - 2026-03-13T20:49:49.659Z - [Messenger] Sending message type: REQUEST_PROJECT_GRAPH
[NX v22.5.4 Daemon Client] - 2026-03-13T20:49:49.659Z - [Messenger] Message sent
[NX v22.5.4 Daemon Server] - 2026-03-13T20:49:49.659Z - Received raw message of length 32
[NX v22.5.4 Daemon Server] - 2026-03-13T20:49:49.659Z - Received json message of type REQUEST_PROJECT_GRAPH
[NX v22.5.4 Daemon Server] - 2026-03-13T20:49:49.659Z - [REQUEST]: Client Request for Project Graph Received
[NX v22.5.4 Daemon Server] - 2026-03-13T20:49:49.659Z - Reusing in-memory cached project graph because no files changed.
[NX v22.5.4 Daemon Server] - 2026-03-13T20:49:49.659Z - Serializing response for REQUEST_PROJECT_GRAPH message in json mode
[NX v22.5.4 Daemon Server] - 2026-03-13T20:49:49.659Z - Responding to REQUEST_PROJECT_GRAPH message
[NX v22.5.4 Daemon Server] - 2026-03-13T20:49:49.659Z - [REQUEST]: Responding to the client. project-graph
[NX v22.5.4 Daemon Server] - 2026-03-13T20:49:49.660Z - Time taken for 'total for creating and serializing project graph' 0.18624999999883585ms
[NX v22.5.4 Daemon Server] - 2026-03-13T20:49:49.666Z - Done responding to the client project-graph
[NX v22.5.4 Daemon Server] - 2026-03-13T20:49:49.666Z - Handled json message REQUEST_PROJECT_GRAPH. Handling time: 0. Response time: 7.
[NX v22.5.4 Daemon Client] - 2026-03-13T20:49:49.666Z - [Messenger] Received message, length: 1194959
[NX v22.5.4 Daemon Client] - 2026-03-13T20:49:49.671Z - [Messenger] Sending message type: PRE_TASKS_EXECUTION
[NX v22.5.4 Daemon Client] - 2026-03-13T20:49:49.672Z - [Messenger] Message sent
[NX v22.5.4 Daemon Server] - 2026-03-13T20:49:49.672Z - Received raw message of length 699
[NX v22.5.4 Daemon Server] - 2026-03-13T20:49:49.672Z - Received json message of type PRE_TASKS_EXECUTION
[NX v22.5.4 Daemon Server] - 2026-03-13T20:49:49.672Z - Serializing response for PRE_TASKS_EXECUTION message in json mode
[NX v22.5.4 Daemon Server] - 2026-03-13T20:49:49.672Z - Responding to PRE_TASKS_EXECUTION message
[NX v22.5.4 Daemon Server] - 2026-03-13T20:49:49.672Z - [REQUEST]: Responding to the client. handleRunPreTasksExecution
[NX v22.5.4 Daemon Server] - 2026-03-13T20:49:49.672Z - Done responding to the client handleRunPreTasksExecution
[NX v22.5.4 Daemon Server] - 2026-03-13T20:49:49.672Z - Handled json message PRE_TASKS_EXECUTION. Handling time: 0. Response time: 0.
[NX v22.5.4 Daemon Server] - 2026-03-13T20:49:49.672Z - Time taken for 'preTasksExecution' 0.11549999998533167ms
[NX v22.5.4 Daemon Client] - 2026-03-13T20:49:49.672Z - [Messenger] Received message, length: 2
[NX v22.5.4 Daemon Client] - 2026-03-13T20:49:49.838Z - [Messenger] Sending message type: HASH_TASKS
[NX v22.5.4 Daemon Client] - 2026-03-13T20:49:49.838Z - [Messenger] Message sent
[NX v22.5.4 Daemon Server] - 2026-03-13T20:49:49.838Z - Received raw message of length 13544
[NX v22.5.4 Daemon Server] - 2026-03-13T20:49:49.839Z - Received json message of type HASH_TASKS
[NX v22.5.4 Daemon Server] - 2026-03-13T20:49:49.839Z - Reusing in-memory cached project graph because no files changed.
DEBUG nx::native::tasks::hash_planner: get_plans_internal COMPLETED in 4.794167ms - processed 1 tasks (setup: 3.999709ms, parallel_planning: 794.166µs)
DEBUG nx::native::tasks::hashers::hash_workspace_files: Hashing workspace fileset with inputs: Adding "14753650797151729951" (".gitignore") to hash
DEBUG nx::native::tasks::hashers::hash_workspace_files: Hashing workspace fileset with inputs: Adding "16727730179561442929" ("nx.json") to hash
DEBUG nx::native::tasks::hashers::hash_workspace_files: Hashing workspace fileset with inputs: Hash Value: "14205410132470996805"
DEBUG nx::native::tasks::task_hasher: hash_plans COMPLETED in 3.3ms - processed 1 plans (setup: 408.583µs, hashing: 2.891167ms, assembly: 590.625µs)
[NX v22.5.4 Daemon Server] - 2026-03-13T20:49:49.849Z - Serializing response for HASH_TASKS message in json mode
[NX v22.5.4 Daemon Server] - 2026-03-13T20:49:49.849Z - Responding to HASH_TASKS message
[NX v22.5.4 Daemon Server] - 2026-03-13T20:49:49.849Z - [REQUEST]: Responding to the client. handleHashTasks
[NX v22.5.4 Daemon Server] - 2026-03-13T20:49:49.850Z - Done responding to the client handleHashTasks
[NX v22.5.4 Daemon Server] - 2026-03-13T20:49:49.850Z - Handled json message HASH_TASKS. Handling time: 10. Response time: 1.
[NX v22.5.4 Daemon Client] - 2026-03-13T20:49:49.850Z - [Messenger] Received message, length: 182094
[NX v22.5.4 Daemon Client] - 2026-03-13T20:49:49.953Z - [Messenger] Sending message type: GET_ESTIMATED_TASK_TIMINGS
[NX v22.5.4 Daemon Client] - 2026-03-13T20:49:49.953Z - [Messenger] Message sent
[NX v22.5.4 Daemon Server] - 2026-03-13T20:49:49.953Z - Received raw message of length 98
[NX v22.5.4 Daemon Server] - 2026-03-13T20:49:49.953Z - Received json message of type GET_ESTIMATED_TASK_TIMINGS
[NX v22.5.4 Daemon Server] - 2026-03-13T20:49:49.954Z - Serializing response for GET_ESTIMATED_TASK_TIMINGS message in json mode
[NX v22.5.4 Daemon Server] - 2026-03-13T20:49:49.954Z - Responding to GET_ESTIMATED_TASK_TIMINGS message
[NX v22.5.4 Daemon Server] - 2026-03-13T20:49:49.954Z - [REQUEST]: Responding to the client. handleGetEstimatedTaskTimings
[NX v22.5.4 Daemon Server] - 2026-03-13T20:49:49.954Z - Done responding to the client handleGetEstimatedTaskTimings
[NX v22.5.4 Daemon Server] - 2026-03-13T20:49:49.954Z - Handled json message GET_ESTIMATED_TASK_TIMINGS. Handling time: 1. Response time: 0.
[NX v22.5.4 Daemon Client] - 2026-03-13T20:49:49.954Z - [Messenger] Received message, length: 2
[NX v22.5.4 Daemon Server] - 2026-03-13T20:49:50.179Z - [WATCHER]: Processing file changes in outputs
[NX v22.5.4 Daemon Server] - 2026-03-13T20:49:54.410Z - [WATCHER]: Processing file changes in outputs
[NX v22.5.4 Daemon Server] - 2026-03-13T20:49:57.533Z - [WATCHER]: Processing file changes in outputs
[NX v22.5.4 Daemon Server] - 2026-03-13T20:49:58.208Z - [WATCHER]: Processing file changes in outputs
[NX v22.5.4 Daemon Server] - 2026-03-13T20:50:02.210Z - [WATCHER]: Processing file changes in outputs
[NX v22.5.4 Daemon Server] - 2026-03-13T20:50:09.813Z - [WATCHER]: Processing file changes in outputs
[NX v22.5.4 Daemon Server] - 2026-03-13T20:50:10.243Z - [WATCHER]: Processing file changes in outputs
[NX v22.5.4 Daemon Server] - 2026-03-13T20:50:10.296Z - [WATCHER]: Processing file changes in outputs
[NX v22.5.4 Daemon Server] - 2026-03-13T20:50:10.350Z - [WATCHER]: Processing file changes in outputs
[NX v22.5.4 Daemon Server] - 2026-03-13T20:50:10.433Z - [WATCHER]: Processing file changes in outputs
[NX v22.5.4 Daemon Server] - 2026-03-13T20:50:10.526Z - [WATCHER]: Processing file changes in outputs
[NX v22.5.4 Daemon Server] - 2026-03-13T20:50:10.647Z - [WATCHER]: Processing file changes in outputs
[NX v22.5.4 Daemon Server] - 2026-03-13T20:50:10.705Z - [WATCHER]: Processing file changes in outputs
[NX v22.5.4 Daemon Server] - 2026-03-13T20:50:10.757Z - [WATCHER]: Processing file changes in outputs
[NX v22.5.4 Daemon Server] - 2026-03-13T20:50:11.112Z - [WATCHER]: Processing file changes in outputs
[NX v22.5.4 Daemon Server] - 2026-03-13T20:50:11.166Z - [WATCHER]: Processing file changes in outputs
[NX v22.5.4 Daemon Client] - 2026-03-13T20:50:11.524Z - [Messenger] Sending message type: RECORD_OUTPUTS_HASH
[NX v22.5.4 Daemon Client] - 2026-03-13T20:50:11.524Z - [Messenger] Message sent
[NX v22.5.4 Daemon Server] - 2026-03-13T20:50:11.524Z - Received raw message of length 178
[NX v22.5.4 Daemon Server] - 2026-03-13T20:50:11.525Z - Received json message of type RECORD_OUTPUTS_HASH
[NX v22.5.4 Daemon Server] - 2026-03-13T20:50:11.525Z - Serializing response for RECORD_OUTPUTS_HASH message in json mode
[NX v22.5.4 Daemon Server] - 2026-03-13T20:50:11.525Z - Responding to RECORD_OUTPUTS_HASH message
[NX v22.5.4 Daemon Server] - 2026-03-13T20:50:11.525Z - [REQUEST]: Responding to the client. recordOutputsHash
[NX v22.5.4 Daemon Server] - 2026-03-13T20:50:11.525Z - Done responding to the client recordOutputsHash
[NX v22.5.4 Daemon Server] - 2026-03-13T20:50:11.525Z - Handled json message RECORD_OUTPUTS_HASH. Handling time: 0. Response time: 0.
[NX v22.5.4 Daemon Client] - 2026-03-13T20:50:11.525Z - [Messenger] Received message, length: 2
[NX v22.5.4 Daemon Client] - 2026-03-13T20:50:11.526Z - [Messenger] Sending message type: RECORD_TASK_RUNS
[NX v22.5.4 Daemon Client] - 2026-03-13T20:50:11.526Z - [Messenger] Message sent
[NX v22.5.4 Daemon Server] - 2026-03-13T20:50:11.526Z - Received raw message of length 218
[NX v22.5.4 Daemon Server] - 2026-03-13T20:50:11.526Z - Received json message of type RECORD_TASK_RUNS
[NX v22.5.4 Daemon Server] - 2026-03-13T20:50:11.527Z - Serializing response for RECORD_TASK_RUNS message in json mode
[NX v22.5.4 Daemon Server] - 2026-03-13T20:50:11.527Z - Responding to RECORD_TASK_RUNS message
[NX v22.5.4 Daemon Server] - 2026-03-13T20:50:11.527Z - [REQUEST]: Responding to the client. handleRecordTaskRuns
[NX v22.5.4 Daemon Server] - 2026-03-13T20:50:11.527Z - Done responding to the client handleRecordTaskRuns
[NX v22.5.4 Daemon Server] - 2026-03-13T20:50:11.527Z - Handled json message RECORD_TASK_RUNS. Handling time: 1. Response time: 0.
[NX v22.5.4 Daemon Client] - 2026-03-13T20:50:11.527Z - [Messenger] Received message, length: 4
[NX v22.5.4 Daemon Client] - 2026-03-13T20:50:11.786Z - [Messenger] Sending message type: POST_TASKS_EXECUTION
[NX v22.5.4 Daemon Client] - 2026-03-13T20:50:11.787Z - [Messenger] Message sent
[NX v22.5.4 Daemon Server] - 2026-03-13T20:50:11.788Z - Received raw message of length 105270
[NX v22.5.4 Daemon Server] - 2026-03-13T20:50:11.788Z - Received json message of type POST_TASKS_EXECUTION
[NX v22.5.4 Daemon Server] - 2026-03-13T20:50:11.788Z - Serializing response for POST_TASKS_EXECUTION message in json mode
[NX v22.5.4 Daemon Server] - 2026-03-13T20:50:11.788Z - Responding to POST_TASKS_EXECUTION message
[NX v22.5.4 Daemon Server] - 2026-03-13T20:50:11.788Z - [REQUEST]: Responding to the client. handleRunPostTasksExecution
[NX v22.5.4 Daemon Server] - 2026-03-13T20:50:11.788Z - Done responding to the client handleRunPostTasksExecution
[NX v22.5.4 Daemon Server] - 2026-03-13T20:50:11.789Z - Handled json message POST_TASKS_EXECUTION. Handling time: 0. Response time: 1.
[NX v22.5.4 Daemon Server] - 2026-03-13T20:50:11.789Z - Time taken for 'postTasksExecution' 0.1350840000086464ms
[NX v22.5.4 Daemon Client] - 2026-03-13T20:50:11.789Z - [Messenger] Received message, length: 4
[NX v22.5.4 Daemon Server] - 2026-03-13T20:50:11.792Z - Closed a connection. Number of open connections: 0
[NX v22.5.4 Daemon Server] - 2026-03-13T20:50:19.057Z - [WATCHER]: Processing file changes in outputs
[NX v22.5.4 Daemon Server] - 2026-03-13T20:50:25.317Z - [WATCHER]: Processing file changes in outputs
[NX v22.5.4 Daemon Server] - 2026-03-13T20:50:25.366Z - Established a connection. Number of open connections: 1
[NX v22.5.4 Daemon Server] - 2026-03-13T20:50:25.366Z - Closed a connection. Number of open connections: 0
[NX v22.5.4 Daemon Server] - 2026-03-13T20:50:25.367Z - Established a connection. Number of open connections: 1
[NX v22.5.4 Daemon Server] - 2026-03-13T20:50:25.367Z - Closed a connection. Number of open connections: 0
[NX v22.5.4 Daemon Server] - 2026-03-13T20:50:25.367Z - Established a connection. Number of open connections: 1
[NX v22.5.4 Daemon Client] - 2026-03-13T20:50:25.367Z - [Messenger] Setting up socket listeners
[NX v22.5.4 Daemon Client] - 2026-03-13T20:50:25.368Z - [Messenger] listen() complete
[NX v22.5.4 Daemon Client] - 2026-03-13T20:50:25.368Z - [Messenger] Sending message type: GET_NX_CONSOLE_STATUS
[NX v22.5.4 Daemon Client] - 2026-03-13T20:50:25.369Z - [Messenger] Message sent
[NX v22.5.4 Daemon Server] - 2026-03-13T20:50:25.383Z - Received raw message of length 32
[NX v22.5.4 Daemon Server] - 2026-03-13T20:50:25.383Z - Received json message of type GET_NX_CONSOLE_STATUS
[NX v22.5.4 Daemon Server] - 2026-03-13T20:50:25.384Z - Serializing response for GET_NX_CONSOLE_STATUS message in json mode
[NX v22.5.4 Daemon Server] - 2026-03-13T20:50:25.384Z - Responding to GET_NX_CONSOLE_STATUS message
[NX v22.5.4 Daemon Server] - 2026-03-13T20:50:25.384Z - [REQUEST]: Responding to the client. handleGetNxConsoleStatus
[NX v22.5.4 Daemon Server] - 2026-03-13T20:50:25.384Z - Done responding to the client handleGetNxConsoleStatus
[NX v22.5.4 Daemon Server] - 2026-03-13T20:50:25.384Z - Handled json message GET_NX_CONSOLE_STATUS. Handling time: 0. Response time: 0.
[NX v22.5.4 Daemon Client] - 2026-03-13T20:50:25.384Z - [Messenger] Received message, length: 22
[NX v22.5.4 Daemon Client] - 2026-03-13T20:50:25.425Z - [Messenger] Sending message type: REQUEST_PROJECT_GRAPH
[NX v22.5.4 Daemon Client] - 2026-03-13T20:50:25.425Z - [Messenger] Message sent
[NX v22.5.4 Daemon Server] - 2026-03-13T20:50:25.425Z - Received raw message of length 32
[NX v22.5.4 Daemon Server] - 2026-03-13T20:50:25.425Z - Received json message of type REQUEST_PROJECT_GRAPH
[NX v22.5.4 Daemon Server] - 2026-03-13T20:50:25.425Z - [REQUEST]: Client Request for Project Graph Received
[NX v22.5.4 Daemon Server] - 2026-03-13T20:50:25.426Z - Reusing in-memory cached project graph because no files changed.
[NX v22.5.4 Daemon Server] - 2026-03-13T20:50:25.426Z - Serializing response for REQUEST_PROJECT_GRAPH message in json mode
[NX v22.5.4 Daemon Server] - 2026-03-13T20:50:25.426Z - Responding to REQUEST_PROJECT_GRAPH message
[NX v22.5.4 Daemon Server] - 2026-03-13T20:50:25.426Z - [REQUEST]: Responding to the client. project-graph
[NX v22.5.4 Daemon Server] - 2026-03-13T20:50:25.426Z - Time taken for 'total for creating and serializing project graph' 0.19737500001792796ms
[NX v22.5.4 Daemon Server] - 2026-03-13T20:50:25.431Z - Done responding to the client project-graph
[NX v22.5.4 Daemon Server] - 2026-03-13T20:50:25.431Z - Handled json message REQUEST_PROJECT_GRAPH. Handling time: 1. Response time: 5.
[NX v22.5.4 Daemon Client] - 2026-03-13T20:50:25.432Z - [Messenger] Received message, length: 1194959
[NX v22.5.4 Daemon Client] - 2026-03-13T20:50:25.436Z - [Messenger] Sending message type: PRE_TASKS_EXECUTION
[NX v22.5.4 Daemon Client] - 2026-03-13T20:50:25.437Z - [Messenger] Message sent
[NX v22.5.4 Daemon Server] - 2026-03-13T20:50:25.437Z - Received raw message of length 699
[NX v22.5.4 Daemon Server] - 2026-03-13T20:50:25.437Z - Received json message of type PRE_TASKS_EXECUTION
[NX v22.5.4 Daemon Server] - 2026-03-13T20:50:25.437Z - Serializing response for PRE_TASKS_EXECUTION message in json mode
[NX v22.5.4 Daemon Server] - 2026-03-13T20:50:25.437Z - Responding to PRE_TASKS_EXECUTION message
[NX v22.5.4 Daemon Server] - 2026-03-13T20:50:25.437Z - [REQUEST]: Responding to the client. handleRunPreTasksExecution
[NX v22.5.4 Daemon Server] - 2026-03-13T20:50:25.437Z - Done responding to the client handleRunPreTasksExecution
[NX v22.5.4 Daemon Server] - 2026-03-13T20:50:25.437Z - Handled json message PRE_TASKS_EXECUTION. Handling time: 0. Response time: 0.
[NX v22.5.4 Daemon Server] - 2026-03-13T20:50:25.437Z - Time taken for 'preTasksExecution' 0.1385420000005979ms
[NX v22.5.4 Daemon Client] - 2026-03-13T20:50:25.437Z - [Messenger] Received message, length: 2
[NX v22.5.4 Daemon Client] - 2026-03-13T20:50:25.603Z - [Messenger] Sending message type: HASH_TASKS
[NX v22.5.4 Daemon Client] - 2026-03-13T20:50:25.603Z - [Messenger] Message sent
[NX v22.5.4 Daemon Server] - 2026-03-13T20:50:25.604Z - Received raw message of length 13544
[NX v22.5.4 Daemon Server] - 2026-03-13T20:50:25.604Z - Received json message of type HASH_TASKS
[NX v22.5.4 Daemon Server] - 2026-03-13T20:50:25.604Z - Reusing in-memory cached project graph because no files changed.
DEBUG nx::native::tasks::hash_planner: get_plans_internal COMPLETED in 4.664291ms - processed 1 tasks (setup: 3.904791ms, parallel_planning: 759.25µs)
DEBUG nx::native::tasks::hashers::hash_workspace_files: Hashing workspace fileset with inputs: Adding "14753650797151729951" (".gitignore") to hash
DEBUG nx::native::tasks::hashers::hash_workspace_files: Hashing workspace fileset with inputs: Adding "16727730179561442929" ("nx.json") to hash
DEBUG nx::native::tasks::hashers::hash_workspace_files: Hashing workspace fileset with inputs: Hash Value: "14205410132470996805"
DEBUG nx::native::tasks::task_hasher: hash_plans COMPLETED in 3.266792ms - processed 1 plans (setup: 393.375µs, hashing: 2.873291ms, assembly: 579.208µs)
[NX v22.5.4 Daemon Server] - 2026-03-13T20:50:25.613Z - Serializing response for HASH_TASKS message in json mode
[NX v22.5.4 Daemon Server] - 2026-03-13T20:50:25.614Z - Responding to HASH_TASKS message
[NX v22.5.4 Daemon Server] - 2026-03-13T20:50:25.614Z - [REQUEST]: Responding to the client. handleHashTasks
[NX v22.5.4 Daemon Server] - 2026-03-13T20:50:25.615Z - Done responding to the client handleHashTasks
[NX v22.5.4 Daemon Server] - 2026-03-13T20:50:25.615Z - Handled json message HASH_TASKS. Handling time: 9. Response time: 2.
[NX v22.5.4 Daemon Client] - 2026-03-13T20:50:25.615Z - [Messenger] Received message, length: 182094
[NX v22.5.4 Daemon Client] - 2026-03-13T20:50:25.669Z - [Messenger] Sending message type: GET_ESTIMATED_TASK_TIMINGS
[NX v22.5.4 Daemon Client] - 2026-03-13T20:50:25.669Z - [Messenger] Message sent
[NX v22.5.4 Daemon Server] - 2026-03-13T20:50:25.669Z - Received raw message of length 98
[NX v22.5.4 Daemon Server] - 2026-03-13T20:50:25.670Z - Received json message of type GET_ESTIMATED_TASK_TIMINGS
[NX v22.5.4 Daemon Server] - 2026-03-13T20:50:25.670Z - Serializing response for GET_ESTIMATED_TASK_TIMINGS message in json mode
[NX v22.5.4 Daemon Server] - 2026-03-13T20:50:25.670Z - Responding to GET_ESTIMATED_TASK_TIMINGS message
[NX v22.5.4 Daemon Server] - 2026-03-13T20:50:25.670Z - [REQUEST]: Responding to the client. handleGetEstimatedTaskTimings
[NX v22.5.4 Daemon Server] - 2026-03-13T20:50:25.670Z - Done responding to the client handleGetEstimatedTaskTimings
[NX v22.5.4 Daemon Server] - 2026-03-13T20:50:25.670Z - Handled json message GET_ESTIMATED_TASK_TIMINGS. Handling time: 0. Response time: 0.
[NX v22.5.4 Daemon Client] - 2026-03-13T20:50:25.670Z - [Messenger] Received message, length: 2
[NX v22.5.4 Daemon Server] - 2026-03-13T20:50:25.896Z - [WATCHER]: Processing file changes in outputs
[NX v22.5.4 Daemon Server] - 2026-03-13T20:50:27.833Z - [WATCHER]: Processing file changes in outputs
[NX v22.5.4 Daemon Server] - 2026-03-13T20:50:28.409Z - [WATCHER]: Processing file changes in outputs
[NX v22.5.4 Daemon Server] - 2026-03-13T20:50:29.087Z - [WATCHER]: Processing file changes in outputs
[NX v22.5.4 Daemon Server] - 2026-03-13T20:50:29.835Z - [WATCHER]: Processing file changes in outputs
[NX v22.5.4 Daemon Server] - 2026-03-13T20:50:29.886Z - [WATCHER]: Processing file changes in outputs
[NX v22.5.4 Daemon Server] - 2026-03-13T20:50:30.180Z - [WATCHER]: Processing file changes in outputs
[NX v22.5.4 Daemon Server] - 2026-03-13T20:50:30.233Z - [WATCHER]: Processing file changes in outputs
[NX v22.5.4 Daemon Server] - 2026-03-13T20:50:30.300Z - [WATCHER]: Processing file changes in outputs
[NX v22.5.4 Daemon Server] - 2026-03-13T20:50:30.351Z - [WATCHER]: Processing file changes in outputs
[NX v22.5.4 Daemon Server] - 2026-03-13T20:50:30.404Z - [WATCHER]: Processing file changes in outputs
[NX v22.5.4 Daemon Server] - 2026-03-13T20:50:30.460Z - [WATCHER]: Processing file changes in outputs
[NX v22.5.4 Daemon Server] - 2026-03-13T20:50:31.196Z - [WATCHER]: Processing file changes in outputs
[NX v22.5.4 Daemon Client] - 2026-03-13T20:50:31.217Z - [Messenger] Sending message type: RECORD_OUTPUTS_HASH
[NX v22.5.4 Daemon Client] - 2026-03-13T20:50:31.217Z - [Messenger] Message sent
[NX v22.5.4 Daemon Server] - 2026-03-13T20:50:31.217Z - Received raw message of length 178
[NX v22.5.4 Daemon Server] - 2026-03-13T20:50:31.217Z - Received json message of type RECORD_OUTPUTS_HASH
[NX v22.5.4 Daemon Server] - 2026-03-13T20:50:31.217Z - Serializing response for RECORD_OUTPUTS_HASH message in json mode
[NX v22.5.4 Daemon Server] - 2026-03-13T20:50:31.217Z - Responding to RECORD_OUTPUTS_HASH message
[NX v22.5.4 Daemon Server] - 2026-03-13T20:50:31.217Z - [REQUEST]: Responding to the client. recordOutputsHash
[NX v22.5.4 Daemon Server] - 2026-03-13T20:50:31.217Z - Done responding to the client recordOutputsHash
[NX v22.5.4 Daemon Server] - 2026-03-13T20:50:31.217Z - Handled json message RECORD_OUTPUTS_HASH. Handling time: 0. Response time: 0.
[NX v22.5.4 Daemon Client] - 2026-03-13T20:50:31.217Z - [Messenger] Received message, length: 2
[NX v22.5.4 Daemon Client] - 2026-03-13T20:50:31.219Z - [Messenger] Sending message type: RECORD_TASK_RUNS
[NX v22.5.4 Daemon Client] - 2026-03-13T20:50:31.219Z - [Messenger] Message sent
[NX v22.5.4 Daemon Server] - 2026-03-13T20:50:31.219Z - Received raw message of length 218
[NX v22.5.4 Daemon Server] - 2026-03-13T20:50:31.219Z - Received json message of type RECORD_TASK_RUNS
[NX v22.5.4 Daemon Server] - 2026-03-13T20:50:31.219Z - Serializing response for RECORD_TASK_RUNS message in json mode
[NX v22.5.4 Daemon Server] - 2026-03-13T20:50:31.219Z - Responding to RECORD_TASK_RUNS message
[NX v22.5.4 Daemon Server] - 2026-03-13T20:50:31.219Z - [REQUEST]: Responding to the client. handleRecordTaskRuns
[NX v22.5.4 Daemon Server] - 2026-03-13T20:50:31.219Z - Done responding to the client handleRecordTaskRuns
[NX v22.5.4 Daemon Server] - 2026-03-13T20:50:31.219Z - Handled json message RECORD_TASK_RUNS. Handling time: 0. Response time: 0.
[NX v22.5.4 Daemon Client] - 2026-03-13T20:50:31.219Z - [Messenger] Received message, length: 4
[NX v22.5.4 Daemon Client] - 2026-03-13T20:50:31.468Z - [Messenger] Sending message type: POST_TASKS_EXECUTION
[NX v22.5.4 Daemon Client] - 2026-03-13T20:50:31.468Z - [Messenger] Message sent
[NX v22.5.4 Daemon Server] - 2026-03-13T20:50:31.469Z - Received raw message of length 103878
[NX v22.5.4 Daemon Server] - 2026-03-13T20:50:31.469Z - Received json message of type POST_TASKS_EXECUTION
[NX v22.5.4 Daemon Server] - 2026-03-13T20:50:31.469Z - Serializing response for POST_TASKS_EXECUTION message in json mode
[NX v22.5.4 Daemon Server] - 2026-03-13T20:50:31.469Z - Responding to POST_TASKS_EXECUTION message
[NX v22.5.4 Daemon Server] - 2026-03-13T20:50:31.469Z - [REQUEST]: Responding to the client. handleRunPostTasksExecution
[NX v22.5.4 Daemon Server] - 2026-03-13T20:50:31.469Z - Done responding to the client handleRunPostTasksExecution
[NX v22.5.4 Daemon Server] - 2026-03-13T20:50:31.469Z - Handled json message POST_TASKS_EXECUTION. Handling time: 0. Response time: 0.
[NX v22.5.4 Daemon Server] - 2026-03-13T20:50:31.469Z - Time taken for 'postTasksExecution' 0.1417080000101123ms
[NX v22.5.4 Daemon Client] - 2026-03-13T20:50:31.469Z - [Messenger] Received message, length: 4
[NX v22.5.4 Daemon Server] - 2026-03-13T20:50:31.473Z - Closed a connection. Number of open connections: 0
[NX v22.5.4 Daemon Server] - 2026-03-13T20:50:32.345Z - [WATCHER]: Processing file changes in outputs
[NX v22.5.4 Daemon Server] - 2026-03-13T20:50:45.609Z - [WATCHER]: Processing file changes in outputs
[NX v22.5.4 Daemon Server] - 2026-03-13T20:50:52.003Z - Established a connection. Number of open connections: 1
[NX v22.5.4 Daemon Server] - 2026-03-13T20:50:52.003Z - Closed a connection. Number of open connections: 0
[NX v22.5.4 Daemon Server] - 2026-03-13T20:50:52.004Z - Established a connection. Number of open connections: 1
[NX v22.5.4 Daemon Server] - 2026-03-13T20:50:52.004Z - Closed a connection. Number of open connections: 0
[NX v22.5.4 Daemon Server] - 2026-03-13T20:50:52.004Z - Established a connection. Number of open connections: 1
[NX v22.5.4 Daemon Client] - 2026-03-13T20:50:52.004Z - [Messenger] Setting up socket listeners
[NX v22.5.4 Daemon Client] - 2026-03-13T20:50:52.005Z - [Messenger] listen() complete
[NX v22.5.4 Daemon Client] - 2026-03-13T20:50:52.005Z - [Messenger] Sending message type: GET_NX_CONSOLE_STATUS
[NX v22.5.4 Daemon Client] - 2026-03-13T20:50:52.006Z - [Messenger] Message sent
[NX v22.5.4 Daemon Server] - 2026-03-13T20:50:52.019Z - Received raw message of length 32
[NX v22.5.4 Daemon Server] - 2026-03-13T20:50:52.019Z - Received json message of type GET_NX_CONSOLE_STATUS
[NX v22.5.4 Daemon Server] - 2026-03-13T20:50:52.019Z - Serializing response for GET_NX_CONSOLE_STATUS message in json mode
[NX v22.5.4 Daemon Server] - 2026-03-13T20:50:52.019Z - Responding to GET_NX_CONSOLE_STATUS message
[NX v22.5.4 Daemon Server] - 2026-03-13T20:50:52.019Z - [REQUEST]: Responding to the client. handleGetNxConsoleStatus
[NX v22.5.4 Daemon Server] - 2026-03-13T20:50:52.020Z - Done responding to the client handleGetNxConsoleStatus
[NX v22.5.4 Daemon Server] - 2026-03-13T20:50:52.020Z - Handled json message GET_NX_CONSOLE_STATUS. Handling time: 0. Response time: 1.
[NX v22.5.4 Daemon Client] - 2026-03-13T20:50:52.020Z - [Messenger] Received message, length: 22
[NX v22.5.4 Daemon Client] - 2026-03-13T20:50:52.045Z - [Messenger] Sending message type: REQUEST_PROJECT_GRAPH
[NX v22.5.4 Daemon Client] - 2026-03-13T20:50:52.045Z - [Messenger] Message sent
[NX v22.5.4 Daemon Server] - 2026-03-13T20:50:52.045Z - Received raw message of length 32
[NX v22.5.4 Daemon Server] - 2026-03-13T20:50:52.045Z - Received json message of type REQUEST_PROJECT_GRAPH
[NX v22.5.4 Daemon Server] - 2026-03-13T20:50:52.045Z - [REQUEST]: Client Request for Project Graph Received
[NX v22.5.4 Daemon Server] - 2026-03-13T20:50:52.045Z - Reusing in-memory cached project graph because no files changed.
[NX v22.5.4 Daemon Server] - 2026-03-13T20:50:52.045Z - Serializing response for REQUEST_PROJECT_GRAPH message in json mode
[NX v22.5.4 Daemon Server] - 2026-03-13T20:50:52.045Z - Responding to REQUEST_PROJECT_GRAPH message
[NX v22.5.4 Daemon Server] - 2026-03-13T20:50:52.045Z - [REQUEST]: Responding to the client. project-graph
[NX v22.5.4 Daemon Server] - 2026-03-13T20:50:52.046Z - Time taken for 'total for creating and serializing project graph' 0.32224999999743886ms
[NX v22.5.4 Daemon Server] - 2026-03-13T20:50:52.051Z - Done responding to the client project-graph
[NX v22.5.4 Daemon Server] - 2026-03-13T20:50:52.051Z - Handled json message REQUEST_PROJECT_GRAPH. Handling time: 0. Response time: 6.
[NX v22.5.4 Daemon Client] - 2026-03-13T20:50:52.051Z - [Messenger] Received message, length: 1194959
[NX v22.5.4 Daemon Client] - 2026-03-13T20:50:52.057Z - [Messenger] Sending message type: PRE_TASKS_EXECUTION
[NX v22.5.4 Daemon Client] - 2026-03-13T20:50:52.057Z - [Messenger] Message sent
[NX v22.5.4 Daemon Server] - 2026-03-13T20:50:52.057Z - Received raw message of length 699
[NX v22.5.4 Daemon Server] - 2026-03-13T20:50:52.057Z - Received json message of type PRE_TASKS_EXECUTION
[NX v22.5.4 Daemon Server] - 2026-03-13T20:50:52.057Z - Serializing response for PRE_TASKS_EXECUTION message in json mode
[NX v22.5.4 Daemon Server] - 2026-03-13T20:50:52.057Z - Responding to PRE_TASKS_EXECUTION message
[NX v22.5.4 Daemon Server] - 2026-03-13T20:50:52.057Z - [REQUEST]: Responding to the client. handleRunPreTasksExecution
[NX v22.5.4 Daemon Server] - 2026-03-13T20:50:52.057Z - Done responding to the client handleRunPreTasksExecution
[NX v22.5.4 Daemon Server] - 2026-03-13T20:50:52.057Z - Handled json message PRE_TASKS_EXECUTION. Handling time: 0. Response time: 0.
[NX v22.5.4 Daemon Server] - 2026-03-13T20:50:52.057Z - Time taken for 'preTasksExecution' 0.10962500001187436ms
[NX v22.5.4 Daemon Client] - 2026-03-13T20:50:52.057Z - [Messenger] Received message, length: 2
[NX v22.5.4 Daemon Client] - 2026-03-13T20:50:52.209Z - [Messenger] Sending message type: HASH_TASKS
[NX v22.5.4 Daemon Client] - 2026-03-13T20:50:52.210Z - [Messenger] Message sent
[NX v22.5.4 Daemon Server] - 2026-03-13T20:50:52.210Z - Received raw message of length 13545
[NX v22.5.4 Daemon Server] - 2026-03-13T20:50:52.210Z - Received json message of type HASH_TASKS
[NX v22.5.4 Daemon Server] - 2026-03-13T20:50:52.210Z - Reusing in-memory cached project graph because no files changed.
DEBUG nx::native::tasks::hash_planner: get_plans_internal COMPLETED in 4.893708ms - processed 1 tasks (setup: 4.112667ms, parallel_planning: 780.75µs)
DEBUG nx::native::tasks::hashers::hash_workspace_files: Hashing workspace fileset with inputs: Adding "14753650797151729951" (".gitignore") to hash
DEBUG nx::native::tasks::hashers::hash_workspace_files: Hashing workspace fileset with inputs: Adding "16727730179561442929" ("nx.json") to hash
DEBUG nx::native::tasks::hashers::hash_workspace_files: Hashing workspace fileset with inputs: Hash Value: "14205410132470996805"
DEBUG nx::native::tasks::task_hasher: hash_plans COMPLETED in 3.184125ms - processed 1 plans (setup: 530.458µs, hashing: 2.653458ms, assembly: 590.333µs)
[NX v22.5.4 Daemon Server] - 2026-03-13T20:50:52.220Z - Serializing response for HASH_TASKS message in json mode
[NX v22.5.4 Daemon Server] - 2026-03-13T20:50:52.221Z - Responding to HASH_TASKS message
[NX v22.5.4 Daemon Server] - 2026-03-13T20:50:52.221Z - [REQUEST]: Responding to the client. handleHashTasks
[NX v22.5.4 Daemon Server] - 2026-03-13T20:50:52.221Z - Done responding to the client handleHashTasks
[NX v22.5.4 Daemon Server] - 2026-03-13T20:50:52.221Z - Handled json message HASH_TASKS. Handling time: 10. Response time: 1.
[NX v22.5.4 Daemon Client] - 2026-03-13T20:50:52.221Z - [Messenger] Received message, length: 182094
[NX v22.5.4 Daemon Client] - 2026-03-13T20:50:52.272Z - [Messenger] Sending message type: GET_ESTIMATED_TASK_TIMINGS
[NX v22.5.4 Daemon Client] - 2026-03-13T20:50:52.272Z - [Messenger] Message sent
[NX v22.5.4 Daemon Server] - 2026-03-13T20:50:52.272Z - Received raw message of length 98
[NX v22.5.4 Daemon Server] - 2026-03-13T20:50:52.273Z - Received json message of type GET_ESTIMATED_TASK_TIMINGS
[NX v22.5.4 Daemon Server] - 2026-03-13T20:50:52.273Z - Serializing response for GET_ESTIMATED_TASK_TIMINGS message in json mode
[NX v22.5.4 Daemon Server] - 2026-03-13T20:50:52.273Z - Responding to GET_ESTIMATED_TASK_TIMINGS message
[NX v22.5.4 Daemon Server] - 2026-03-13T20:50:52.273Z - [REQUEST]: Responding to the client. handleGetEstimatedTaskTimings
[NX v22.5.4 Daemon Server] - 2026-03-13T20:50:52.273Z - Done responding to the client handleGetEstimatedTaskTimings
[NX v22.5.4 Daemon Server] - 2026-03-13T20:50:52.273Z - Handled json message GET_ESTIMATED_TASK_TIMINGS. Handling time: 0. Response time: 0.
[NX v22.5.4 Daemon Client] - 2026-03-13T20:50:52.273Z - [Messenger] Received message, length: 2
[NX v22.5.4 Daemon Server] - 2026-03-13T20:50:52.487Z - [WATCHER]: Processing file changes in outputs
[NX v22.5.4 Daemon Server] - 2026-03-13T20:50:53.690Z - [WATCHER]: Processing file changes in outputs
[NX v22.5.4 Daemon Server] - 2026-03-13T20:50:53.806Z - [WATCHER]: Processing file changes in outputs
[NX v22.5.4 Daemon Server] - 2026-03-13T20:50:54.280Z - [WATCHER]: Processing file changes in outputs
[NX v22.5.4 Daemon Server] - 2026-03-13T20:50:54.890Z - [WATCHER]: Processing file changes in outputs
[NX v22.5.4 Daemon Server] - 2026-03-13T20:50:54.949Z - [WATCHER]: Processing file changes in outputs
[NX v22.5.4 Daemon Server] - 2026-03-13T20:50:55.427Z - [WATCHER]: Processing file changes in outputs
[NX v22.5.4 Daemon Server] - 2026-03-13T20:50:55.487Z - [WATCHER]: Processing file changes in outputs
[NX v22.5.4 Daemon Server] - 2026-03-13T20:50:55.960Z - [WATCHER]: Processing file changes in outputs
[NX v22.5.4 Daemon Server] - 2026-03-13T20:50:56.883Z - [WATCHER]: Processing file changes in outputs
[NX v22.5.4 Daemon Server] - 2026-03-13T20:50:56.962Z - [WATCHER]: Processing file changes in outputs
[NX v22.5.4 Daemon Server] - 2026-03-13T20:50:57.038Z - [WATCHER]: Processing file changes in outputs
[NX v22.5.4 Daemon Server] - 2026-03-13T20:50:57.107Z - [WATCHER]: Processing file changes in outputs
[NX v22.5.4 Daemon Server] - 2026-03-13T20:50:57.168Z - [WATCHER]: Processing file changes in outputs
[NX v22.5.4 Daemon Server] - 2026-03-13T20:50:57.220Z - [WATCHER]: Processing file changes in outputs
[NX v22.5.4 Daemon Server] - 2026-03-13T20:50:57.286Z - [WATCHER]: Processing file changes in outputs
[NX v22.5.4 Daemon Server] - 2026-03-13T20:50:57.671Z - [WATCHER]: Processing file changes in outputs
[NX v22.5.4 Daemon Server] - 2026-03-13T20:50:57.801Z - [WATCHER]: Processing file changes in outputs
[NX v22.5.4 Daemon Server] - 2026-03-13T20:50:58.975Z - [WATCHER]: Processing file changes in outputs
[NX v22.5.4 Daemon Server] - 2026-03-13T20:51:06.884Z - [WATCHER]: Processing file changes in outputs
[NX v22.5.4 Daemon Client] - 2026-03-13T20:51:06.906Z - [Messenger] Sending message type: RECORD_OUTPUTS_HASH
[NX v22.5.4 Daemon Client] - 2026-03-13T20:51:06.906Z - [Messenger] Message sent
[NX v22.5.4 Daemon Server] - 2026-03-13T20:51:06.906Z - Received raw message of length 178
[NX v22.5.4 Daemon Server] - 2026-03-13T20:51:06.906Z - Received json message of type RECORD_OUTPUTS_HASH
[NX v22.5.4 Daemon Server] - 2026-03-13T20:51:06.906Z - Serializing response for RECORD_OUTPUTS_HASH message in json mode
[NX v22.5.4 Daemon Server] - 2026-03-13T20:51:06.906Z - Responding to RECORD_OUTPUTS_HASH message
[NX v22.5.4 Daemon Server] - 2026-03-13T20:51:06.906Z - [REQUEST]: Responding to the client. recordOutputsHash
[NX v22.5.4 Daemon Server] - 2026-03-13T20:51:06.906Z - Done responding to the client recordOutputsHash
[NX v22.5.4 Daemon Server] - 2026-03-13T20:51:06.906Z - Handled json message RECORD_OUTPUTS_HASH. Handling time: 0. Response time: 0.
[NX v22.5.4 Daemon Client] - 2026-03-13T20:51:06.906Z - [Messenger] Received message, length: 2
[NX v22.5.4 Daemon Client] - 2026-03-13T20:51:06.908Z - [Messenger] Sending message type: RECORD_TASK_RUNS
[NX v22.5.4 Daemon Client] - 2026-03-13T20:51:06.908Z - [Messenger] Message sent
[NX v22.5.4 Daemon Server] - 2026-03-13T20:51:06.908Z - Received raw message of length 218
[NX v22.5.4 Daemon Server] - 2026-03-13T20:51:06.908Z - Received json message of type RECORD_TASK_RUNS
[NX v22.5.4 Daemon Server] - 2026-03-13T20:51:06.908Z - Serializing response for RECORD_TASK_RUNS message in json mode
[NX v22.5.4 Daemon Server] - 2026-03-13T20:51:06.908Z - Responding to RECORD_TASK_RUNS message
[NX v22.5.4 Daemon Server] - 2026-03-13T20:51:06.908Z - [REQUEST]: Responding to the client. handleRecordTaskRuns
[NX v22.5.4 Daemon Server] - 2026-03-13T20:51:06.908Z - Done responding to the client handleRecordTaskRuns
[NX v22.5.4 Daemon Server] - 2026-03-13T20:51:06.908Z - Handled json message RECORD_TASK_RUNS. Handling time: 0. Response time: 0.
[NX v22.5.4 Daemon Client] - 2026-03-13T20:51:06.908Z - [Messenger] Received message, length: 4
[NX v22.5.4 Daemon Client] - 2026-03-13T20:51:07.179Z - [Messenger] Sending message type: POST_TASKS_EXECUTION
[NX v22.5.4 Daemon Client] - 2026-03-13T20:51:07.180Z - [Messenger] Message sent
[NX v22.5.4 Daemon Server] - 2026-03-13T20:51:07.180Z - Received raw message of length 113323
[NX v22.5.4 Daemon Server] - 2026-03-13T20:51:07.181Z - Received json message of type POST_TASKS_EXECUTION
[NX v22.5.4 Daemon Server] - 2026-03-13T20:51:07.181Z - Serializing response for POST_TASKS_EXECUTION message in json mode
[NX v22.5.4 Daemon Server] - 2026-03-13T20:51:07.181Z - Responding to POST_TASKS_EXECUTION message
[NX v22.5.4 Daemon Server] - 2026-03-13T20:51:07.181Z - [REQUEST]: Responding to the client. handleRunPostTasksExecution
[NX v22.5.4 Daemon Server] - 2026-03-13T20:51:07.181Z - Done responding to the client handleRunPostTasksExecution
[NX v22.5.4 Daemon Server] - 2026-03-13T20:51:07.181Z - Handled json message POST_TASKS_EXECUTION. Handling time: 0. Response time: 0.
[NX v22.5.4 Daemon Server] - 2026-03-13T20:51:07.181Z - Time taken for 'postTasksExecution' 0.1330829999933485ms
[NX v22.5.4 Daemon Client] - 2026-03-13T20:51:07.181Z - [Messenger] Received message, length: 4
[NX v22.5.4 Daemon Server] - 2026-03-13T20:51:07.184Z - Closed a connection. Number of open connections: 0
[NX v22.5.4 Daemon Server] - 2026-03-13T20:52:03.449Z - Established a connection. Number of open connections: 1
[NX v22.5.4 Daemon Server] - 2026-03-13T20:52:03.450Z - Closed a connection. Number of open connections: 0
[NX v22.5.4 Daemon Server] - 2026-03-13T20:52:03.450Z - Established a connection. Number of open connections: 1
[NX v22.5.4 Daemon Server] - 2026-03-13T20:52:03.450Z - Closed a connection. Number of open connections: 0
[NX v22.5.4 Daemon Server] - 2026-03-13T20:52:03.450Z - Established a connection. Number of open connections: 1
[NX v22.5.4 Daemon Client] - 2026-03-13T20:52:03.450Z - [Messenger] Setting up socket listeners
[NX v22.5.4 Daemon Client] - 2026-03-13T20:52:03.451Z - [Messenger] listen() complete
[NX v22.5.4 Daemon Client] - 2026-03-13T20:52:03.451Z - [Messenger] Sending message type: GET_NX_CONSOLE_STATUS
[NX v22.5.4 Daemon Client] - 2026-03-13T20:52:03.452Z - [Messenger] Message sent
[NX v22.5.4 Daemon Server] - 2026-03-13T20:52:03.464Z - Received raw message of length 32
[NX v22.5.4 Daemon Server] - 2026-03-13T20:52:03.464Z - Received json message of type GET_NX_CONSOLE_STATUS
[NX v22.5.4 Daemon Server] - 2026-03-13T20:52:03.465Z - Serializing response for GET_NX_CONSOLE_STATUS message in json mode
[NX v22.5.4 Daemon Server] - 2026-03-13T20:52:03.465Z - Responding to GET_NX_CONSOLE_STATUS message
[NX v22.5.4 Daemon Server] - 2026-03-13T20:52:03.465Z - [REQUEST]: Responding to the client. handleGetNxConsoleStatus
[NX v22.5.4 Daemon Server] - 2026-03-13T20:52:03.465Z - Done responding to the client handleGetNxConsoleStatus
[NX v22.5.4 Daemon Server] - 2026-03-13T20:52:03.465Z - Handled json message GET_NX_CONSOLE_STATUS. Handling time: 1. Response time: 0.
[NX v22.5.4 Daemon Client] - 2026-03-13T20:52:03.465Z - [Messenger] Received message, length: 22
[NX v22.5.4 Daemon Client] - 2026-03-13T20:52:03.503Z - [Messenger] Sending message type: REQUEST_PROJECT_GRAPH
[NX v22.5.4 Daemon Client] - 2026-03-13T20:52:03.503Z - [Messenger] Message sent
[NX v22.5.4 Daemon Server] - 2026-03-13T20:52:03.503Z - Received raw message of length 32
[NX v22.5.4 Daemon Server] - 2026-03-13T20:52:03.503Z - Received json message of type REQUEST_PROJECT_GRAPH
[NX v22.5.4 Daemon Server] - 2026-03-13T20:52:03.503Z - [REQUEST]: Client Request for Project Graph Received
[NX v22.5.4 Daemon Server] - 2026-03-13T20:52:03.504Z - Reusing in-memory cached project graph because no files changed.
[NX v22.5.4 Daemon Server] - 2026-03-13T20:52:03.504Z - Serializing response for REQUEST_PROJECT_GRAPH message in json mode
[NX v22.5.4 Daemon Server] - 2026-03-13T20:52:03.504Z - Responding to REQUEST_PROJECT_GRAPH message
[NX v22.5.4 Daemon Server] - 2026-03-13T20:52:03.504Z - [REQUEST]: Responding to the client. project-graph
[NX v22.5.4 Daemon Server] - 2026-03-13T20:52:03.506Z - Time taken for 'total for creating and serializing project graph' 0.2964580000261776ms
[NX v22.5.4 Daemon Server] - 2026-03-13T20:52:03.511Z - Done responding to the client project-graph
[NX v22.5.4 Daemon Server] - 2026-03-13T20:52:03.511Z - Handled json message REQUEST_PROJECT_GRAPH. Handling time: 1. Response time: 7.
[NX v22.5.4 Daemon Client] - 2026-03-13T20:52:03.511Z - [Messenger] Received message, length: 1194959
[NX v22.5.4 Daemon Client] - 2026-03-13T20:52:03.517Z - [Messenger] Sending message type: PRE_TASKS_EXECUTION
[NX v22.5.4 Daemon Client] - 2026-03-13T20:52:03.517Z - [Messenger] Message sent
[NX v22.5.4 Daemon Server] - 2026-03-13T20:52:03.517Z - Received raw message of length 699
[NX v22.5.4 Daemon Server] - 2026-03-13T20:52:03.517Z - Received json message of type PRE_TASKS_EXECUTION
[NX v22.5.4 Daemon Server] - 2026-03-13T20:52:03.517Z - Serializing response for PRE_TASKS_EXECUTION message in json mode
[NX v22.5.4 Daemon Server] - 2026-03-13T20:52:03.517Z - Responding to PRE_TASKS_EXECUTION message
[NX v22.5.4 Daemon Server] - 2026-03-13T20:52:03.517Z - [REQUEST]: Responding to the client. handleRunPreTasksExecution
[NX v22.5.4 Daemon Server] - 2026-03-13T20:52:03.517Z - Done responding to the client handleRunPreTasksExecution
[NX v22.5.4 Daemon Server] - 2026-03-13T20:52:03.517Z - Handled json message PRE_TASKS_EXECUTION. Handling time: 0. Response time: 0.
[NX v22.5.4 Daemon Server] - 2026-03-13T20:52:03.517Z - Time taken for 'preTasksExecution' 0.10908299998845905ms
[NX v22.5.4 Daemon Client] - 2026-03-13T20:52:03.517Z - [Messenger] Received message, length: 2
[NX v22.5.4 Daemon Client] - 2026-03-13T20:52:03.687Z - [Messenger] Sending message type: HASH_TASKS
[NX v22.5.4 Daemon Client] - 2026-03-13T20:52:03.688Z - [Messenger] Message sent
[NX v22.5.4 Daemon Server] - 2026-03-13T20:52:03.688Z - Received raw message of length 13544
[NX v22.5.4 Daemon Server] - 2026-03-13T20:52:03.688Z - Received json message of type HASH_TASKS
[NX v22.5.4 Daemon Server] - 2026-03-13T20:52:03.688Z - Reusing in-memory cached project graph because no files changed.
DEBUG nx::native::tasks::hash_planner: get_plans_internal COMPLETED in 4.423792ms - processed 1 tasks (setup: 3.651209ms, parallel_planning: 772.417µs)
DEBUG nx::native::tasks::hashers::hash_workspace_files: Hashing workspace fileset with inputs: Adding "14753650797151729951" (".gitignore") to hash
DEBUG nx::native::tasks::hashers::hash_workspace_files: Hashing workspace fileset with inputs: Adding "16727730179561442929" ("nx.json") to hash
DEBUG nx::native::tasks::hashers::hash_workspace_files: Hashing workspace fileset with inputs: Hash Value: "14205410132470996805"
DEBUG nx::native::tasks::task_hasher: hash_plans COMPLETED in 3.428416ms - processed 1 plans (setup: 404.083µs, hashing: 3.024166ms, assembly: 559.542µs)
[NX v22.5.4 Daemon Server] - 2026-03-13T20:52:03.698Z - Serializing response for HASH_TASKS message in json mode
[NX v22.5.4 Daemon Server] - 2026-03-13T20:52:03.698Z - Responding to HASH_TASKS message
[NX v22.5.4 Daemon Server] - 2026-03-13T20:52:03.698Z - [REQUEST]: Responding to the client. handleHashTasks
[NX v22.5.4 Daemon Server] - 2026-03-13T20:52:03.699Z - Done responding to the client handleHashTasks
[NX v22.5.4 Daemon Server] - 2026-03-13T20:52:03.699Z - Handled json message HASH_TASKS. Handling time: 10. Response time: 1.
[NX v22.5.4 Daemon Client] - 2026-03-13T20:52:03.699Z - [Messenger] Received message, length: 182094
[NX v22.5.4 Daemon Client] - 2026-03-13T20:52:03.751Z - [Messenger] Sending message type: GET_ESTIMATED_TASK_TIMINGS
[NX v22.5.4 Daemon Client] - 2026-03-13T20:52:03.752Z - [Messenger] Message sent
[NX v22.5.4 Daemon Server] - 2026-03-13T20:52:03.752Z - Received raw message of length 98
[NX v22.5.4 Daemon Server] - 2026-03-13T20:52:03.752Z - Received json message of type GET_ESTIMATED_TASK_TIMINGS
[NX v22.5.4 Daemon Server] - 2026-03-13T20:52:03.752Z - Serializing response for GET_ESTIMATED_TASK_TIMINGS message in json mode
[NX v22.5.4 Daemon Server] - 2026-03-13T20:52:03.752Z - Responding to GET_ESTIMATED_TASK_TIMINGS message
[NX v22.5.4 Daemon Server] - 2026-03-13T20:52:03.752Z - [REQUEST]: Responding to the client. handleGetEstimatedTaskTimings
[NX v22.5.4 Daemon Server] - 2026-03-13T20:52:03.752Z - Done responding to the client handleGetEstimatedTaskTimings
[NX v22.5.4 Daemon Server] - 2026-03-13T20:52:03.752Z - Handled json message GET_ESTIMATED_TASK_TIMINGS. Handling time: 0. Response time: 0.
[NX v22.5.4 Daemon Client] - 2026-03-13T20:52:03.753Z - [Messenger] Received message, length: 2
[NX v22.5.4 Daemon Server] - 2026-03-13T20:52:03.985Z - [WATCHER]: Processing file changes in outputs
[NX v22.5.4 Daemon Server] - 2026-03-13T20:52:05.455Z - [WATCHER]: Processing file changes in outputs
[NX v22.5.4 Daemon Server] - 2026-03-13T20:52:05.566Z - [WATCHER]: Processing file changes in outputs
[NX v22.5.4 Daemon Server] - 2026-03-13T20:52:06.040Z - [WATCHER]: Processing file changes in outputs
[NX v22.5.4 Daemon Server] - 2026-03-13T20:52:06.679Z - [WATCHER]: Processing file changes in outputs
[NX v22.5.4 Daemon Server] - 2026-03-13T20:52:09.943Z - [WATCHER]: Processing file changes in outputs
[NX v22.5.4 Daemon Client] - 2026-03-13T20:52:09.991Z - [Messenger] Sending message type: RECORD_OUTPUTS_HASH
[NX v22.5.4 Daemon Client] - 2026-03-13T20:52:09.991Z - [Messenger] Message sent
[NX v22.5.4 Daemon Server] - 2026-03-13T20:52:09.991Z - Received raw message of length 178
[NX v22.5.4 Daemon Server] - 2026-03-13T20:52:09.991Z - Received json message of type RECORD_OUTPUTS_HASH
[NX v22.5.4 Daemon Server] - 2026-03-13T20:52:09.991Z - Serializing response for RECORD_OUTPUTS_HASH message in json mode
[NX v22.5.4 Daemon Server] - 2026-03-13T20:52:09.991Z - Responding to RECORD_OUTPUTS_HASH message
[NX v22.5.4 Daemon Server] - 2026-03-13T20:52:09.991Z - [REQUEST]: Responding to the client. recordOutputsHash
[NX v22.5.4 Daemon Server] - 2026-03-13T20:52:09.992Z - Done responding to the client recordOutputsHash
[NX v22.5.4 Daemon Server] - 2026-03-13T20:52:09.992Z - Handled json message RECORD_OUTPUTS_HASH. Handling time: 0. Response time: 1.
[NX v22.5.4 Daemon Client] - 2026-03-13T20:52:09.992Z - [Messenger] Received message, length: 2
[NX v22.5.4 Daemon Client] - 2026-03-13T20:52:09.993Z - [Messenger] Sending message type: RECORD_TASK_RUNS
[NX v22.5.4 Daemon Client] - 2026-03-13T20:52:09.993Z - [Messenger] Message sent
[NX v22.5.4 Daemon Server] - 2026-03-13T20:52:09.993Z - Received raw message of length 218
[NX v22.5.4 Daemon Server] - 2026-03-13T20:52:09.993Z - Received json message of type RECORD_TASK_RUNS
[NX v22.5.4 Daemon Server] - 2026-03-13T20:52:09.993Z - Serializing response for RECORD_TASK_RUNS message in json mode
[NX v22.5.4 Daemon Server] - 2026-03-13T20:52:09.993Z - Responding to RECORD_TASK_RUNS message
[NX v22.5.4 Daemon Server] - 2026-03-13T20:52:09.993Z - [REQUEST]: Responding to the client. handleRecordTaskRuns
[NX v22.5.4 Daemon Server] - 2026-03-13T20:52:09.993Z - Done responding to the client handleRecordTaskRuns
[NX v22.5.4 Daemon Server] - 2026-03-13T20:52:09.993Z - Handled json message RECORD_TASK_RUNS. Handling time: 0. Response time: 0.
[NX v22.5.4 Daemon Client] - 2026-03-13T20:52:09.993Z - [Messenger] Received message, length: 4
[NX v22.5.4 Daemon Client] - 2026-03-13T20:52:10.289Z - [Messenger] Sending message type: POST_TASKS_EXECUTION
[NX v22.5.4 Daemon Client] - 2026-03-13T20:52:10.290Z - [Messenger] Message sent
[NX v22.5.4 Daemon Server] - 2026-03-13T20:52:10.290Z - Received raw message of length 108410
[NX v22.5.4 Daemon Server] - 2026-03-13T20:52:10.291Z - Received json message of type POST_TASKS_EXECUTION
[NX v22.5.4 Daemon Server] - 2026-03-13T20:52:10.291Z - Serializing response for POST_TASKS_EXECUTION message in json mode
[NX v22.5.4 Daemon Server] - 2026-03-13T20:52:10.291Z - Responding to POST_TASKS_EXECUTION message
[NX v22.5.4 Daemon Server] - 2026-03-13T20:52:10.291Z - [REQUEST]: Responding to the client. handleRunPostTasksExecution
[NX v22.5.4 Daemon Server] - 2026-03-13T20:52:10.291Z - Done responding to the client handleRunPostTasksExecution
[NX v22.5.4 Daemon Server] - 2026-03-13T20:52:10.291Z - Handled json message POST_TASKS_EXECUTION. Handling time: 0. Response time: 0.
[NX v22.5.4 Daemon Server] - 2026-03-13T20:52:10.291Z - Time taken for 'postTasksExecution' 0.15695799997774884ms
[NX v22.5.4 Daemon Client] - 2026-03-13T20:52:10.291Z - [Messenger] Received message, length: 4
[NX v22.5.4 Daemon Server] - 2026-03-13T20:52:10.294Z - Closed a connection. Number of open connections: 0
[NX v22.5.4 Daemon Server] - 2026-03-13T20:53:17.762Z - [Server] lock file hash changed! old=15773718628936809958, new=2253371782206134099
[NX v22.5.4 Daemon Server] - 2026-03-13T20:53:17.763Z - [Server] Daemon outdated: LOCK_FILES_CHANGED
[NX v22.5.4 Daemon Server] - 2026-03-13T20:53:17.763Z - [Server] Restarting daemon...
[NX v22.5.4 Daemon Server] - 2026-03-13T20:53:17.764Z - Restarting daemon with script: /Users/orlando/dev/pos/node_modules/nx/src/daemon/server/start.js
[NX v22.5.4 Daemon Server] - 2026-03-13T20:53:17.764Z - Old daemon __dirname: /Users/orlando/dev/pos/node_modules/nx/src/daemon/server
[NX v22.5.4 Daemon Server] - 2026-03-13T20:53:17.764Z - Current process.execPath: /Users/orlando/.nvm/versions/node/v22.21.0/bin/node
[NX v22.5.4 Daemon Server] - 2026-03-13T20:53:17.765Z - Started new daemon process in background
[NX v22.5.4 Daemon Server] - 2026-03-13T20:53:17.765Z - [WATCHER]: Stopping the watcher for /Users/orlando/dev/pos (sources)
[NX v22.5.4 Daemon Server] - 2026-03-13T20:53:17.765Z - [WATCHER]: Stopping the watcher for /Users/orlando/dev/pos (outputs)
[NX v22.5.4 Daemon Server] - 2026-03-13T20:53:17.767Z - [NX-CONSOLE]: Cleaning up latest Nx installation from /var/folders/x5/g3ht8mrd3z34nssjq5gb4t880000gn/T/tmp-83893-vIvceOoJ3uj5
[NX v22.5.4 Daemon Server] - 2026-03-13T20:53:17.768Z - Server stopped because: "LOCK_FILES_CHANGED"
[NX v22.5.4 Daemon Server] - 2026-03-13T20:53:18.071Z - New daemon starting from: /Users/orlando/dev/pos/node_modules/nx/src/daemon/server/server.js
[NX v22.5.4 Daemon Server] - 2026-03-13T20:53:18.072Z - New daemon __dirname: /Users/orlando/dev/pos/node_modules/nx/src/daemon/server
[NX v22.5.4 Daemon Server] - 2026-03-13T20:53:18.072Z - New daemon nxVersion: 22.5.4
[NX v22.5.4 Daemon Server] - 2026-03-13T20:53:18.072Z - New daemon getInstalledNxVersion(): 22.5.4
[NX v22.5.4 Daemon Server] - 2026-03-13T20:53:18.077Z - [Server] Starting outdated check interval (20ms)
[NX v22.5.4 Daemon Server] - 2026-03-13T20:53:18.078Z - Started listening on: /var/folders/x5/g3ht8mrd3z34nssjq5gb4t880000gn/T/0536b2aae7a75f85fc33/d.sock
[NX v22.5.4 Daemon Server] - 2026-03-13T20:53:18.079Z - [WATCHER]: Subscribed to changes within: /Users/orlando/dev/pos (native)
[NX v22.5.4 Daemon Server] - 2026-03-13T20:53:18.080Z - [NX-CONSOLE]: Pulling latest Nx (latest) to check console status...
Fetching nx...
[NX v22.5.4 Daemon Server] - 2026-03-13T20:53:18.431Z - [WATCHER]: Processing file changes in outputs
Time for 'plugin worker 89084 code loading' 4.857208
Time for 'plugin worker 89086 code loading' 4.420333000000001
Time for 'plugin worker 89085 code loading' 4.789875
[NX v22.5.4 Daemon Server] - 2026-03-13T20:53:18.604Z - [REQUEST]: Updated workspace context based on watched changes, recomputing project graph...
[NX v22.5.4 Daemon Server] - 2026-03-13T20:53:18.604Z - [REQUEST]: 
[NX v22.5.4 Daemon Server] - 2026-03-13T20:53:18.604Z - [REQUEST]: 
Time for 'nx/core/project-json:createNodes' 2.039416999999986
Time for 'nx/js/dependencies-and-lockfile:createNodes' 221.27883300000002

 NX   Using `implicitDependencies` for global implicit dependencies configuration is no longer supported.

Use "namedInputs" instead. You can run "nx repair" to automatically migrate your configuration.
For more information about the usage of "namedInputs" see https://nx.dev/deprecated/global-implicit-dependencies#global-implicit-dependencies

Time for 'build typescript dependencies' 183.50854200000003
[NX v22.5.4 Daemon Server] - 2026-03-13T20:53:19.096Z - [SYNC]: collect registered sync generators
[NX v22.5.4 Daemon Server] - 2026-03-13T20:53:22.538Z - [NX-CONSOLE]: Successfully pulled latest Nx to /var/folders/x5/g3ht8mrd3z34nssjq5gb4t880000gn/T/tmp-88945-1tx619y1BBq3
[NX v22.5.4 Daemon Server] - 2026-03-13T20:53:22.591Z - [NX-CONSOLE]: Using local implementation (NX_USE_LOCAL=true or inner call)
DEBUG nx::native::ide::install: Detected editor: Unknown
[NX v22.5.4 Daemon Server] - 2026-03-13T20:53:22.592Z - [NX-CONSOLE]: Console status check completed, shouldPrompt: false
[NX v22.5.4 Daemon Server] - 2026-03-13T20:53:25.716Z - [WATCHER]: Processing file changes in outputs
[NX v22.5.4 Daemon Server] - 2026-03-13T20:53:33.558Z - Established a connection. Number of open connections: 1
[NX v22.5.4 Daemon Server] - 2026-03-13T20:53:33.558Z - Closed a connection. Number of open connections: 0
[NX v22.5.4 Daemon Server] - 2026-03-13T20:53:33.558Z - Established a connection. Number of open connections: 1
[NX v22.5.4 Daemon Server] - 2026-03-13T20:53:33.559Z - Established a connection. Number of open connections: 2
[NX v22.5.4 Daemon Server] - 2026-03-13T20:53:33.559Z - Closed a connection. Number of open connections: 1
[NX v22.5.4 Daemon Client] - 2026-03-13T20:53:33.559Z - [Messenger] Setting up socket listeners
[NX v22.5.4 Daemon Client] - 2026-03-13T20:53:33.559Z - [Messenger] listen() complete
[NX v22.5.4 Daemon Client] - 2026-03-13T20:53:33.560Z - [Messenger] Sending message type: GET_NX_CONSOLE_STATUS
[NX v22.5.4 Daemon Client] - 2026-03-13T20:53:33.560Z - [Messenger] Message sent
[NX v22.5.4 Daemon Server] - 2026-03-13T20:53:33.574Z - Received raw message of length 32
[NX v22.5.4 Daemon Server] - 2026-03-13T20:53:33.574Z - Received json message of type GET_NX_CONSOLE_STATUS
[NX v22.5.4 Daemon Server] - 2026-03-13T20:53:33.574Z - Serializing response for GET_NX_CONSOLE_STATUS message in json mode
[NX v22.5.4 Daemon Server] - 2026-03-13T20:53:33.574Z - Responding to GET_NX_CONSOLE_STATUS message
[NX v22.5.4 Daemon Server] - 2026-03-13T20:53:33.574Z - [REQUEST]: Responding to the client. handleGetNxConsoleStatus
[NX v22.5.4 Daemon Server] - 2026-03-13T20:53:33.574Z - Done responding to the client handleGetNxConsoleStatus
[NX v22.5.4 Daemon Server] - 2026-03-13T20:53:33.574Z - Handled json message GET_NX_CONSOLE_STATUS. Handling time: 0. Response time: 0.
[NX v22.5.4 Daemon Client] - 2026-03-13T20:53:33.574Z - [Messenger] Received message, length: 22
[NX v22.5.4 Daemon Client] - 2026-03-13T20:53:33.617Z - [Messenger] Sending message type: REQUEST_PROJECT_GRAPH
[NX v22.5.4 Daemon Client] - 2026-03-13T20:53:33.617Z - [Messenger] Message sent
[NX v22.5.4 Daemon Server] - 2026-03-13T20:53:33.617Z - Received raw message of length 32
[NX v22.5.4 Daemon Server] - 2026-03-13T20:53:33.617Z - Received json message of type REQUEST_PROJECT_GRAPH
[NX v22.5.4 Daemon Server] - 2026-03-13T20:53:33.617Z - [REQUEST]: Client Request for Project Graph Received
[NX v22.5.4 Daemon Server] - 2026-03-13T20:53:33.617Z - Reusing in-memory cached project graph because no files changed.
[NX v22.5.4 Daemon Server] - 2026-03-13T20:53:33.624Z - Wrote project graph cache to /Users/orlando/dev/pos/.nx/workspace-data/project-graph.json
[NX v22.5.4 Daemon Server] - 2026-03-13T20:53:33.624Z - Serializing response for REQUEST_PROJECT_GRAPH message in json mode
[NX v22.5.4 Daemon Server] - 2026-03-13T20:53:33.624Z - Responding to REQUEST_PROJECT_GRAPH message
[NX v22.5.4 Daemon Server] - 2026-03-13T20:53:33.624Z - [REQUEST]: Responding to the client. project-graph
[NX v22.5.4 Daemon Server] - 2026-03-13T20:53:33.625Z - Time taken for 'total for creating and serializing project graph' 7.126792000000933ms
[NX v22.5.4 Daemon Server] - 2026-03-13T20:53:33.627Z - Done responding to the client project-graph
[NX v22.5.4 Daemon Server] - 2026-03-13T20:53:33.627Z - Handled json message REQUEST_PROJECT_GRAPH. Handling time: 7. Response time: 3.
[NX v22.5.4 Daemon Client] - 2026-03-13T20:53:33.627Z - [Messenger] Received message, length: 1194523
[NX v22.5.4 Daemon Client] - 2026-03-13T20:53:33.633Z - [Messenger] Sending message type: PRE_TASKS_EXECUTION
[NX v22.5.4 Daemon Client] - 2026-03-13T20:53:33.633Z - [Messenger] Message sent
[NX v22.5.4 Daemon Server] - 2026-03-13T20:53:33.633Z - Received raw message of length 699
[NX v22.5.4 Daemon Server] - 2026-03-13T20:53:33.633Z - Received json message of type PRE_TASKS_EXECUTION
[NX v22.5.4 Daemon Server] - 2026-03-13T20:53:33.634Z - Serializing response for PRE_TASKS_EXECUTION message in json mode
[NX v22.5.4 Daemon Server] - 2026-03-13T20:53:33.634Z - Responding to PRE_TASKS_EXECUTION message
[NX v22.5.4 Daemon Server] - 2026-03-13T20:53:33.634Z - [REQUEST]: Responding to the client. handleRunPreTasksExecution
[NX v22.5.4 Daemon Server] - 2026-03-13T20:53:33.634Z - Done responding to the client handleRunPreTasksExecution
[NX v22.5.4 Daemon Server] - 2026-03-13T20:53:33.634Z - Handled json message PRE_TASKS_EXECUTION. Handling time: 1. Response time: 0.
[NX v22.5.4 Daemon Client] - 2026-03-13T20:53:33.634Z - [Messenger] Received message, length: 2
[NX v22.5.4 Daemon Server] - 2026-03-13T20:53:33.634Z - Time taken for 'preTasksExecution' 0.4616669999995793ms
[NX v22.5.4 Daemon Client] - 2026-03-13T20:53:33.798Z - [Messenger] Sending message type: HASH_TASKS
[NX v22.5.4 Daemon Client] - 2026-03-13T20:53:33.799Z - [Messenger] Message sent
[NX v22.5.4 Daemon Server] - 2026-03-13T20:53:33.799Z - Received raw message of length 13544
[NX v22.5.4 Daemon Server] - 2026-03-13T20:53:33.799Z - Received json message of type HASH_TASKS
[NX v22.5.4 Daemon Server] - 2026-03-13T20:53:33.799Z - Reusing in-memory cached project graph because no files changed.
DEBUG nx::native::tasks::hash_planner: get_plans_internal COMPLETED in 4.227084ms - processed 1 tasks (setup: 3.519167ms, parallel_planning: 707.708µs)
DEBUG nx::native::tasks::hashers::hash_workspace_files: Hashing workspace fileset with inputs: Adding "14753650797151729951" (".gitignore") to hash
DEBUG nx::native::tasks::hashers::hash_workspace_files: Hashing workspace fileset with inputs: Adding "16727730179561442929" ("nx.json") to hash
DEBUG nx::native::tasks::hashers::hash_workspace_files: Hashing workspace fileset with inputs: Hash Value: "14205410132470996805"
DEBUG nx::native::tasks::task_hasher: hash_plans COMPLETED in 3.9415ms - processed 1 plans (setup: 413.375µs, hashing: 3.527959ms, assembly: 558.792µs)
[NX v22.5.4 Daemon Server] - 2026-03-13T20:53:33.817Z - Serializing response for HASH_TASKS message in json mode
[NX v22.5.4 Daemon Server] - 2026-03-13T20:53:33.818Z - Responding to HASH_TASKS message
[NX v22.5.4 Daemon Server] - 2026-03-13T20:53:33.818Z - [REQUEST]: Responding to the client. handleHashTasks
[NX v22.5.4 Daemon Server] - 2026-03-13T20:53:33.819Z - Done responding to the client handleHashTasks
[NX v22.5.4 Daemon Server] - 2026-03-13T20:53:33.819Z - Handled json message HASH_TASKS. Handling time: 18. Response time: 2.
[NX v22.5.4 Daemon Client] - 2026-03-13T20:53:33.819Z - [Messenger] Received message, length: 181751
[NX v22.5.4 Daemon Client] - 2026-03-13T20:53:33.873Z - [Messenger] Sending message type: GET_ESTIMATED_TASK_TIMINGS
[NX v22.5.4 Daemon Client] - 2026-03-13T20:53:33.873Z - [Messenger] Message sent
[NX v22.5.4 Daemon Server] - 2026-03-13T20:53:33.873Z - Received raw message of length 98
[NX v22.5.4 Daemon Server] - 2026-03-13T20:53:33.873Z - Received json message of type GET_ESTIMATED_TASK_TIMINGS
[NX v22.5.4 Daemon Server] - 2026-03-13T20:53:33.998Z - Serializing response for GET_ESTIMATED_TASK_TIMINGS message in json mode
[NX v22.5.4 Daemon Server] - 2026-03-13T20:53:33.998Z - Responding to GET_ESTIMATED_TASK_TIMINGS message
[NX v22.5.4 Daemon Server] - 2026-03-13T20:53:33.998Z - [REQUEST]: Responding to the client. handleGetEstimatedTaskTimings
[NX v22.5.4 Daemon Server] - 2026-03-13T20:53:33.998Z - Done responding to the client handleGetEstimatedTaskTimings
[NX v22.5.4 Daemon Server] - 2026-03-13T20:53:33.998Z - Handled json message GET_ESTIMATED_TASK_TIMINGS. Handling time: 125. Response time: 0.
[NX v22.5.4 Daemon Client] - 2026-03-13T20:53:33.998Z - [Messenger] Received message, length: 2
[NX v22.5.4 Daemon Server] - 2026-03-13T20:53:34.220Z - [WATCHER]: Processing file changes in outputs
[NX v22.5.4 Daemon Server] - 2026-03-13T20:53:37.356Z - [WATCHER]: Processing file changes in outputs
[NX v22.5.4 Daemon Server] - 2026-03-13T20:53:39.952Z - [WATCHER]: Processing file changes in outputs
[NX v22.5.4 Daemon Server] - 2026-03-13T20:54:28.930Z - [WATCHER]: Processing file changes in outputs
[NX v22.5.4 Daemon Server] - 2026-03-13T20:54:37.691Z - [WATCHER]: Processing file changes in outputs
[NX v22.5.4 Daemon Server] - 2026-03-13T20:54:37.774Z - [WATCHER]: Processing file changes in outputs
[NX v22.5.4 Daemon Server] - 2026-03-13T20:54:37.831Z - [WATCHER]: Processing file changes in outputs
[NX v22.5.4 Daemon Server] - 2026-03-13T20:54:38.124Z - [WATCHER]: Processing file changes in outputs
[NX v22.5.4 Daemon Server] - 2026-03-13T20:54:38.182Z - [WATCHER]: Processing file changes in outputs
[NX v22.5.4 Daemon Server] - 2026-03-13T20:54:38.236Z - [WATCHER]: Processing file changes in outputs
[NX v22.5.4 Daemon Server] - 2026-03-13T20:54:38.297Z - [WATCHER]: Processing file changes in outputs
[NX v22.5.4 Daemon Server] - 2026-03-13T20:54:38.385Z - [WATCHER]: Processing file changes in outputs
[NX v22.5.4 Daemon Server] - 2026-03-13T20:54:38.438Z - [WATCHER]: Processing file changes in outputs
[NX v22.5.4 Daemon Server] - 2026-03-13T20:54:38.494Z - [WATCHER]: Processing file changes in outputs
[NX v22.5.4 Daemon Server] - 2026-03-13T20:54:38.550Z - [WATCHER]: Processing file changes in outputs
[NX v22.5.4 Daemon Server] - 2026-03-13T20:54:38.697Z - [WATCHER]: Processing file changes in outputs
[NX v22.5.4 Daemon Server] - 2026-03-13T20:54:38.746Z - [WATCHER]: Processing file changes in outputs
[NX v22.5.4 Daemon Server] - 2026-03-13T20:54:38.798Z - [WATCHER]: Processing file changes in outputs
[NX v22.5.4 Daemon Server] - 2026-03-13T20:54:39.226Z - [WATCHER]: Processing file changes in outputs
[NX v22.5.4 Daemon Server] - 2026-03-13T20:54:39.611Z - [WATCHER]: Processing file changes in outputs
[NX v22.5.4 Daemon Server] - 2026-03-13T20:54:39.694Z - [WATCHER]: Processing file changes in outputs
[NX v22.5.4 Daemon Server] - 2026-03-13T20:54:39.832Z - [WATCHER]: Processing file changes in outputs
[NX v22.5.4 Daemon Server] - 2026-03-13T20:54:39.964Z - [WATCHER]: Processing file changes in outputs
[NX v22.5.4 Daemon Server] - 2026-03-13T20:54:40.659Z - [WATCHER]: Processing file changes in outputs
[NX v22.5.4 Daemon Server] - 2026-03-13T20:54:40.723Z - [WATCHER]: Processing file changes in outputs
[NX v22.5.4 Daemon Server] - 2026-03-13T20:54:41.053Z - [WATCHER]: Processing file changes in outputs
[NX v22.5.4 Daemon Server] - 2026-03-13T20:54:41.331Z - [WATCHER]: Processing file changes in outputs
[NX v22.5.4 Daemon Server] - 2026-03-13T20:54:51.492Z - [WATCHER]: Processing file changes in outputs
[NX v22.5.4 Daemon Client] - 2026-03-13T20:54:51.535Z - [Messenger] Sending message type: RECORD_OUTPUTS_HASH
[NX v22.5.4 Daemon Client] - 2026-03-13T20:54:51.535Z - [Messenger] Message sent
[NX v22.5.4 Daemon Server] - 2026-03-13T20:54:51.535Z - Received raw message of length 176
[NX v22.5.4 Daemon Server] - 2026-03-13T20:54:51.535Z - Received json message of type RECORD_OUTPUTS_HASH
[NX v22.5.4 Daemon Server] - 2026-03-13T20:54:51.536Z - Serializing response for RECORD_OUTPUTS_HASH message in json mode
[NX v22.5.4 Daemon Server] - 2026-03-13T20:54:51.536Z - Responding to RECORD_OUTPUTS_HASH message
[NX v22.5.4 Daemon Server] - 2026-03-13T20:54:51.536Z - [REQUEST]: Responding to the client. recordOutputsHash
[NX v22.5.4 Daemon Server] - 2026-03-13T20:54:51.536Z - Done responding to the client recordOutputsHash
[NX v22.5.4 Daemon Server] - 2026-03-13T20:54:51.536Z - Handled json message RECORD_OUTPUTS_HASH. Handling time: 1. Response time: 0.
[NX v22.5.4 Daemon Client] - 2026-03-13T20:54:51.536Z - [Messenger] Received message, length: 2
[NX v22.5.4 Daemon Client] - 2026-03-13T20:54:51.538Z - [Messenger] Sending message type: RECORD_TASK_RUNS
[NX v22.5.4 Daemon Client] - 2026-03-13T20:54:51.538Z - [Messenger] Message sent
[NX v22.5.4 Daemon Server] - 2026-03-13T20:54:51.538Z - Received raw message of length 216
[NX v22.5.4 Daemon Server] - 2026-03-13T20:54:51.538Z - Received json message of type RECORD_TASK_RUNS
[NX v22.5.4 Daemon Server] - 2026-03-13T20:54:51.539Z - Serializing response for RECORD_TASK_RUNS message in json mode
[NX v22.5.4 Daemon Server] - 2026-03-13T20:54:51.539Z - Responding to RECORD_TASK_RUNS message
[NX v22.5.4 Daemon Server] - 2026-03-13T20:54:51.539Z - [REQUEST]: Responding to the client. handleRecordTaskRuns
[NX v22.5.4 Daemon Server] - 2026-03-13T20:54:51.539Z - Done responding to the client handleRecordTaskRuns
[NX v22.5.4 Daemon Server] - 2026-03-13T20:54:51.539Z - Handled json message RECORD_TASK_RUNS. Handling time: 1. Response time: 0.
[NX v22.5.4 Daemon Client] - 2026-03-13T20:54:51.539Z - [Messenger] Received message, length: 4
[NX v22.5.4 Daemon Client] - 2026-03-13T20:54:51.912Z - [Messenger] Sending message type: POST_TASKS_EXECUTION
[NX v22.5.4 Daemon Client] - 2026-03-13T20:54:51.913Z - [Messenger] Message sent
[NX v22.5.4 Daemon Server] - 2026-03-13T20:54:51.913Z - Received raw message of length 144749
[NX v22.5.4 Daemon Server] - 2026-03-13T20:54:51.914Z - Received json message of type POST_TASKS_EXECUTION
[NX v22.5.4 Daemon Server] - 2026-03-13T20:54:51.915Z - Serializing response for POST_TASKS_EXECUTION message in json mode
[NX v22.5.4 Daemon Server] - 2026-03-13T20:54:51.915Z - Responding to POST_TASKS_EXECUTION message
[NX v22.5.4 Daemon Server] - 2026-03-13T20:54:51.915Z - [REQUEST]: Responding to the client. handleRunPostTasksExecution
[NX v22.5.4 Daemon Server] - 2026-03-13T20:54:51.915Z - Done responding to the client handleRunPostTasksExecution
[NX v22.5.4 Daemon Server] - 2026-03-13T20:54:51.915Z - Handled json message POST_TASKS_EXECUTION. Handling time: 1. Response time: 0.
[NX v22.5.4 Daemon Server] - 2026-03-13T20:54:51.915Z - Time taken for 'postTasksExecution' 0.2267089999950258ms
[NX v22.5.4 Daemon Client] - 2026-03-13T20:54:51.915Z - [Messenger] Received message, length: 4
[NX v22.5.4 Daemon Server] - 2026-03-13T20:54:51.918Z - Closed a connection. Number of open connections: 0
[NX v22.5.4 Daemon Server] - 2026-03-13T20:55:08.852Z - [Server] lock file hash changed! old=2253371782206134099, new=16564828172524004846
[NX v22.5.4 Daemon Server] - 2026-03-13T20:55:08.855Z - [Server] Daemon outdated: LOCK_FILES_CHANGED
[NX v22.5.4 Daemon Server] - 2026-03-13T20:55:08.860Z - [Server] Restarting daemon...
[NX v22.5.4 Daemon Server] - 2026-03-13T20:55:08.873Z - [WATCHER]: Stopping the watcher for /Users/orlando/dev/pos (sources)
[NX v22.5.4 Daemon Server] - 2026-03-13T20:55:08.873Z - [WATCHER]: Stopping the watcher for /Users/orlando/dev/pos (outputs)
[NX v22.5.4 Daemon Server] - 2026-03-13T20:55:08.880Z - [NX-CONSOLE]: Cleaning up latest Nx installation from /var/folders/x5/g3ht8mrd3z34nssjq5gb4t880000gn/T/tmp-88945-1tx619y1BBq3
[NX v22.5.4 Daemon Server] - 2026-03-13T20:55:08.880Z - Server stopped because: "this process is no longer the current daemon (native)"
[NX v22.5.4 Daemon Client] - 2026-03-13T20:55:22.637Z - [Client] Starting new daemon server in background
[NX v22.5.4 Daemon Client] - 2026-03-13T20:55:22.640Z - [Client] Waiting for server (max: 6000 attempts, 10ms interval)
[NX v22.5.4 Daemon Server] - 2026-03-13T20:55:22.762Z - New daemon starting from: /Users/orlando/dev/pos/node_modules/nx/src/daemon/server/server.js
[NX v22.5.4 Daemon Server] - 2026-03-13T20:55:22.762Z - New daemon __dirname: /Users/orlando/dev/pos/node_modules/nx/src/daemon/server
[NX v22.5.4 Daemon Server] - 2026-03-13T20:55:22.763Z - New daemon nxVersion: 22.5.4
[NX v22.5.4 Daemon Server] - 2026-03-13T20:55:22.763Z - New daemon getInstalledNxVersion(): 22.5.4
[NX v22.5.4 Daemon Server] - 2026-03-13T20:55:22.766Z - [Server] Starting outdated check interval (20ms)
[NX v22.5.4 Daemon Server] - 2026-03-13T20:55:22.769Z - Started listening on: /var/folders/x5/g3ht8mrd3z34nssjq5gb4t880000gn/T/3dd0706da1160fb370ee/d.sock
[NX v22.5.4 Daemon Server] - 2026-03-13T20:55:22.770Z - [WATCHER]: Subscribed to changes within: /Users/orlando/dev/pos (native)
[NX v22.5.4 Daemon Client] - 2026-03-13T20:55:22.770Z - [Client] Server available after 11 attempts
[NX v22.5.4 Daemon Client] - 2026-03-13T20:55:22.770Z - [Client] Daemon server started, pid=90570
[NX v22.5.4 Daemon Server] - 2026-03-13T20:55:22.770Z - [NX-CONSOLE]: Pulling latest Nx (latest) to check console status...
[NX v22.5.4 Daemon Client] - 2026-03-13T20:55:22.771Z - [Messenger] Setting up socket listeners
[NX v22.5.4 Daemon Client] - 2026-03-13T20:55:22.771Z - [Messenger] listen() complete
[NX v22.5.4 Daemon Client] - 2026-03-13T20:55:22.771Z - [Messenger] Sending message type: REQUEST_PROJECT_GRAPH
Fetching nx...
[NX v22.5.4 Daemon Client] - 2026-03-13T20:55:22.771Z - [Messenger] Message sent
[NX v22.5.4 Daemon Server] - 2026-03-13T20:55:23.242Z - [WATCHER]: Processing file changes in outputs
[NX v22.5.4 Daemon Server] - 2026-03-13T20:55:23.243Z - Established a connection. Number of open connections: 1
[NX v22.5.4 Daemon Server] - 2026-03-13T20:55:23.243Z - Established a connection. Number of open connections: 2
[NX v22.5.4 Daemon Server] - 2026-03-13T20:55:23.244Z - Closed a connection. Number of open connections: 1
[NX v22.5.4 Daemon Server] - 2026-03-13T20:55:23.244Z - Received raw message of length 32
[NX v22.5.4 Daemon Server] - 2026-03-13T20:55:23.244Z - Received json message of type REQUEST_PROJECT_GRAPH
[NX v22.5.4 Daemon Server] - 2026-03-13T20:55:23.244Z - [REQUEST]: Client Request for Project Graph Received
Time for 'plugin worker 90578 code loading' 3.8082920000000016
Time for 'plugin worker 90579 code loading' 2.8726249999999993
Time for 'plugin worker 90580 code loading' 3.1002919999999996
[NX v22.5.4 Daemon Server] - 2026-03-13T20:55:23.295Z - Time taken for 'start-plugin-worker:/Users/orlando/dev/pos/node_modules/nx/src/plugins/js' 56.007290999999896ms
[NX v22.5.4 Daemon Server] - 2026-03-13T20:55:23.382Z - Time taken for 'Load Nx Plugin: /Users/orlando/dev/pos/node_modules/nx/src/plugins/project-json/build-nodes/project-json' 144.20425ms
[NX v22.5.4 Daemon Server] - 2026-03-13T20:55:23.384Z - Time taken for 'Load Nx Plugin: /Users/orlando/dev/pos/node_modules/nx/src/plugins/package-json' 146.85591699999998ms
[NX v22.5.4 Daemon Server] - 2026-03-13T20:55:23.391Z - [REQUEST]: Updated workspace context based on watched changes, recomputing project graph...
[NX v22.5.4 Daemon Server] - 2026-03-13T20:55:23.391Z - [REQUEST]: 
[NX v22.5.4 Daemon Server] - 2026-03-13T20:55:23.391Z - [REQUEST]: 
[NX v22.5.4 Daemon Server] - 2026-03-13T20:55:23.392Z - Reusing in-memory cached project graph because no files changed.
[NX v22.5.4 Daemon Server] - 2026-03-13T20:55:23.398Z - Time taken for 'loadDefaultNxPlugins' 153.95720800000004ms
Time for 'nx/core/project-json:createNodes' 2.0930409999999995
Time for 'nx/js/dependencies-and-lockfile:createNodes' 224.63695800000002

 NX   Using `implicitDependencies` for global implicit dependencies configuration is no longer supported.

Use "namedInputs" instead. You can run "nx repair" to automatically migrate your configuration.
For more information about the usage of "namedInputs" see https://nx.dev/deprecated/global-implicit-dependencies#global-implicit-dependencies

[NX v22.5.4 Daemon Server] - 2026-03-13T20:55:23.658Z - Time taken for 'build-project-configs' 246.034ms
Time for 'build typescript dependencies' 178.16925000000003
[NX v22.5.4 Daemon Server] - 2026-03-13T20:55:23.878Z - [SYNC]: collect registered sync generators
[NX v22.5.4 Daemon Server] - 2026-03-13T20:55:23.887Z - Wrote project graph cache to /Users/orlando/dev/pos/.nx/workspace-data/project-graph.json
[NX v22.5.4 Daemon Server] - 2026-03-13T20:55:23.887Z - Serializing response for REQUEST_PROJECT_GRAPH message in json mode
[NX v22.5.4 Daemon Server] - 2026-03-13T20:55:23.887Z - Responding to REQUEST_PROJECT_GRAPH message
[NX v22.5.4 Daemon Server] - 2026-03-13T20:55:23.887Z - [REQUEST]: Responding to the client. project-graph
[NX v22.5.4 Daemon Server] - 2026-03-13T20:55:23.888Z - Time taken for 'total for creating and serializing project graph' 642.8622919999999ms
[NX v22.5.4 Daemon Server] - 2026-03-13T20:55:23.891Z - Done responding to the client project-graph
[NX v22.5.4 Daemon Server] - 2026-03-13T20:55:23.891Z - Handled json message REQUEST_PROJECT_GRAPH. Handling time: 643. Response time: 4.
[NX v22.5.4 Daemon Client] - 2026-03-13T20:55:23.891Z - [Messenger] Received message, length: 1194828
[NX v22.5.4 Daemon Client] - 2026-03-13T20:55:23.897Z - [Messenger] Sending message type: PRE_TASKS_EXECUTION
[NX v22.5.4 Daemon Client] - 2026-03-13T20:55:23.897Z - [Messenger] Message sent
[NX v22.5.4 Daemon Server] - 2026-03-13T20:55:23.897Z - Received raw message of length 698
[NX v22.5.4 Daemon Server] - 2026-03-13T20:55:23.897Z - Received json message of type PRE_TASKS_EXECUTION
[NX v22.5.4 Daemon Server] - 2026-03-13T20:55:23.898Z - Serializing response for PRE_TASKS_EXECUTION message in json mode
[NX v22.5.4 Daemon Server] - 2026-03-13T20:55:23.898Z - Responding to PRE_TASKS_EXECUTION message
[NX v22.5.4 Daemon Server] - 2026-03-13T20:55:23.898Z - [REQUEST]: Responding to the client. handleRunPreTasksExecution
[NX v22.5.4 Daemon Server] - 2026-03-13T20:55:23.898Z - Done responding to the client handleRunPreTasksExecution
[NX v22.5.4 Daemon Client] - 2026-03-13T20:55:23.898Z - [Messenger] Received message, length: 2
[NX v22.5.4 Daemon Server] - 2026-03-13T20:55:23.898Z - Handled json message PRE_TASKS_EXECUTION. Handling time: 1. Response time: 0.
[NX v22.5.4 Daemon Server] - 2026-03-13T20:55:23.898Z - Time taken for 'preTasksExecution' 0.40525000000002365ms
[NX v22.5.4 Daemon Client] - 2026-03-13T20:55:24.062Z - [Messenger] Sending message type: HASH_TASKS
[NX v22.5.4 Daemon Client] - 2026-03-13T20:55:24.062Z - [Messenger] Message sent
[NX v22.5.4 Daemon Server] - 2026-03-13T20:55:24.062Z - Received raw message of length 13544
[NX v22.5.4 Daemon Server] - 2026-03-13T20:55:24.063Z - Received json message of type HASH_TASKS
[NX v22.5.4 Daemon Server] - 2026-03-13T20:55:24.063Z - Reusing in-memory cached project graph because no files changed.
DEBUG nx::native::tasks::hash_planner: get_plans_internal COMPLETED in 4.600209ms - processed 1 tasks (setup: 3.833792ms, parallel_planning: 766.25µs)
DEBUG nx::native::tasks::hashers::hash_workspace_files: Hashing workspace fileset with inputs: Adding "14753650797151729951" (".gitignore") to hash
DEBUG nx::native::tasks::hashers::hash_workspace_files: Hashing workspace fileset with inputs: Adding "16727730179561442929" ("nx.json") to hash
DEBUG nx::native::tasks::hashers::hash_workspace_files: Hashing workspace fileset with inputs: Hash Value: "14205410132470996805"
DEBUG nx::native::tasks::task_hasher: hash_plans COMPLETED in 3.486833ms - processed 1 plans (setup: 428.25µs, hashing: 3.058458ms, assembly: 563.375µs)
[NX v22.5.4 Daemon Server] - 2026-03-13T20:55:24.079Z - Serializing response for HASH_TASKS message in json mode
[NX v22.5.4 Daemon Server] - 2026-03-13T20:55:24.079Z - Responding to HASH_TASKS message
[NX v22.5.4 Daemon Server] - 2026-03-13T20:55:24.079Z - [REQUEST]: Responding to the client. handleHashTasks
[NX v22.5.4 Daemon Server] - 2026-03-13T20:55:24.080Z - Done responding to the client handleHashTasks
[NX v22.5.4 Daemon Server] - 2026-03-13T20:55:24.080Z - Handled json message HASH_TASKS. Handling time: 16. Response time: 1.
[NX v22.5.4 Daemon Client] - 2026-03-13T20:55:24.080Z - [Messenger] Received message, length: 181820
[NX v22.5.4 Daemon Client] - 2026-03-13T20:55:24.134Z - [Messenger] Sending message type: GET_ESTIMATED_TASK_TIMINGS
[NX v22.5.4 Daemon Client] - 2026-03-13T20:55:24.134Z - [Messenger] Message sent
[NX v22.5.4 Daemon Server] - 2026-03-13T20:55:24.134Z - Received raw message of length 98
[NX v22.5.4 Daemon Server] - 2026-03-13T20:55:24.135Z - Received json message of type GET_ESTIMATED_TASK_TIMINGS
[NX v22.5.4 Daemon Server] - 2026-03-13T20:55:24.262Z - Serializing response for GET_ESTIMATED_TASK_TIMINGS message in json mode
[NX v22.5.4 Daemon Server] - 2026-03-13T20:55:24.262Z - Responding to GET_ESTIMATED_TASK_TIMINGS message
[NX v22.5.4 Daemon Server] - 2026-03-13T20:55:24.262Z - [REQUEST]: Responding to the client. handleGetEstimatedTaskTimings
[NX v22.5.4 Daemon Server] - 2026-03-13T20:55:24.262Z - Done responding to the client handleGetEstimatedTaskTimings
[NX v22.5.4 Daemon Server] - 2026-03-13T20:55:24.262Z - Handled json message GET_ESTIMATED_TASK_TIMINGS. Handling time: 127. Response time: 0.
[NX v22.5.4 Daemon Client] - 2026-03-13T20:55:24.262Z - [Messenger] Received message, length: 2
[NX v22.5.4 Daemon Server] - 2026-03-13T20:55:24.489Z - [WATCHER]: Processing file changes in outputs
[NX v22.5.4 Daemon Server] - 2026-03-13T20:55:27.174Z - [WATCHER]: Processing file changes in outputs
[NX v22.5.4 Daemon Server] - 2026-03-13T20:55:27.342Z - [NX-CONSOLE]: Successfully pulled latest Nx to /var/folders/x5/g3ht8mrd3z34nssjq5gb4t880000gn/T/tmp-90570-nJ5xI7yKnkZd
[NX v22.5.4 Daemon Server] - 2026-03-13T20:55:27.405Z - [NX-CONSOLE]: Using local implementation (NX_USE_LOCAL=true or inner call)
DEBUG nx::native::ide::install: Detected editor: Unknown
[NX v22.5.4 Daemon Server] - 2026-03-13T20:55:27.405Z - [NX-CONSOLE]: Console status check completed, shouldPrompt: false
[NX v22.5.4 Daemon Server] - 2026-03-13T20:55:28.916Z - [WATCHER]: Processing file changes in outputs
[NX v22.5.4 Daemon Server] - 2026-03-13T20:55:29.609Z - [WATCHER]: Processing file changes in outputs
[NX v22.5.4 Daemon Server] - 2026-03-13T20:55:31.637Z - [WATCHER]: Processing file changes in outputs
[NX v22.5.4 Daemon Server] - 2026-03-13T20:55:38.283Z - [WATCHER]: Processing file changes in outputs
[NX v22.5.4 Daemon Server] - 2026-03-13T20:55:38.371Z - [WATCHER]: Processing file changes in outputs
[NX v22.5.4 Daemon Server] - 2026-03-13T20:55:38.556Z - [WATCHER]: Processing file changes in outputs
[NX v22.5.4 Daemon Server] - 2026-03-13T20:55:38.650Z - [WATCHER]: Processing file changes in outputs
[NX v22.5.4 Daemon Server] - 2026-03-13T20:55:38.702Z - [WATCHER]: Processing file changes in outputs
[NX v22.5.4 Daemon Server] - 2026-03-13T20:55:38.765Z - [WATCHER]: Processing file changes in outputs
[NX v22.5.4 Daemon Server] - 2026-03-13T20:55:38.826Z - [WATCHER]: Processing file changes in outputs
[NX v22.5.4 Daemon Server] - 2026-03-13T20:55:49.853Z - [WATCHER]: Processing file changes in outputs
[NX v22.5.4 Daemon Server] - 2026-03-13T20:55:49.928Z - [WATCHER]: Processing file changes in outputs
[NX v22.5.4 Daemon Server] - 2026-03-13T20:55:49.998Z - [WATCHER]: Processing file changes in outputs
[NX v22.5.4 Daemon Server] - 2026-03-13T20:55:50.053Z - [WATCHER]: Processing file changes in outputs
[NX v22.5.4 Daemon Server] - 2026-03-13T20:55:50.135Z - [WATCHER]: Processing file changes in outputs
[NX v22.5.4 Daemon Server] - 2026-03-13T20:55:50.210Z - [WATCHER]: Processing file changes in outputs
[NX v22.5.4 Daemon Server] - 2026-03-13T20:55:50.293Z - [WATCHER]: Processing file changes in outputs
[NX v22.5.4 Daemon Server] - 2026-03-13T20:55:50.355Z - [WATCHER]: Processing file changes in outputs
[NX v22.5.4 Daemon Server] - 2026-03-13T20:55:52.592Z - [WATCHER]: Processing file changes in outputs
[NX v22.5.4 Daemon Server] - 2026-03-13T20:55:52.647Z - [WATCHER]: Processing file changes in outputs
[NX v22.5.4 Daemon Server] - 2026-03-13T20:55:58.923Z - [WATCHER]: Processing file changes in outputs
[NX v22.5.4 Daemon Server] - 2026-03-13T20:55:58.976Z - [WATCHER]: Processing file changes in outputs
[NX v22.5.4 Daemon Server] - 2026-03-13T20:55:59.059Z - [WATCHER]: Processing file changes in outputs
[NX v22.5.4 Daemon Server] - 2026-03-13T20:55:59.114Z - [WATCHER]: Processing file changes in outputs
[NX v22.5.4 Daemon Server] - 2026-03-13T20:55:59.229Z - [WATCHER]: Processing file changes in outputs
[NX v22.5.4 Daemon Server] - 2026-03-13T20:56:36.387Z - [WATCHER]: Processing file changes in outputs
[NX v22.5.4 Daemon Server] - 2026-03-13T20:56:36.475Z - [WATCHER]: Processing file changes in outputs
[NX v22.5.4 Daemon Server] - 2026-03-13T20:56:36.542Z - [WATCHER]: Processing file changes in outputs
[NX v22.5.4 Daemon Server] - 2026-03-13T20:56:36.599Z - [WATCHER]: Processing file changes in outputs
[NX v22.5.4 Daemon Server] - 2026-03-13T20:56:36.661Z - [WATCHER]: Processing file changes in outputs
[NX v22.5.4 Daemon Server] - 2026-03-13T20:56:36.723Z - [WATCHER]: Processing file changes in outputs
[NX v22.5.4 Daemon Server] - 2026-03-13T20:56:36.805Z - [WATCHER]: Processing file changes in outputs
[NX v22.5.4 Daemon Server] - 2026-03-13T20:56:36.860Z - [WATCHER]: Processing file changes in outputs
[NX v22.5.4 Daemon Server] - 2026-03-13T20:56:36.914Z - [WATCHER]: Processing file changes in outputs
[NX v22.5.4 Daemon Server] - 2026-03-13T20:56:37.645Z - [WATCHER]: Processing file changes in outputs
[NX v22.5.4 Daemon Server] - 2026-03-13T20:56:37.704Z - [WATCHER]: Processing file changes in outputs
[NX v22.5.4 Daemon Server] - 2026-03-13T20:56:37.756Z - [WATCHER]: Processing file changes in outputs
[NX v22.5.4 Daemon Server] - 2026-03-13T20:56:37.812Z - [WATCHER]: Processing file changes in outputs
[NX v22.5.4 Daemon Server] - 2026-03-13T20:56:38.151Z - [WATCHER]: Processing file changes in outputs
[NX v22.5.4 Daemon Server] - 2026-03-13T20:56:38.492Z - [WATCHER]: Processing file changes in outputs
[NX v22.5.4 Daemon Server] - 2026-03-13T20:56:39.505Z - [WATCHER]: Processing file changes in outputs
[NX v22.5.4 Daemon Server] - 2026-03-13T20:56:39.786Z - [WATCHER]: Processing file changes in outputs
[NX v22.5.4 Daemon Server] - 2026-03-13T20:56:44.275Z - [WATCHER]: Processing file changes in outputs
[NX v22.5.4 Daemon Server] - 2026-03-13T20:56:44.350Z - [WATCHER]: Processing file changes in outputs
[NX v22.5.4 Daemon Server] - 2026-03-13T20:56:44.416Z - [WATCHER]: Processing file changes in outputs
[NX v22.5.4 Daemon Client] - 2026-03-13T20:56:44.423Z - [Messenger] Sending message type: RECORD_OUTPUTS_HASH
[NX v22.5.4 Daemon Client] - 2026-03-13T20:56:44.424Z - [Messenger] Message sent
[NX v22.5.4 Daemon Server] - 2026-03-13T20:56:44.424Z - Received raw message of length 178
[NX v22.5.4 Daemon Server] - 2026-03-13T20:56:44.424Z - Received json message of type RECORD_OUTPUTS_HASH
[NX v22.5.4 Daemon Server] - 2026-03-13T20:56:44.428Z - Serializing response for RECORD_OUTPUTS_HASH message in json mode
[NX v22.5.4 Daemon Server] - 2026-03-13T20:56:44.428Z - Responding to RECORD_OUTPUTS_HASH message
[NX v22.5.4 Daemon Server] - 2026-03-13T20:56:44.428Z - [REQUEST]: Responding to the client. recordOutputsHash
[NX v22.5.4 Daemon Server] - 2026-03-13T20:56:44.428Z - Done responding to the client recordOutputsHash
[NX v22.5.4 Daemon Server] - 2026-03-13T20:56:44.428Z - Handled json message RECORD_OUTPUTS_HASH. Handling time: 4. Response time: 0.
[NX v22.5.4 Daemon Client] - 2026-03-13T20:56:44.428Z - [Messenger] Received message, length: 2
[NX v22.5.4 Daemon Client] - 2026-03-13T20:56:44.430Z - [Messenger] Sending message type: RECORD_TASK_RUNS
[NX v22.5.4 Daemon Client] - 2026-03-13T20:56:44.430Z - [Messenger] Message sent
[NX v22.5.4 Daemon Server] - 2026-03-13T20:56:44.430Z - Received raw message of length 218
[NX v22.5.4 Daemon Server] - 2026-03-13T20:56:44.430Z - Received json message of type RECORD_TASK_RUNS
[NX v22.5.4 Daemon Server] - 2026-03-13T20:56:44.431Z - Serializing response for RECORD_TASK_RUNS message in json mode
[NX v22.5.4 Daemon Server] - 2026-03-13T20:56:44.431Z - Responding to RECORD_TASK_RUNS message
[NX v22.5.4 Daemon Server] - 2026-03-13T20:56:44.431Z - [REQUEST]: Responding to the client. handleRecordTaskRuns
[NX v22.5.4 Daemon Server] - 2026-03-13T20:56:44.431Z - Done responding to the client handleRecordTaskRuns
[NX v22.5.4 Daemon Server] - 2026-03-13T20:56:44.431Z - Handled json message RECORD_TASK_RUNS. Handling time: 1. Response time: 0.
[NX v22.5.4 Daemon Client] - 2026-03-13T20:56:44.431Z - [Messenger] Received message, length: 4
[NX v22.5.4 Daemon Client] - 2026-03-13T20:56:44.549Z - [Messenger] Sending message type: POST_TASKS_EXECUTION
[NX v22.5.4 Daemon Client] - 2026-03-13T20:56:44.550Z - [Messenger] Message sent
[NX v22.5.4 Daemon Server] - 2026-03-13T20:56:44.551Z - Received raw message of length 145783
[NX v22.5.4 Daemon Server] - 2026-03-13T20:56:44.551Z - Received json message of type POST_TASKS_EXECUTION
[NX v22.5.4 Daemon Server] - 2026-03-13T20:56:44.552Z - Serializing response for POST_TASKS_EXECUTION message in json mode
[NX v22.5.4 Daemon Server] - 2026-03-13T20:56:44.552Z - Responding to POST_TASKS_EXECUTION message
[NX v22.5.4 Daemon Server] - 2026-03-13T20:56:44.552Z - [REQUEST]: Responding to the client. handleRunPostTasksExecution
[NX v22.5.4 Daemon Server] - 2026-03-13T20:56:44.552Z - Done responding to the client handleRunPostTasksExecution
[NX v22.5.4 Daemon Server] - 2026-03-13T20:56:44.552Z - Handled json message POST_TASKS_EXECUTION. Handling time: 1. Response time: 0.
[NX v22.5.4 Daemon Server] - 2026-03-13T20:56:44.552Z - Time taken for 'postTasksExecution' 0.14120900000852998ms
[NX v22.5.4 Daemon Client] - 2026-03-13T20:56:44.552Z - [Messenger] Received message, length: 4
[NX v22.5.4 Daemon Server] - 2026-03-13T20:56:44.555Z - Closed a connection. Number of open connections: 0
[NX v22.5.4 Daemon Server] - 2026-03-13T20:56:53.497Z - Established a connection. Number of open connections: 1
[NX v22.5.4 Daemon Server] - 2026-03-13T20:56:53.498Z - Closed a connection. Number of open connections: 0
[NX v22.5.4 Daemon Server] - 2026-03-13T20:56:53.498Z - Established a connection. Number of open connections: 1
[NX v22.5.4 Daemon Server] - 2026-03-13T20:56:53.499Z - Closed a connection. Number of open connections: 0
[NX v22.5.4 Daemon Server] - 2026-03-13T20:56:53.499Z - Established a connection. Number of open connections: 1
[NX v22.5.4 Daemon Client] - 2026-03-13T20:56:53.499Z - [Messenger] Setting up socket listeners
[NX v22.5.4 Daemon Client] - 2026-03-13T20:56:53.501Z - [Messenger] listen() complete
[NX v22.5.4 Daemon Server] - 2026-03-13T20:56:53.501Z - Established a connection. Number of open connections: 2
[NX v22.5.4 Daemon Server] - 2026-03-13T20:56:53.501Z - Closed a connection. Number of open connections: 1
[NX v22.5.4 Daemon Server] - 2026-03-13T20:56:53.501Z - Established a connection. Number of open connections: 2
[NX v22.5.4 Daemon Server] - 2026-03-13T20:56:53.501Z - Closed a connection. Number of open connections: 1
[NX v22.5.4 Daemon Server] - 2026-03-13T20:56:53.501Z - Established a connection. Number of open connections: 2
[NX v22.5.4 Daemon Client] - 2026-03-13T20:56:53.502Z - [Messenger] Sending message type: GET_NX_CONSOLE_STATUS
[NX v22.5.4 Daemon Client] - 2026-03-13T20:56:53.502Z - [Messenger] Setting up socket listeners
[NX v22.5.4 Daemon Client] - 2026-03-13T20:56:53.502Z - [Messenger] Message sent
[NX v22.5.4 Daemon Client] - 2026-03-13T20:56:53.502Z - [Messenger] listen() complete
[NX v22.5.4 Daemon Client] - 2026-03-13T20:56:53.503Z - [Messenger] Sending message type: GET_NX_CONSOLE_STATUS
[NX v22.5.4 Daemon Client] - 2026-03-13T20:56:53.503Z - [Messenger] Message sent
[NX v22.5.4 Daemon Server] - 2026-03-13T20:56:53.519Z - Received raw message of length 32
[NX v22.5.4 Daemon Server] - 2026-03-13T20:56:53.519Z - Received json message of type GET_NX_CONSOLE_STATUS
[NX v22.5.4 Daemon Server] - 2026-03-13T20:56:53.519Z - Serializing response for GET_NX_CONSOLE_STATUS message in json mode
[NX v22.5.4 Daemon Server] - 2026-03-13T20:56:53.519Z - Responding to GET_NX_CONSOLE_STATUS message
[NX v22.5.4 Daemon Server] - 2026-03-13T20:56:53.519Z - [REQUEST]: Responding to the client. handleGetNxConsoleStatus
[NX v22.5.4 Daemon Server] - 2026-03-13T20:56:53.519Z - Done responding to the client handleGetNxConsoleStatus
[NX v22.5.4 Daemon Server] - 2026-03-13T20:56:53.519Z - Handled json message GET_NX_CONSOLE_STATUS. Handling time: 0. Response time: 0.
[NX v22.5.4 Daemon Server] - 2026-03-13T20:56:53.519Z - Received raw message of length 32
[NX v22.5.4 Daemon Server] - 2026-03-13T20:56:53.519Z - Received json message of type GET_NX_CONSOLE_STATUS
[NX v22.5.4 Daemon Server] - 2026-03-13T20:56:53.519Z - Serializing response for GET_NX_CONSOLE_STATUS message in json mode
[NX v22.5.4 Daemon Server] - 2026-03-13T20:56:53.519Z - Responding to GET_NX_CONSOLE_STATUS message
[NX v22.5.4 Daemon Server] - 2026-03-13T20:56:53.519Z - [REQUEST]: Responding to the client. handleGetNxConsoleStatus
[NX v22.5.4 Daemon Server] - 2026-03-13T20:56:53.519Z - Done responding to the client handleGetNxConsoleStatus
[NX v22.5.4 Daemon Server] - 2026-03-13T20:56:53.519Z - Handled json message GET_NX_CONSOLE_STATUS. Handling time: 0. Response time: 0.
[NX v22.5.4 Daemon Client] - 2026-03-13T20:56:53.519Z - [Messenger] Received message, length: 22
[NX v22.5.4 Daemon Client] - 2026-03-13T20:56:53.520Z - [Messenger] Received message, length: 22
[NX v22.5.4 Daemon Client] - 2026-03-13T20:56:53.557Z - [Messenger] Sending message type: REQUEST_PROJECT_GRAPH
[NX v22.5.4 Daemon Client] - 2026-03-13T20:56:53.557Z - [Messenger] Message sent
[NX v22.5.4 Daemon Server] - 2026-03-13T20:56:53.558Z - Received raw message of length 32
[NX v22.5.4 Daemon Server] - 2026-03-13T20:56:53.558Z - Received json message of type REQUEST_PROJECT_GRAPH
[NX v22.5.4 Daemon Server] - 2026-03-13T20:56:53.558Z - [REQUEST]: Client Request for Project Graph Received
[NX v22.5.4 Daemon Server] - 2026-03-13T20:56:53.558Z - Reusing in-memory cached project graph because no files changed.
[NX v22.5.4 Daemon Server] - 2026-03-13T20:56:53.558Z - Serializing response for REQUEST_PROJECT_GRAPH message in json mode
[NX v22.5.4 Daemon Server] - 2026-03-13T20:56:53.558Z - Responding to REQUEST_PROJECT_GRAPH message
[NX v22.5.4 Daemon Server] - 2026-03-13T20:56:53.558Z - [REQUEST]: Responding to the client. project-graph
[NX v22.5.4 Daemon Server] - 2026-03-13T20:56:53.559Z - Time taken for 'total for creating and serializing project graph' 0.23104199999943376ms
[NX v22.5.4 Daemon Server] - 2026-03-13T20:56:53.565Z - Done responding to the client project-graph
[NX v22.5.4 Daemon Server] - 2026-03-13T20:56:53.565Z - Handled json message REQUEST_PROJECT_GRAPH. Handling time: 0. Response time: 7.
[NX v22.5.4 Daemon Client] - 2026-03-13T20:56:53.566Z - [Messenger] Received message, length: 1194828
[NX v22.5.4 Daemon Server] - 2026-03-13T20:56:53.573Z - Closed a connection. Number of open connections: 1
[NX v22.5.4 Daemon Client] - 2026-03-13T20:56:53.599Z - [Messenger] Sending message type: REQUEST_PROJECT_GRAPH
[NX v22.5.4 Daemon Client] - 2026-03-13T20:56:53.599Z - [Messenger] Message sent
[NX v22.5.4 Daemon Server] - 2026-03-13T20:56:53.599Z - Received raw message of length 32
[NX v22.5.4 Daemon Server] - 2026-03-13T20:56:53.599Z - Received json message of type REQUEST_PROJECT_GRAPH
[NX v22.5.4 Daemon Server] - 2026-03-13T20:56:53.599Z - [REQUEST]: Client Request for Project Graph Received
[NX v22.5.4 Daemon Server] - 2026-03-13T20:56:53.599Z - Reusing in-memory cached project graph because no files changed.
[NX v22.5.4 Daemon Server] - 2026-03-13T20:56:53.599Z - Serializing response for REQUEST_PROJECT_GRAPH message in json mode
[NX v22.5.4 Daemon Server] - 2026-03-13T20:56:53.599Z - Responding to REQUEST_PROJECT_GRAPH message
[NX v22.5.4 Daemon Server] - 2026-03-13T20:56:53.599Z - [REQUEST]: Responding to the client. project-graph
[NX v22.5.4 Daemon Server] - 2026-03-13T20:56:53.600Z - Time taken for 'total for creating and serializing project graph' 0.17987500000162981ms
[NX v22.5.4 Daemon Server] - 2026-03-13T20:56:53.605Z - Done responding to the client project-graph
[NX v22.5.4 Daemon Server] - 2026-03-13T20:56:53.605Z - Handled json message REQUEST_PROJECT_GRAPH. Handling time: 0. Response time: 6.
[NX v22.5.4 Daemon Client] - 2026-03-13T20:56:53.606Z - [Messenger] Received message, length: 1194828
[NX v22.5.4 Daemon Client] - 2026-03-13T20:56:53.884Z - [Messenger] Sending message type: PRE_TASKS_EXECUTION
[NX v22.5.4 Daemon Client] - 2026-03-13T20:56:53.884Z - [Messenger] Message sent
[NX v22.5.4 Daemon Server] - 2026-03-13T20:56:53.884Z - Received raw message of length 717
[NX v22.5.4 Daemon Server] - 2026-03-13T20:56:53.885Z - Received json message of type PRE_TASKS_EXECUTION
[NX v22.5.4 Daemon Server] - 2026-03-13T20:56:53.885Z - Serializing response for PRE_TASKS_EXECUTION message in json mode
[NX v22.5.4 Daemon Server] - 2026-03-13T20:56:53.885Z - Responding to PRE_TASKS_EXECUTION message
[NX v22.5.4 Daemon Server] - 2026-03-13T20:56:53.885Z - [REQUEST]: Responding to the client. handleRunPreTasksExecution
[NX v22.5.4 Daemon Client] - 2026-03-13T20:56:53.885Z - [Messenger] Received message, length: 2
[NX v22.5.4 Daemon Server] - 2026-03-13T20:56:53.885Z - Done responding to the client handleRunPreTasksExecution
[NX v22.5.4 Daemon Server] - 2026-03-13T20:56:53.885Z - Handled json message PRE_TASKS_EXECUTION. Handling time: 0. Response time: 0.
[NX v22.5.4 Daemon Server] - 2026-03-13T20:56:53.885Z - Time taken for 'preTasksExecution' 0.18041600000287872ms
[NX v22.5.4 Daemon Client] - 2026-03-13T20:56:54.078Z - [Messenger] Sending message type: HASH_TASKS
[NX v22.5.4 Daemon Client] - 2026-03-13T20:56:54.078Z - [Messenger] Message sent
[NX v22.5.4 Daemon Server] - 2026-03-13T20:56:54.079Z - Received raw message of length 25718
[NX v22.5.4 Daemon Server] - 2026-03-13T20:56:54.079Z - Received json message of type HASH_TASKS
[NX v22.5.4 Daemon Server] - 2026-03-13T20:56:54.079Z - Reusing in-memory cached project graph because no files changed.
DEBUG nx::native::tasks::hash_planner: get_plans_internal COMPLETED in 3.809834ms - processed 0 tasks (setup: 3.807834ms, parallel_planning: 1.875µs)
DEBUG nx::native::tasks::task_hasher: hash_plans COMPLETED in 583.541µs - processed 0 plans (setup: 452.875µs, hashing: 130.5µs, assembly: 2.042µs)
[NX v22.5.4 Daemon Server] - 2026-03-13T20:56:54.084Z - Serializing response for HASH_TASKS message in json mode
[NX v22.5.4 Daemon Server] - 2026-03-13T20:56:54.084Z - Responding to HASH_TASKS message
[NX v22.5.4 Daemon Server] - 2026-03-13T20:56:54.084Z - [REQUEST]: Responding to the client. handleHashTasks
[NX v22.5.4 Daemon Server] - 2026-03-13T20:56:54.084Z - Done responding to the client handleHashTasks
[NX v22.5.4 Daemon Server] - 2026-03-13T20:56:54.084Z - Handled json message HASH_TASKS. Handling time: 5. Response time: 0.
[NX v22.5.4 Daemon Client] - 2026-03-13T20:56:54.084Z - [Messenger] Received message, length: 2
[NX v22.5.4 Daemon Client] - 2026-03-13T20:56:54.132Z - [Messenger] Sending message type: GET_ESTIMATED_TASK_TIMINGS
[NX v22.5.4 Daemon Client] - 2026-03-13T20:56:54.132Z - [Messenger] Message sent
[NX v22.5.4 Daemon Server] - 2026-03-13T20:56:54.132Z - Received raw message of length 1860
[NX v22.5.4 Daemon Server] - 2026-03-13T20:56:54.132Z - Received json message of type GET_ESTIMATED_TASK_TIMINGS
[NX v22.5.4 Daemon Server] - 2026-03-13T20:56:54.133Z - Serializing response for GET_ESTIMATED_TASK_TIMINGS message in json mode
[NX v22.5.4 Daemon Server] - 2026-03-13T20:56:54.133Z - Responding to GET_ESTIMATED_TASK_TIMINGS message
[NX v22.5.4 Daemon Server] - 2026-03-13T20:56:54.133Z - [REQUEST]: Responding to the client. handleGetEstimatedTaskTimings
[NX v22.5.4 Daemon Server] - 2026-03-13T20:56:54.133Z - Done responding to the client handleGetEstimatedTaskTimings
[NX v22.5.4 Daemon Server] - 2026-03-13T20:56:54.133Z - Handled json message GET_ESTIMATED_TASK_TIMINGS. Handling time: 0. Response time: 0.
[NX v22.5.4 Daemon Client] - 2026-03-13T20:56:54.133Z - [Messenger] Received message, length: 1164
[NX v22.5.4 Daemon Client] - 2026-03-13T20:56:54.183Z - [Messenger] Sending message type: HASH_TASKS
[NX v22.5.4 Daemon Client] - 2026-03-13T20:56:54.183Z - [Messenger] Message sent
[NX v22.5.4 Daemon Server] - 2026-03-13T20:56:54.183Z - Received raw message of length 25936
[NX v22.5.4 Daemon Server] - 2026-03-13T20:56:54.184Z - Received json message of type HASH_TASKS
[NX v22.5.4 Daemon Server] - 2026-03-13T20:56:54.184Z - Reusing in-memory cached project graph because no files changed.
DEBUG nx::native::tasks::hash_planner: get_plans_internal COMPLETED in 3.639541ms - processed 1 tasks (setup: 3.404416ms, parallel_planning: 235.084µs)
DEBUG nx::native::tasks::hashers::hash_workspace_files: Hashing workspace fileset with inputs: Adding "14753650797151729951" (".gitignore") to hash
DEBUG nx::native::tasks::hashers::hash_workspace_files: Hashing workspace fileset with inputs: Adding "16727730179561442929" ("nx.json") to hash
DEBUG nx::native::tasks::hashers::hash_workspace_files: Hashing workspace fileset with inputs: Hash Value: "14205410132470996805"
DEBUG nx::native::tasks::task_hasher: hash_plans COMPLETED in 1.851458ms - processed 1 plans (setup: 392.333µs, hashing: 1.458834ms, assembly: 262.667µs)
[NX v22.5.4 Daemon Server] - 2026-03-13T20:56:54.191Z - Serializing response for HASH_TASKS message in json mode
[NX v22.5.4 Daemon Server] - 2026-03-13T20:56:54.191Z - Responding to HASH_TASKS message
[NX v22.5.4 Daemon Server] - 2026-03-13T20:56:54.191Z - [REQUEST]: Responding to the client. handleHashTasks
[NX v22.5.4 Daemon Server] - 2026-03-13T20:56:54.192Z - Done responding to the client handleHashTasks
[NX v22.5.4 Daemon Server] - 2026-03-13T20:56:54.192Z - Handled json message HASH_TASKS. Handling time: 7. Response time: 1.
[NX v22.5.4 Daemon Client] - 2026-03-13T20:56:54.192Z - [Messenger] Received message, length: 67247
[NX v22.5.4 Daemon Client] - 2026-03-13T20:56:54.196Z - [Messenger] Sending message type: HASH_TASKS
[NX v22.5.4 Daemon Client] - 2026-03-13T20:56:54.196Z - [Messenger] Message sent
[NX v22.5.4 Daemon Server] - 2026-03-13T20:56:54.200Z - Received raw message of length 68689
[NX v22.5.4 Daemon Server] - 2026-03-13T20:56:54.201Z - Received json message of type HASH_TASKS
[NX v22.5.4 Daemon Server] - 2026-03-13T20:56:54.201Z - Reusing in-memory cached project graph because no files changed.
DEBUG nx::native::tasks::hash_planner: get_plans_internal COMPLETED in 3.780208ms - processed 1 tasks (setup: 3.677625ms, parallel_planning: 102.417µs)
DEBUG nx::native::tasks::hashers::hash_workspace_files: Hashing workspace fileset with inputs: Adding "14753650797151729951" (".gitignore") to hash
DEBUG nx::native::tasks::hashers::hash_workspace_files: Hashing workspace fileset with inputs: Adding "16727730179561442929" ("nx.json") to hash
DEBUG nx::native::tasks::hashers::hash_workspace_files: Hashing workspace fileset with inputs: Hash Value: "14205410132470996805"
DEBUG nx::native::tasks::task_hasher: hash_plans COMPLETED in 1.118417ms - processed 1 plans (setup: 399.708µs, hashing: 718.375µs, assembly: 125.459µs)
[NX v22.5.4 Daemon Server] - 2026-03-13T20:56:54.207Z - Serializing response for HASH_TASKS message in json mode
[NX v22.5.4 Daemon Server] - 2026-03-13T20:56:54.207Z - Responding to HASH_TASKS message
[NX v22.5.4 Daemon Server] - 2026-03-13T20:56:54.207Z - [REQUEST]: Responding to the client. handleHashTasks
[NX v22.5.4 Daemon Server] - 2026-03-13T20:56:54.207Z - Done responding to the client handleHashTasks
[NX v22.5.4 Daemon Server] - 2026-03-13T20:56:54.207Z - Handled json message HASH_TASKS. Handling time: 6. Response time: 0.
[NX v22.5.4 Daemon Client] - 2026-03-13T20:56:54.207Z - [Messenger] Received message, length: 35438
[NX v22.5.4 Daemon Client] - 2026-03-13T20:56:54.209Z - [Messenger] Sending message type: HASH_TASKS
[NX v22.5.4 Daemon Client] - 2026-03-13T20:56:54.209Z - [Messenger] Message sent
[NX v22.5.4 Daemon Server] - 2026-03-13T20:56:54.210Z - Received raw message of length 91251
[NX v22.5.4 Daemon Server] - 2026-03-13T20:56:54.211Z - Received json message of type HASH_TASKS
[NX v22.5.4 Daemon Server] - 2026-03-13T20:56:54.211Z - Reusing in-memory cached project graph because no files changed.
DEBUG nx::native::tasks::hash_planner: get_plans_internal COMPLETED in 3.881334ms - processed 1 tasks (setup: 3.570292ms, parallel_planning: 310.792µs)
DEBUG nx::native::tasks::hashers::hash_workspace_files: Hashing workspace fileset with inputs: Adding "14753650797151729951" (".gitignore") to hash
DEBUG nx::native::tasks::hashers::hash_workspace_files: Hashing workspace fileset with inputs: Adding "16727730179561442929" ("nx.json") to hash
DEBUG nx::native::tasks::hashers::hash_workspace_files: Hashing workspace fileset with inputs: Hash Value: "14205410132470996805"
DEBUG nx::native::tasks::task_hasher: hash_plans COMPLETED in 2.3405ms - processed 1 plans (setup: 567.792µs, hashing: 1.772459ms, assembly: 276.625µs)
[NX v22.5.4 Daemon Server] - 2026-03-13T20:56:54.219Z - Serializing response for HASH_TASKS message in json mode
[NX v22.5.4 Daemon Server] - 2026-03-13T20:56:54.219Z - Responding to HASH_TASKS message
[NX v22.5.4 Daemon Server] - 2026-03-13T20:56:54.219Z - [REQUEST]: Responding to the client. handleHashTasks
[NX v22.5.4 Daemon Server] - 2026-03-13T20:56:54.220Z - Done responding to the client handleHashTasks
[NX v22.5.4 Daemon Server] - 2026-03-13T20:56:54.220Z - Handled json message HASH_TASKS. Handling time: 8. Response time: 1.
[NX v22.5.4 Daemon Client] - 2026-03-13T20:56:54.220Z - [Messenger] Received message, length: 81687
[NX v22.5.4 Daemon Client] - 2026-03-13T20:56:54.223Z - [Messenger] Sending message type: HASH_TASKS
[NX v22.5.4 Daemon Client] - 2026-03-13T20:56:54.224Z - [Messenger] Message sent
[NX v22.5.4 Daemon Server] - 2026-03-13T20:56:54.226Z - Received raw message of length 137543
[NX v22.5.4 Daemon Server] - 2026-03-13T20:56:54.227Z - Received json message of type HASH_TASKS
[NX v22.5.4 Daemon Server] - 2026-03-13T20:56:54.227Z - Reusing in-memory cached project graph because no files changed.
DEBUG nx::native::tasks::hash_planner: get_plans_internal COMPLETED in 4.254834ms - processed 1 tasks (setup: 3.943542ms, parallel_planning: 310.875µs)
DEBUG nx::native::tasks::hashers::hash_workspace_files: Hashing workspace fileset with inputs: Adding "14753650797151729951" (".gitignore") to hash
DEBUG nx::native::tasks::hashers::hash_workspace_files: Hashing workspace fileset with inputs: Adding "16727730179561442929" ("nx.json") to hash
DEBUG nx::native::tasks::hashers::hash_workspace_files: Hashing workspace fileset with inputs: Hash Value: "14205410132470996805"
DEBUG nx::native::tasks::task_hasher: hash_plans COMPLETED in 4.252583ms - processed 1 plans (setup: 2.165416ms, hashing: 2.087ms, assembly: 432.5µs)
[NX v22.5.4 Daemon Server] - 2026-03-13T20:56:54.237Z - Serializing response for HASH_TASKS message in json mode
[NX v22.5.4 Daemon Server] - 2026-03-13T20:56:54.238Z - Responding to HASH_TASKS message
[NX v22.5.4 Daemon Server] - 2026-03-13T20:56:54.238Z - [REQUEST]: Responding to the client. handleHashTasks
[NX v22.5.4 Daemon Server] - 2026-03-13T20:56:54.240Z - Done responding to the client handleHashTasks
[NX v22.5.4 Daemon Server] - 2026-03-13T20:56:54.240Z - Handled json message HASH_TASKS. Handling time: 10. Response time: 3.
[NX v22.5.4 Daemon Client] - 2026-03-13T20:56:54.240Z - [Messenger] Received message, length: 81689
[NX v22.5.4 Daemon Client] - 2026-03-13T20:56:54.244Z - [Messenger] Sending message type: HASH_TASKS
[NX v22.5.4 Daemon Client] - 2026-03-13T20:56:54.245Z - [Messenger] Message sent
[NX v22.5.4 Daemon Server] - 2026-03-13T20:56:54.246Z - Received raw message of length 183821
[NX v22.5.4 Daemon Server] - 2026-03-13T20:56:54.247Z - Received json message of type HASH_TASKS
[NX v22.5.4 Daemon Server] - 2026-03-13T20:56:54.247Z - Reusing in-memory cached project graph because no files changed.
DEBUG nx::native::tasks::hash_planner: get_plans_internal COMPLETED in 4.076708ms - processed 1 tasks (setup: 3.772917ms, parallel_planning: 303.541µs)
DEBUG nx::native::tasks::hashers::hash_workspace_files: Hashing workspace fileset with inputs: Adding "14753650797151729951" (".gitignore") to hash
DEBUG nx::native::tasks::hashers::hash_workspace_files: Hashing workspace fileset with inputs: Adding "16727730179561442929" ("nx.json") to hash
DEBUG nx::native::tasks::hashers::hash_workspace_files: Hashing workspace fileset with inputs: Hash Value: "14205410132470996805"
DEBUG nx::native::tasks::task_hasher: hash_plans COMPLETED in 2.789333ms - processed 1 plans (setup: 537.25µs, hashing: 2.252ms, assembly: 267.25µs)
[NX v22.5.4 Daemon Server] - 2026-03-13T20:56:54.255Z - Serializing response for HASH_TASKS message in json mode
[NX v22.5.4 Daemon Server] - 2026-03-13T20:56:54.255Z - Responding to HASH_TASKS message
[NX v22.5.4 Daemon Server] - 2026-03-13T20:56:54.255Z - [REQUEST]: Responding to the client. handleHashTasks
[NX v22.5.4 Daemon Server] - 2026-03-13T20:56:54.255Z - Done responding to the client handleHashTasks
[NX v22.5.4 Daemon Client] - 2026-03-13T20:56:54.255Z - [Messenger] Received message, length: 81687
[NX v22.5.4 Daemon Server] - 2026-03-13T20:56:54.256Z - Handled json message HASH_TASKS. Handling time: 8. Response time: 1.
[NX v22.5.4 Daemon Client] - 2026-03-13T20:56:54.259Z - [Messenger] Sending message type: HASH_TASKS
[NX v22.5.4 Daemon Client] - 2026-03-13T20:56:54.260Z - [Messenger] Message sent
[NX v22.5.4 Daemon Server] - 2026-03-13T20:56:54.261Z - Received raw message of length 230084
[NX v22.5.4 Daemon Server] - 2026-03-13T20:56:54.263Z - Received json message of type HASH_TASKS
[NX v22.5.4 Daemon Server] - 2026-03-13T20:56:54.263Z - Reusing in-memory cached project graph because no files changed.
DEBUG nx::native::tasks::hash_planner: get_plans_internal COMPLETED in 4.006ms - processed 1 tasks (setup: 3.676541ms, parallel_planning: 329.292µs)
DEBUG nx::native::tasks::hashers::hash_workspace_files: Hashing workspace fileset with inputs: Adding "14753650797151729951" (".gitignore") to hash
DEBUG nx::native::tasks::hashers::hash_workspace_files: Hashing workspace fileset with inputs: Adding "16727730179561442929" ("nx.json") to hash
DEBUG nx::native::tasks::hashers::hash_workspace_files: Hashing workspace fileset with inputs: Hash Value: "14205410132470996805"
DEBUG nx::native::tasks::task_hasher: hash_plans COMPLETED in 2.388ms - processed 1 plans (setup: 694.084µs, hashing: 1.693709ms, assembly: 266.083µs)
[NX v22.5.4 Daemon Server] - 2026-03-13T20:56:54.271Z - Serializing response for HASH_TASKS message in json mode
[NX v22.5.4 Daemon Server] - 2026-03-13T20:56:54.271Z - Responding to HASH_TASKS message
[NX v22.5.4 Daemon Server] - 2026-03-13T20:56:54.271Z - [REQUEST]: Responding to the client. handleHashTasks
[NX v22.5.4 Daemon Server] - 2026-03-13T20:56:54.272Z - Done responding to the client handleHashTasks
[NX v22.5.4 Daemon Server] - 2026-03-13T20:56:54.273Z - Handled json message HASH_TASKS. Handling time: 8. Response time: 2.
[NX v22.5.4 Daemon Client] - 2026-03-13T20:56:54.273Z - [Messenger] Received message, length: 81687
[NX v22.5.4 Daemon Client] - 2026-03-13T20:56:54.277Z - [Messenger] Sending message type: HASH_TASKS
[NX v22.5.4 Daemon Client] - 2026-03-13T20:56:54.278Z - [Messenger] Message sent
[NX v22.5.4 Daemon Server] - 2026-03-13T20:56:54.279Z - Received raw message of length 276342
[NX v22.5.4 Daemon Server] - 2026-03-13T20:56:54.280Z - Received json message of type HASH_TASKS
[NX v22.5.4 Daemon Server] - 2026-03-13T20:56:54.280Z - Reusing in-memory cached project graph because no files changed.
DEBUG nx::native::tasks::hash_planner: get_plans_internal COMPLETED in 4.192666ms - processed 1 tasks (setup: 3.888666ms, parallel_planning: 303.917µs)
DEBUG nx::native::tasks::hashers::hash_workspace_files: Hashing workspace fileset with inputs: Adding "14753650797151729951" (".gitignore") to hash
DEBUG nx::native::tasks::hashers::hash_workspace_files: Hashing workspace fileset with inputs: Adding "16727730179561442929" ("nx.json") to hash
DEBUG nx::native::tasks::hashers::hash_workspace_files: Hashing workspace fileset with inputs: Hash Value: "14205410132470996805"
DEBUG nx::native::tasks::task_hasher: hash_plans COMPLETED in 2.194042ms - processed 1 plans (setup: 433.958µs, hashing: 1.759917ms, assembly: 299.208µs)
[NX v22.5.4 Daemon Server] - 2026-03-13T20:56:54.288Z - Serializing response for HASH_TASKS message in json mode
[NX v22.5.4 Daemon Server] - 2026-03-13T20:56:54.289Z - Responding to HASH_TASKS message
[NX v22.5.4 Daemon Server] - 2026-03-13T20:56:54.289Z - [REQUEST]: Responding to the client. handleHashTasks
[NX v22.5.4 Daemon Server] - 2026-03-13T20:56:54.290Z - Done responding to the client handleHashTasks
[NX v22.5.4 Daemon Server] - 2026-03-13T20:56:54.290Z - Handled json message HASH_TASKS. Handling time: 8. Response time: 2.
[NX v22.5.4 Daemon Client] - 2026-03-13T20:56:54.290Z - [Messenger] Received message, length: 81687
[NX v22.5.4 Daemon Client] - 2026-03-13T20:56:54.293Z - [Messenger] Sending message type: HASH_TASKS
[NX v22.5.4 Daemon Client] - 2026-03-13T20:56:54.294Z - [Messenger] Message sent
[NX v22.5.4 Daemon Server] - 2026-03-13T20:56:54.296Z - Received raw message of length 322592
[NX v22.5.4 Daemon Server] - 2026-03-13T20:56:54.297Z - Received json message of type HASH_TASKS
[NX v22.5.4 Daemon Server] - 2026-03-13T20:56:54.298Z - Reusing in-memory cached project graph because no files changed.
DEBUG nx::native::tasks::hash_planner: get_plans_internal COMPLETED in 3.967458ms - processed 1 tasks (setup: 3.656667ms, parallel_planning: 310.625µs)
DEBUG nx::native::tasks::hashers::hash_workspace_files: Hashing workspace fileset with inputs: Adding "14753650797151729951" (".gitignore") to hash
DEBUG nx::native::tasks::hashers::hash_workspace_files: Hashing workspace fileset with inputs: Adding "16727730179561442929" ("nx.json") to hash
DEBUG nx::native::tasks::hashers::hash_workspace_files: Hashing workspace fileset with inputs: Hash Value: "14205410132470996805"
DEBUG nx::native::tasks::task_hasher: hash_plans COMPLETED in 2.236791ms - processed 1 plans (setup: 408.875µs, hashing: 1.827792ms, assembly: 292.584µs)
[NX v22.5.4 Daemon Server] - 2026-03-13T20:56:54.305Z - Serializing response for HASH_TASKS message in json mode
[NX v22.5.4 Daemon Server] - 2026-03-13T20:56:54.306Z - Responding to HASH_TASKS message
[NX v22.5.4 Daemon Server] - 2026-03-13T20:56:54.306Z - [REQUEST]: Responding to the client. handleHashTasks
[NX v22.5.4 Daemon Server] - 2026-03-13T20:56:54.306Z - Done responding to the client handleHashTasks
[NX v22.5.4 Daemon Client] - 2026-03-13T20:56:54.306Z - [Messenger] Received message, length: 81688
[NX v22.5.4 Daemon Server] - 2026-03-13T20:56:54.306Z - Handled json message HASH_TASKS. Handling time: 8. Response time: 1.
[NX v22.5.4 Daemon Client] - 2026-03-13T20:56:54.310Z - [Messenger] Sending message type: HASH_TASKS
[NX v22.5.4 Daemon Client] - 2026-03-13T20:56:54.310Z - [Messenger] Message sent
[NX v22.5.4 Daemon Server] - 2026-03-13T20:56:54.312Z - Received raw message of length 368882
[NX v22.5.4 Daemon Server] - 2026-03-13T20:56:54.314Z - Received json message of type HASH_TASKS
[NX v22.5.4 Daemon Server] - 2026-03-13T20:56:54.314Z - Reusing in-memory cached project graph because no files changed.
DEBUG nx::native::tasks::hash_planner: get_plans_internal COMPLETED in 3.930125ms - processed 1 tasks (setup: 3.627208ms, parallel_planning: 302.709µs)
DEBUG nx::native::tasks::hashers::hash_workspace_files: Hashing workspace fileset with inputs: Adding "14753650797151729951" (".gitignore") to hash
DEBUG nx::native::tasks::hashers::hash_workspace_files: Hashing workspace fileset with inputs: Adding "16727730179561442929" ("nx.json") to hash
DEBUG nx::native::tasks::hashers::hash_workspace_files: Hashing workspace fileset with inputs: Hash Value: "14205410132470996805"
DEBUG nx::native::tasks::task_hasher: hash_plans COMPLETED in 1.828792ms - processed 1 plans (setup: 427.75µs, hashing: 1.400833ms, assembly: 259.375µs)
[NX v22.5.4 Daemon Server] - 2026-03-13T20:56:54.321Z - Serializing response for HASH_TASKS message in json mode
[NX v22.5.4 Daemon Server] - 2026-03-13T20:56:54.321Z - Responding to HASH_TASKS message
[NX v22.5.4 Daemon Server] - 2026-03-13T20:56:54.321Z - [REQUEST]: Responding to the client. handleHashTasks
[NX v22.5.4 Daemon Server] - 2026-03-13T20:56:54.323Z - Done responding to the client handleHashTasks
[NX v22.5.4 Daemon Server] - 2026-03-13T20:56:54.323Z - Handled json message HASH_TASKS. Handling time: 7. Response time: 2.
[NX v22.5.4 Daemon Client] - 2026-03-13T20:56:54.323Z - [Messenger] Received message, length: 81689
[NX v22.5.4 Daemon Client] - 2026-03-13T20:56:54.326Z - [Messenger] Sending message type: HASH_TASKS
[NX v22.5.4 Daemon Client] - 2026-03-13T20:56:54.327Z - [Messenger] Message sent
[NX v22.5.4 Daemon Server] - 2026-03-13T20:56:54.329Z - Received raw message of length 415128
[NX v22.5.4 Daemon Server] - 2026-03-13T20:56:54.330Z - Received json message of type HASH_TASKS
[NX v22.5.4 Daemon Server] - 2026-03-13T20:56:54.331Z - Reusing in-memory cached project graph because no files changed.
DEBUG nx::native::tasks::hash_planner: get_plans_internal COMPLETED in 3.906709ms - processed 1 tasks (setup: 3.591709ms, parallel_planning: 314.958µs)
DEBUG nx::native::tasks::hashers::hash_workspace_files: Hashing workspace fileset with inputs: Adding "14753650797151729951" (".gitignore") to hash
DEBUG nx::native::tasks::hashers::hash_workspace_files: Hashing workspace fileset with inputs: Adding "16727730179561442929" ("nx.json") to hash
DEBUG nx::native::tasks::hashers::hash_workspace_files: Hashing workspace fileset with inputs: Hash Value: "14205410132470996805"
DEBUG nx::native::tasks::task_hasher: hash_plans COMPLETED in 2.046541ms - processed 1 plans (setup: 481.958µs, hashing: 1.564292ms, assembly: 296.75µs)
[NX v22.5.4 Daemon Server] - 2026-03-13T20:56:54.338Z - Serializing response for HASH_TASKS message in json mode
[NX v22.5.4 Daemon Server] - 2026-03-13T20:56:54.338Z - Responding to HASH_TASKS message
[NX v22.5.4 Daemon Server] - 2026-03-13T20:56:54.338Z - [REQUEST]: Responding to the client. handleHashTasks
[NX v22.5.4 Daemon Server] - 2026-03-13T20:56:54.338Z - Done responding to the client handleHashTasks
[NX v22.5.4 Daemon Server] - 2026-03-13T20:56:54.338Z - Handled json message HASH_TASKS. Handling time: 7. Response time: 0.
[NX v22.5.4 Daemon Client] - 2026-03-13T20:56:54.338Z - [Messenger] Received message, length: 81686
[NX v22.5.4 Daemon Client] - 2026-03-13T20:56:54.342Z - [Messenger] Sending message type: HASH_TASKS
[NX v22.5.4 Daemon Client] - 2026-03-13T20:56:54.343Z - [Messenger] Message sent
[NX v22.5.4 Daemon Server] - 2026-03-13T20:56:54.345Z - Received raw message of length 461389
[NX v22.5.4 Daemon Server] - 2026-03-13T20:56:54.346Z - Received json message of type HASH_TASKS
[NX v22.5.4 Daemon Server] - 2026-03-13T20:56:54.347Z - Reusing in-memory cached project graph because no files changed.
DEBUG nx::native::tasks::hash_planner: get_plans_internal COMPLETED in 4.682542ms - processed 1 tasks (setup: 4.368583ms, parallel_planning: 313.708µs)
DEBUG nx::native::tasks::hashers::hash_workspace_files: Hashing workspace fileset with inputs: Adding "14753650797151729951" (".gitignore") to hash
DEBUG nx::native::tasks::hashers::hash_workspace_files: Hashing workspace fileset with inputs: Adding "16727730179561442929" ("nx.json") to hash
DEBUG nx::native::tasks::hashers::hash_workspace_files: Hashing workspace fileset with inputs: Hash Value: "14205410132470996805"
DEBUG nx::native::tasks::task_hasher: hash_plans COMPLETED in 2.600917ms - processed 1 plans (setup: 438.042µs, hashing: 2.162625ms, assembly: 267.708µs)
[NX v22.5.4 Daemon Server] - 2026-03-13T20:56:54.355Z - Serializing response for HASH_TASKS message in json mode
[NX v22.5.4 Daemon Server] - 2026-03-13T20:56:54.356Z - Responding to HASH_TASKS message
[NX v22.5.4 Daemon Server] - 2026-03-13T20:56:54.356Z - [REQUEST]: Responding to the client. handleHashTasks
[NX v22.5.4 Daemon Server] - 2026-03-13T20:56:54.356Z - Done responding to the client handleHashTasks
[NX v22.5.4 Daemon Server] - 2026-03-13T20:56:54.356Z - Handled json message HASH_TASKS. Handling time: 9. Response time: 1.
[NX v22.5.4 Daemon Client] - 2026-03-13T20:56:54.356Z - [Messenger] Received message, length: 81688
[NX v22.5.4 Daemon Client] - 2026-03-13T20:56:54.360Z - [Messenger] Sending message type: HASH_TASKS
[NX v22.5.4 Daemon Client] - 2026-03-13T20:56:54.361Z - [Messenger] Message sent
[NX v22.5.4 Daemon Server] - 2026-03-13T20:56:54.363Z - Received raw message of length 507636
[NX v22.5.4 Daemon Server] - 2026-03-13T20:56:54.365Z - Received json message of type HASH_TASKS
[NX v22.5.4 Daemon Server] - 2026-03-13T20:56:54.365Z - Reusing in-memory cached project graph because no files changed.
DEBUG nx::native::tasks::hash_planner: get_plans_internal COMPLETED in 4.207042ms - processed 1 tasks (setup: 3.877709ms, parallel_planning: 329.125µs)
DEBUG nx::native::tasks::hashers::hash_workspace_files: Hashing workspace fileset with inputs: Adding "14753650797151729951" (".gitignore") to hash
DEBUG nx::native::tasks::hashers::hash_workspace_files: Hashing workspace fileset with inputs: Adding "16727730179561442929" ("nx.json") to hash
DEBUG nx::native::tasks::hashers::hash_workspace_files: Hashing workspace fileset with inputs: Hash Value: "14205410132470996805"
DEBUG nx::native::tasks::task_hasher: hash_plans COMPLETED in 3.451917ms - processed 1 plans (setup: 1.901875ms, hashing: 1.549666ms, assembly: 369µs)
[NX v22.5.4 Daemon Server] - 2026-03-13T20:56:54.374Z - Serializing response for HASH_TASKS message in json mode
[NX v22.5.4 Daemon Server] - 2026-03-13T20:56:54.374Z - Responding to HASH_TASKS message
[NX v22.5.4 Daemon Server] - 2026-03-13T20:56:54.374Z - [REQUEST]: Responding to the client. handleHashTasks
[NX v22.5.4 Daemon Server] - 2026-03-13T20:56:54.376Z - Done responding to the client handleHashTasks
[NX v22.5.4 Daemon Client] - 2026-03-13T20:56:54.376Z - [Messenger] Received message, length: 81688
[NX v22.5.4 Daemon Server] - 2026-03-13T20:56:54.376Z - Handled json message HASH_TASKS. Handling time: 9. Response time: 2.
[NX v22.5.4 Daemon Client] - 2026-03-13T20:56:54.380Z - [Messenger] Sending message type: HASH_TASKS
[NX v22.5.4 Daemon Client] - 2026-03-13T20:56:54.381Z - [Messenger] Message sent
[NX v22.5.4 Daemon Server] - 2026-03-13T20:56:54.383Z - Received raw message of length 553902
[NX v22.5.4 Daemon Server] - 2026-03-13T20:56:54.385Z - Received json message of type HASH_TASKS
[NX v22.5.4 Daemon Server] - 2026-03-13T20:56:54.385Z - Reusing in-memory cached project graph because no files changed.
DEBUG nx::native::tasks::hash_planner: get_plans_internal COMPLETED in 4.000083ms - processed 1 tasks (setup: 3.654792ms, parallel_planning: 345.25µs)
DEBUG nx::native::tasks::hashers::hash_workspace_files: Hashing workspace fileset with inputs: Adding "14753650797151729951" (".gitignore") to hash
DEBUG nx::native::tasks::hashers::hash_workspace_files: Hashing workspace fileset with inputs: Adding "16727730179561442929" ("nx.json") to hash
DEBUG nx::native::tasks::hashers::hash_workspace_files: Hashing workspace fileset with inputs: Hash Value: "14205410132470996805"
DEBUG nx::native::tasks::task_hasher: hash_plans COMPLETED in 2.070583ms - processed 1 plans (setup: 460.083µs, hashing: 1.610375ms, assembly: 285.834µs)
[NX v22.5.4 Daemon Server] - 2026-03-13T20:56:54.392Z - Serializing response for HASH_TASKS message in json mode
[NX v22.5.4 Daemon Server] - 2026-03-13T20:56:54.393Z - Responding to HASH_TASKS message
[NX v22.5.4 Daemon Server] - 2026-03-13T20:56:54.393Z - [REQUEST]: Responding to the client. handleHashTasks
[NX v22.5.4 Daemon Server] - 2026-03-13T20:56:54.393Z - Done responding to the client handleHashTasks
[NX v22.5.4 Daemon Client] - 2026-03-13T20:56:54.393Z - [Messenger] Received message, length: 81689
[NX v22.5.4 Daemon Server] - 2026-03-13T20:56:54.393Z - Handled json message HASH_TASKS. Handling time: 7. Response time: 1.
[NX v22.5.4 Daemon Client] - 2026-03-13T20:56:54.397Z - [Messenger] Sending message type: HASH_TASKS
[NX v22.5.4 Daemon Client] - 2026-03-13T20:56:54.398Z - [Messenger] Message sent
[NX v22.5.4 Daemon Server] - 2026-03-13T20:56:54.400Z - Received raw message of length 600165
[NX v22.5.4 Daemon Server] - 2026-03-13T20:56:54.402Z - Received json message of type HASH_TASKS
[NX v22.5.4 Daemon Server] - 2026-03-13T20:56:54.402Z - Reusing in-memory cached project graph because no files changed.
DEBUG nx::native::tasks::hash_planner: get_plans_internal COMPLETED in 3.864417ms - processed 1 tasks (setup: 3.566459ms, parallel_planning: 297.917µs)
DEBUG nx::native::tasks::hashers::hash_workspace_files: Hashing workspace fileset with inputs: Adding "14753650797151729951" (".gitignore") to hash
DEBUG nx::native::tasks::hashers::hash_workspace_files: Hashing workspace fileset with inputs: Adding "16727730179561442929" ("nx.json") to hash
DEBUG nx::native::tasks::hashers::hash_workspace_files: Hashing workspace fileset with inputs: Hash Value: "14205410132470996805"
DEBUG nx::native::tasks::task_hasher: hash_plans COMPLETED in 2.383417ms - processed 1 plans (setup: 495.584µs, hashing: 1.88775ms, assembly: 273.708µs)
[NX v22.5.4 Daemon Server] - 2026-03-13T20:56:54.410Z - Serializing response for HASH_TASKS message in json mode
[NX v22.5.4 Daemon Server] - 2026-03-13T20:56:54.410Z - Responding to HASH_TASKS message
[NX v22.5.4 Daemon Server] - 2026-03-13T20:56:54.410Z - [REQUEST]: Responding to the client. handleHashTasks
[NX v22.5.4 Daemon Server] - 2026-03-13T20:56:54.410Z - Done responding to the client handleHashTasks
[NX v22.5.4 Daemon Server] - 2026-03-13T20:56:54.410Z - Handled json message HASH_TASKS. Handling time: 7. Response time: 1.
[NX v22.5.4 Daemon Client] - 2026-03-13T20:56:54.410Z - [Messenger] Received message, length: 81689
[NX v22.5.4 Daemon Client] - 2026-03-13T20:56:54.414Z - [Messenger] Sending message type: HASH_TASKS
[NX v22.5.4 Daemon Client] - 2026-03-13T20:56:54.415Z - [Messenger] Message sent
[NX v22.5.4 Daemon Server] - 2026-03-13T20:56:54.418Z - Received raw message of length 646407
[NX v22.5.4 Daemon Server] - 2026-03-13T20:56:54.421Z - Received json message of type HASH_TASKS
[NX v22.5.4 Daemon Server] - 2026-03-13T20:56:54.421Z - Reusing in-memory cached project graph because no files changed.
DEBUG nx::native::tasks::hash_planner: get_plans_internal COMPLETED in 4.139083ms - processed 1 tasks (setup: 3.817541ms, parallel_planning: 321.417µs)
DEBUG nx::native::tasks::hashers::hash_workspace_files: Hashing workspace fileset with inputs: Adding "14753650797151729951" (".gitignore") to hash
DEBUG nx::native::tasks::hashers::hash_workspace_files: Hashing workspace fileset with inputs: Adding "16727730179561442929" ("nx.json") to hash
DEBUG nx::native::tasks::hashers::hash_workspace_files: Hashing workspace fileset with inputs: Hash Value: "14205410132470996805"
DEBUG nx::native::tasks::task_hasher: hash_plans COMPLETED in 1.897875ms - processed 1 plans (setup: 456.709µs, hashing: 1.440709ms, assembly: 258.459µs)
[NX v22.5.4 Daemon Server] - 2026-03-13T20:56:54.429Z - Serializing response for HASH_TASKS message in json mode
[NX v22.5.4 Daemon Server] - 2026-03-13T20:56:54.429Z - Responding to HASH_TASKS message
[NX v22.5.4 Daemon Server] - 2026-03-13T20:56:54.429Z - [REQUEST]: Responding to the client. handleHashTasks
[NX v22.5.4 Daemon Server] - 2026-03-13T20:56:54.429Z - Done responding to the client handleHashTasks
[NX v22.5.4 Daemon Server] - 2026-03-13T20:56:54.429Z - Handled json message HASH_TASKS. Handling time: 8. Response time: 0.
[NX v22.5.4 Daemon Client] - 2026-03-13T20:56:54.429Z - [Messenger] Received message, length: 81687
[NX v22.5.4 Daemon Client] - 2026-03-13T20:56:54.433Z - [Messenger] Sending message type: HASH_TASKS
[NX v22.5.4 Daemon Client] - 2026-03-13T20:56:54.434Z - [Messenger] Message sent
[NX v22.5.4 Daemon Server] - 2026-03-13T20:56:54.437Z - Received raw message of length 692626
[NX v22.5.4 Daemon Server] - 2026-03-13T20:56:54.440Z - Received json message of type HASH_TASKS
[NX v22.5.4 Daemon Server] - 2026-03-13T20:56:54.440Z - Reusing in-memory cached project graph because no files changed.
DEBUG nx::native::tasks::hash_planner: get_plans_internal COMPLETED in 3.901083ms - processed 1 tasks (setup: 3.61425ms, parallel_planning: 286.708µs)
DEBUG nx::native::tasks::hashers::hash_workspace_files: Hashing workspace fileset with inputs: Adding "14753650797151729951" (".gitignore") to hash
DEBUG nx::native::tasks::hashers::hash_workspace_files: Hashing workspace fileset with inputs: Adding "16727730179561442929" ("nx.json") to hash
DEBUG nx::native::tasks::hashers::hash_workspace_files: Hashing workspace fileset with inputs: Hash Value: "14205410132470996805"
DEBUG nx::native::tasks::task_hasher: hash_plans COMPLETED in 2.009458ms - processed 1 plans (setup: 429.375µs, hashing: 1.579833ms, assembly: 262.75µs)
[NX v22.5.4 Daemon Server] - 2026-03-13T20:56:54.447Z - Serializing response for HASH_TASKS message in json mode
[NX v22.5.4 Daemon Server] - 2026-03-13T20:56:54.448Z - Responding to HASH_TASKS message
[NX v22.5.4 Daemon Server] - 2026-03-13T20:56:54.448Z - [REQUEST]: Responding to the client. handleHashTasks
[NX v22.5.4 Daemon Server] - 2026-03-13T20:56:54.450Z - Done responding to the client handleHashTasks
[NX v22.5.4 Daemon Server] - 2026-03-13T20:56:54.450Z - Handled json message HASH_TASKS. Handling time: 7. Response time: 3.
[NX v22.5.4 Daemon Client] - 2026-03-13T20:56:54.450Z - [Messenger] Received message, length: 81687
[NX v22.5.4 Daemon Client] - 2026-03-13T20:56:54.454Z - [Messenger] Sending message type: HASH_TASKS
[NX v22.5.4 Daemon Client] - 2026-03-13T20:56:54.455Z - [Messenger] Message sent
[NX v22.5.4 Daemon Server] - 2026-03-13T20:56:54.458Z - Received raw message of length 738890
[NX v22.5.4 Daemon Server] - 2026-03-13T20:56:54.460Z - Received json message of type HASH_TASKS
[NX v22.5.4 Daemon Server] - 2026-03-13T20:56:54.460Z - Reusing in-memory cached project graph because no files changed.
DEBUG nx::native::tasks::hash_planner: get_plans_internal COMPLETED in 3.888542ms - processed 1 tasks (setup: 3.691167ms, parallel_planning: 197.167µs)
DEBUG nx::native::tasks::hashers::hash_workspace_files: Hashing workspace fileset with inputs: Adding "14753650797151729951" (".gitignore") to hash
DEBUG nx::native::tasks::hashers::hash_workspace_files: Hashing workspace fileset with inputs: Adding "16727730179561442929" ("nx.json") to hash
DEBUG nx::native::tasks::hashers::hash_workspace_files: Hashing workspace fileset with inputs: Hash Value: "14205410132470996805"
DEBUG nx::native::tasks::task_hasher: hash_plans COMPLETED in 1.236792ms - processed 1 plans (setup: 450.417µs, hashing: 786.333µs, assembly: 179µs)
[NX v22.5.4 Daemon Server] - 2026-03-13T20:56:54.467Z - Serializing response for HASH_TASKS message in json mode
[NX v22.5.4 Daemon Server] - 2026-03-13T20:56:54.467Z - Responding to HASH_TASKS message
[NX v22.5.4 Daemon Server] - 2026-03-13T20:56:54.467Z - [REQUEST]: Responding to the client. handleHashTasks
[NX v22.5.4 Daemon Server] - 2026-03-13T20:56:54.467Z - Done responding to the client handleHashTasks
[NX v22.5.4 Daemon Client] - 2026-03-13T20:56:54.467Z - [Messenger] Received message, length: 47299
[NX v22.5.4 Daemon Server] - 2026-03-13T20:56:54.467Z - Handled json message HASH_TASKS. Handling time: 7. Response time: 0.
[NX v22.5.4 Daemon Client] - 2026-03-13T20:56:54.469Z - [Messenger] Sending message type: HASH_TASKS
[NX v22.5.4 Daemon Client] - 2026-03-13T20:56:54.471Z - [Messenger] Message sent
[NX v22.5.4 Daemon Server] - 2026-03-13T20:56:54.472Z - Received raw message of length 769419
[NX v22.5.4 Daemon Server] - 2026-03-13T20:56:54.475Z - Received json message of type HASH_TASKS
[NX v22.5.4 Daemon Server] - 2026-03-13T20:56:54.475Z - Reusing in-memory cached project graph because no files changed.
DEBUG nx::native::tasks::hash_planner: get_plans_internal COMPLETED in 3.818709ms - processed 1 tasks (setup: 3.553292ms, parallel_planning: 265.375µs)
DEBUG nx::native::tasks::hashers::hash_workspace_files: Hashing workspace fileset with inputs: Adding "14753650797151729951" (".gitignore") to hash
DEBUG nx::native::tasks::hashers::hash_workspace_files: Hashing workspace fileset with inputs: Adding "16727730179561442929" ("nx.json") to hash
DEBUG nx::native::tasks::hashers::hash_workspace_files: Hashing workspace fileset with inputs: Hash Value: "14205410132470996805"
DEBUG nx::native::tasks::task_hasher: hash_plans COMPLETED in 2.222083ms - processed 1 plans (setup: 423.667µs, hashing: 1.798375ms, assembly: 261.75µs)
[NX v22.5.4 Daemon Server] - 2026-03-13T20:56:54.482Z - Serializing response for HASH_TASKS message in json mode
[NX v22.5.4 Daemon Server] - 2026-03-13T20:56:54.483Z - Responding to HASH_TASKS message
[NX v22.5.4 Daemon Server] - 2026-03-13T20:56:54.483Z - [REQUEST]: Responding to the client. handleHashTasks
[NX v22.5.4 Daemon Server] - 2026-03-13T20:56:54.483Z - Done responding to the client handleHashTasks
[NX v22.5.4 Daemon Server] - 2026-03-13T20:56:54.483Z - Handled json message HASH_TASKS. Handling time: 7. Response time: 1.
[NX v22.5.4 Daemon Client] - 2026-03-13T20:56:54.484Z - [Messenger] Received message, length: 76640
[NX v22.5.4 Daemon Client] - 2026-03-13T20:56:54.487Z - [Messenger] Sending message type: HASH_TASKS
[NX v22.5.4 Daemon Client] - 2026-03-13T20:56:54.488Z - [Messenger] Message sent
[NX v22.5.4 Daemon Server] - 2026-03-13T20:56:54.490Z - Received raw message of length 815003
[NX v22.5.4 Daemon Server] - 2026-03-13T20:56:54.493Z - Received json message of type HASH_TASKS
[NX v22.5.4 Daemon Server] - 2026-03-13T20:56:54.493Z - Reusing in-memory cached project graph because no files changed.
DEBUG nx::native::tasks::hash_planner: get_plans_internal COMPLETED in 3.863541ms - processed 1 tasks (setup: 3.784041ms, parallel_planning: 79.292µs)
DEBUG nx::native::tasks::hashers::hash_workspace_files: Hashing workspace fileset with inputs: Adding "14753650797151729951" (".gitignore") to hash
DEBUG nx::native::tasks::hashers::hash_workspace_files: Hashing workspace fileset with inputs: Adding "16727730179561442929" ("nx.json") to hash
DEBUG nx::native::tasks::hashers::hash_workspace_files: Hashing workspace fileset with inputs: Hash Value: "14205410132470996805"
DEBUG nx::native::tasks::task_hasher: hash_plans COMPLETED in 1.085375ms - processed 1 plans (setup: 420.083µs, hashing: 664.791µs, assembly: 89µs)
[NX v22.5.4 Daemon Server] - 2026-03-13T20:56:54.500Z - Serializing response for HASH_TASKS message in json mode
[NX v22.5.4 Daemon Server] - 2026-03-13T20:56:54.500Z - Responding to HASH_TASKS message
[NX v22.5.4 Daemon Server] - 2026-03-13T20:56:54.500Z - [REQUEST]: Responding to the client. handleHashTasks
[NX v22.5.4 Daemon Server] - 2026-03-13T20:56:54.502Z - Done responding to the client handleHashTasks
[NX v22.5.4 Daemon Client] - 2026-03-13T20:56:54.502Z - [Messenger] Received message, length: 27451
[NX v22.5.4 Daemon Server] - 2026-03-13T20:56:54.502Z - Handled json message HASH_TASKS. Handling time: 6. Response time: 3.
[NX v22.5.4 Daemon Client] - 2026-03-13T20:56:54.504Z - [Messenger] Sending message type: HASH_TASKS
[NX v22.5.4 Daemon Client] - 2026-03-13T20:56:54.505Z - [Messenger] Message sent
[NX v22.5.4 Daemon Server] - 2026-03-13T20:56:54.511Z - Received raw message of length 832476
[NX v22.5.4 Daemon Server] - 2026-03-13T20:56:54.515Z - Received json message of type HASH_TASKS
[NX v22.5.4 Daemon Server] - 2026-03-13T20:56:54.515Z - Reusing in-memory cached project graph because no files changed.
DEBUG nx::native::tasks::hash_planner: get_plans_internal COMPLETED in 4.12975ms - processed 1 tasks (setup: 3.781584ms, parallel_planning: 347.834µs)
DEBUG nx::native::tasks::hashers::hash_workspace_files: Hashing workspace fileset with inputs: Adding "14753650797151729951" (".gitignore") to hash
DEBUG nx::native::tasks::hashers::hash_workspace_files: Hashing workspace fileset with inputs: Adding "16727730179561442929" ("nx.json") to hash
DEBUG nx::native::tasks::hashers::hash_workspace_files: Hashing workspace fileset with inputs: Hash Value: "14205410132470996805"
DEBUG nx::native::tasks::task_hasher: hash_plans COMPLETED in 2.275125ms - processed 1 plans (setup: 435.5µs, hashing: 1.839583ms, assembly: 294.416µs)
[NX v22.5.4 Daemon Server] - 2026-03-13T20:56:54.522Z - Serializing response for HASH_TASKS message in json mode
[NX v22.5.4 Daemon Server] - 2026-03-13T20:56:54.523Z - Responding to HASH_TASKS message
[NX v22.5.4 Daemon Server] - 2026-03-13T20:56:54.523Z - [REQUEST]: Responding to the client. handleHashTasks
[NX v22.5.4 Daemon Server] - 2026-03-13T20:56:54.524Z - Done responding to the client handleHashTasks
[NX v22.5.4 Daemon Server] - 2026-03-13T20:56:54.524Z - Handled json message HASH_TASKS. Handling time: 7. Response time: 2.
[NX v22.5.4 Daemon Client] - 2026-03-13T20:56:54.524Z - [Messenger] Received message, length: 94070
[NX v22.5.4 Daemon Client] - 2026-03-13T20:56:54.527Z - [Messenger] Sending message type: HASH_TASKS
[NX v22.5.4 Daemon Client] - 2026-03-13T20:56:54.529Z - [Messenger] Message sent
[NX v22.5.4 Daemon Server] - 2026-03-13T20:56:54.531Z - Received raw message of length 881633
[NX v22.5.4 Daemon Server] - 2026-03-13T20:56:54.535Z - Received json message of type HASH_TASKS
[NX v22.5.4 Daemon Server] - 2026-03-13T20:56:54.535Z - Reusing in-memory cached project graph because no files changed.
DEBUG nx::native::tasks::hash_planner: get_plans_internal COMPLETED in 3.995292ms - processed 1 tasks (setup: 3.655ms, parallel_planning: 339.958µs)
DEBUG nx::native::tasks::hashers::hash_workspace_files: Hashing workspace fileset with inputs: Adding "14753650797151729951" (".gitignore") to hash
DEBUG nx::native::tasks::hashers::hash_workspace_files: Hashing workspace fileset with inputs: Adding "16727730179561442929" ("nx.json") to hash
DEBUG nx::native::tasks::hashers::hash_workspace_files: Hashing workspace fileset with inputs: Hash Value: "14205410132470996805"
DEBUG nx::native::tasks::task_hasher: hash_plans COMPLETED in 2.063167ms - processed 1 plans (setup: 425.834µs, hashing: 1.637083ms, assembly: 258.166µs)
[NX v22.5.4 Daemon Server] - 2026-03-13T20:56:54.542Z - Serializing response for HASH_TASKS message in json mode
[NX v22.5.4 Daemon Server] - 2026-03-13T20:56:54.542Z - Responding to HASH_TASKS message
[NX v22.5.4 Daemon Server] - 2026-03-13T20:56:54.542Z - [REQUEST]: Responding to the client. handleHashTasks
[NX v22.5.4 Daemon Server] - 2026-03-13T20:56:54.544Z - Done responding to the client handleHashTasks
[NX v22.5.4 Daemon Server] - 2026-03-13T20:56:54.544Z - Handled json message HASH_TASKS. Handling time: 7. Response time: 2.
[NX v22.5.4 Daemon Client] - 2026-03-13T20:56:54.544Z - [Messenger] Received message, length: 78568
[NX v22.5.4 Daemon Client] - 2026-03-13T20:56:54.548Z - [Messenger] Sending message type: HASH_TASKS
[NX v22.5.4 Daemon Client] - 2026-03-13T20:56:54.549Z - [Messenger] Message sent
[NX v22.5.4 Daemon Server] - 2026-03-13T20:56:54.552Z - Received raw message of length 927736
[NX v22.5.4 Daemon Server] - 2026-03-13T20:56:54.555Z - Received json message of type HASH_TASKS
[NX v22.5.4 Daemon Server] - 2026-03-13T20:56:54.556Z - Reusing in-memory cached project graph because no files changed.
DEBUG nx::native::tasks::hash_planner: get_plans_internal COMPLETED in 4.145625ms - processed 1 tasks (setup: 3.819667ms, parallel_planning: 325.75µs)
DEBUG nx::native::tasks::hashers::hash_workspace_files: Hashing workspace fileset with inputs: Adding "14753650797151729951" (".gitignore") to hash
DEBUG nx::native::tasks::hashers::hash_workspace_files: Hashing workspace fileset with inputs: Adding "16727730179561442929" ("nx.json") to hash
DEBUG nx::native::tasks::hashers::hash_workspace_files: Hashing workspace fileset with inputs: Hash Value: "14205410132470996805"
DEBUG nx::native::tasks::task_hasher: hash_plans COMPLETED in 2.346125ms - processed 1 plans (setup: 396.667µs, hashing: 1.949417ms, assembly: 305.625µs)
[NX v22.5.4 Daemon Server] - 2026-03-13T20:56:54.563Z - Serializing response for HASH_TASKS message in json mode
[NX v22.5.4 Daemon Server] - 2026-03-13T20:56:54.564Z - Responding to HASH_TASKS message
[NX v22.5.4 Daemon Server] - 2026-03-13T20:56:54.564Z - [REQUEST]: Responding to the client. handleHashTasks
[NX v22.5.4 Daemon Server] - 2026-03-13T20:56:54.564Z - Done responding to the client handleHashTasks
[NX v22.5.4 Daemon Server] - 2026-03-13T20:56:54.564Z - Handled json message HASH_TASKS. Handling time: 8. Response time: 1.
[NX v22.5.4 Daemon Client] - 2026-03-13T20:56:54.564Z - [Messenger] Received message, length: 97736
[NX v22.5.4 Daemon Client] - 2026-03-13T20:56:54.568Z - [Messenger] Sending message type: HASH_TASKS
[NX v22.5.4 Daemon Client] - 2026-03-13T20:56:54.570Z - [Messenger] Message sent
[NX v22.5.4 Daemon Server] - 2026-03-13T20:56:54.572Z - Received raw message of length 977093
[NX v22.5.4 Daemon Server] - 2026-03-13T20:56:54.576Z - Received json message of type HASH_TASKS
[NX v22.5.4 Daemon Server] - 2026-03-13T20:56:54.576Z - Reusing in-memory cached project graph because no files changed.
DEBUG nx::native::tasks::hash_planner: get_plans_internal COMPLETED in 4.054875ms - processed 1 tasks (setup: 3.667167ms, parallel_planning: 387.625µs)
DEBUG nx::native::tasks::hashers::hash_workspace_files: Hashing workspace fileset with inputs: Adding "14753650797151729951" (".gitignore") to hash
DEBUG nx::native::tasks::hashers::hash_workspace_files: Hashing workspace fileset with inputs: Adding "16727730179561442929" ("nx.json") to hash
DEBUG nx::native::tasks::hashers::hash_workspace_files: Hashing workspace fileset with inputs: Hash Value: "14205410132470996805"
DEBUG nx::native::tasks::task_hasher: hash_plans COMPLETED in 1.923834ms - processed 1 plans (setup: 433µs, hashing: 1.490792ms, assembly: 292.667µs)
[NX v22.5.4 Daemon Server] - 2026-03-13T20:56:54.585Z - Serializing response for HASH_TASKS message in json mode
[NX v22.5.4 Daemon Server] - 2026-03-13T20:56:54.585Z - Responding to HASH_TASKS message
[NX v22.5.4 Daemon Server] - 2026-03-13T20:56:54.585Z - [REQUEST]: Responding to the client. handleHashTasks
[NX v22.5.4 Daemon Server] - 2026-03-13T20:56:54.587Z - Done responding to the client handleHashTasks
[NX v22.5.4 Daemon Server] - 2026-03-13T20:56:54.587Z - Handled json message HASH_TASKS. Handling time: 9. Response time: 2.
[NX v22.5.4 Daemon Client] - 2026-03-13T20:56:54.587Z - [Messenger] Received message, length: 97227
[NX v22.5.4 Daemon Client] - 2026-03-13T20:56:54.591Z - [Messenger] Sending message type: HASH_TASKS
[NX v22.5.4 Daemon Client] - 2026-03-13T20:56:54.593Z - [Messenger] Message sent
[NX v22.5.4 Daemon Server] - 2026-03-13T20:56:54.596Z - Received raw message of length 1026532
[NX v22.5.4 Daemon Server] - 2026-03-13T20:56:54.600Z - Received json message of type HASH_TASKS
[NX v22.5.4 Daemon Server] - 2026-03-13T20:56:54.600Z - Reusing in-memory cached project graph because no files changed.
DEBUG nx::native::tasks::hash_planner: get_plans_internal COMPLETED in 3.733458ms - processed 1 tasks (setup: 3.408ms, parallel_planning: 325.375µs)
DEBUG nx::native::tasks::hashers::hash_workspace_files: Hashing workspace fileset with inputs: Adding "14753650797151729951" (".gitignore") to hash
DEBUG nx::native::tasks::hashers::hash_workspace_files: Hashing workspace fileset with inputs: Adding "16727730179561442929" ("nx.json") to hash
DEBUG nx::native::tasks::hashers::hash_workspace_files: Hashing workspace fileset with inputs: Hash Value: "14205410132470996805"
DEBUG nx::native::tasks::task_hasher: hash_plans COMPLETED in 2.099167ms - processed 1 plans (setup: 388.167µs, hashing: 1.71075ms, assembly: 292.084µs)
[NX v22.5.4 Daemon Server] - 2026-03-13T20:56:54.607Z - Serializing response for HASH_TASKS message in json mode
[NX v22.5.4 Daemon Server] - 2026-03-13T20:56:54.607Z - Responding to HASH_TASKS message
[NX v22.5.4 Daemon Server] - 2026-03-13T20:56:54.607Z - [REQUEST]: Responding to the client. handleHashTasks
[NX v22.5.4 Daemon Server] - 2026-03-13T20:56:54.608Z - Done responding to the client handleHashTasks
[NX v22.5.4 Daemon Server] - 2026-03-13T20:56:54.608Z - Handled json message HASH_TASKS. Handling time: 7. Response time: 1.
[NX v22.5.4 Daemon Client] - 2026-03-13T20:56:54.608Z - [Messenger] Received message, length: 93174
[NX v22.5.4 Daemon Client] - 2026-03-13T20:56:54.612Z - [Messenger] Sending message type: HASH_TASKS
[NX v22.5.4 Daemon Client] - 2026-03-13T20:56:54.614Z - [Messenger] Message sent
[NX v22.5.4 Daemon Server] - 2026-03-13T20:56:54.616Z - Received raw message of length 1075442
[NX v22.5.4 Daemon Server] - 2026-03-13T20:56:54.621Z - Received json message of type HASH_TASKS
[NX v22.5.4 Daemon Server] - 2026-03-13T20:56:54.621Z - Reusing in-memory cached project graph because no files changed.
DEBUG nx::native::tasks::hash_planner: get_plans_internal COMPLETED in 3.854792ms - processed 1 tasks (setup: 3.509708ms, parallel_planning: 345µs)
DEBUG nx::native::tasks::hashers::hash_workspace_files: Hashing workspace fileset with inputs: Adding "14753650797151729951" (".gitignore") to hash
DEBUG nx::native::tasks::hashers::hash_workspace_files: Hashing workspace fileset with inputs: Adding "16727730179561442929" ("nx.json") to hash
DEBUG nx::native::tasks::hashers::hash_workspace_files: Hashing workspace fileset with inputs: Hash Value: "14205410132470996805"
DEBUG nx::native::tasks::task_hasher: hash_plans COMPLETED in 2.333166ms - processed 1 plans (setup: 449.125µs, hashing: 1.883792ms, assembly: 314.625µs)
[NX v22.5.4 Daemon Server] - 2026-03-13T20:56:54.628Z - Serializing response for HASH_TASKS message in json mode
[NX v22.5.4 Daemon Server] - 2026-03-13T20:56:54.629Z - Responding to HASH_TASKS message
[NX v22.5.4 Daemon Server] - 2026-03-13T20:56:54.629Z - [REQUEST]: Responding to the client. handleHashTasks
[NX v22.5.4 Daemon Server] - 2026-03-13T20:56:54.629Z - Done responding to the client handleHashTasks
[NX v22.5.4 Daemon Client] - 2026-03-13T20:56:54.629Z - [Messenger] Received message, length: 93224
[NX v22.5.4 Daemon Server] - 2026-03-13T20:56:54.629Z - Handled json message HASH_TASKS. Handling time: 7. Response time: 1.
[NX v22.5.4 Daemon Client] - 2026-03-13T20:56:54.633Z - [Messenger] Sending message type: HASH_TASKS
[NX v22.5.4 Daemon Client] - 2026-03-13T20:56:54.635Z - [Messenger] Message sent
[NX v22.5.4 Daemon Server] - 2026-03-13T20:56:54.638Z - Received raw message of length 1124349
[NX v22.5.4 Daemon Server] - 2026-03-13T20:56:54.642Z - Received json message of type HASH_TASKS
[NX v22.5.4 Daemon Server] - 2026-03-13T20:56:54.642Z - Reusing in-memory cached project graph because no files changed.
DEBUG nx::native::tasks::hash_planner: get_plans_internal COMPLETED in 4.004083ms - processed 1 tasks (setup: 3.650042ms, parallel_planning: 353.708µs)
DEBUG nx::native::tasks::hashers::hash_workspace_files: Hashing workspace fileset with inputs: Adding "14753650797151729951" (".gitignore") to hash
DEBUG nx::native::tasks::hashers::hash_workspace_files: Hashing workspace fileset with inputs: Adding "16727730179561442929" ("nx.json") to hash
DEBUG nx::native::tasks::hashers::hash_workspace_files: Hashing workspace fileset with inputs: Hash Value: "14205410132470996805"
DEBUG nx::native::tasks::task_hasher: hash_plans COMPLETED in 1.719791ms - processed 1 plans (setup: 402.75µs, hashing: 1.31675ms, assembly: 305.042µs)
[NX v22.5.4 Daemon Server] - 2026-03-13T20:56:54.649Z - Serializing response for HASH_TASKS message in json mode
[NX v22.5.4 Daemon Server] - 2026-03-13T20:56:54.649Z - Responding to HASH_TASKS message
[NX v22.5.4 Daemon Server] - 2026-03-13T20:56:54.649Z - [REQUEST]: Responding to the client. handleHashTasks
[NX v22.5.4 Daemon Client] - 2026-03-13T20:56:54.650Z - [Messenger] Received message, length: 93108
[NX v22.5.4 Daemon Server] - 2026-03-13T20:56:54.650Z - Done responding to the client handleHashTasks
[NX v22.5.4 Daemon Server] - 2026-03-13T20:56:54.650Z - Handled json message HASH_TASKS. Handling time: 7. Response time: 1.
[NX v22.5.4 Daemon Client] - 2026-03-13T20:56:54.654Z - [Messenger] Sending message type: HASH_TASKS
[NX v22.5.4 Daemon Client] - 2026-03-13T20:56:54.656Z - [Messenger] Message sent
[NX v22.5.4 Daemon Server] - 2026-03-13T20:56:54.659Z - Received raw message of length 1173247
[NX v22.5.4 Daemon Server] - 2026-03-13T20:56:54.663Z - Received json message of type HASH_TASKS
[NX v22.5.4 Daemon Server] - 2026-03-13T20:56:54.664Z - Reusing in-memory cached project graph because no files changed.
DEBUG nx::native::tasks::hash_planner: get_plans_internal COMPLETED in 3.891042ms - processed 1 tasks (setup: 3.5595ms, parallel_planning: 331.5µs)
DEBUG nx::native::tasks::hashers::hash_workspace_files: Hashing workspace fileset with inputs: Adding "14753650797151729951" (".gitignore") to hash
DEBUG nx::native::tasks::hashers::hash_workspace_files: Hashing workspace fileset with inputs: Adding "16727730179561442929" ("nx.json") to hash
DEBUG nx::native::tasks::hashers::hash_workspace_files: Hashing workspace fileset with inputs: Hash Value: "14205410132470996805"
DEBUG nx::native::tasks::task_hasher: hash_plans COMPLETED in 2.308917ms - processed 1 plans (setup: 461.417µs, hashing: 1.847417ms, assembly: 313.458µs)
[NX v22.5.4 Daemon Server] - 2026-03-13T20:56:54.671Z - Serializing response for HASH_TASKS message in json mode
[NX v22.5.4 Daemon Server] - 2026-03-13T20:56:54.671Z - Responding to HASH_TASKS message
[NX v22.5.4 Daemon Server] - 2026-03-13T20:56:54.671Z - [REQUEST]: Responding to the client. handleHashTasks
[NX v22.5.4 Daemon Server] - 2026-03-13T20:56:54.673Z - Done responding to the client handleHashTasks
[NX v22.5.4 Daemon Server] - 2026-03-13T20:56:54.673Z - Handled json message HASH_TASKS. Handling time: 8. Response time: 2.
[NX v22.5.4 Daemon Client] - 2026-03-13T20:56:54.673Z - [Messenger] Received message, length: 92971
[NX v22.5.4 Daemon Client] - 2026-03-13T20:56:54.678Z - [Messenger] Sending message type: HASH_TASKS
[NX v22.5.4 Daemon Client] - 2026-03-13T20:56:54.680Z - [Messenger] Message sent
[NX v22.5.4 Daemon Server] - 2026-03-13T20:56:54.683Z - Received raw message of length 1222172
[NX v22.5.4 Daemon Server] - 2026-03-13T20:56:54.687Z - Received json message of type HASH_TASKS
[NX v22.5.4 Daemon Server] - 2026-03-13T20:56:54.687Z - Reusing in-memory cached project graph because no files changed.
DEBUG nx::native::tasks::hash_planner: get_plans_internal COMPLETED in 3.760667ms - processed 1 tasks (setup: 3.443792ms, parallel_planning: 316.833µs)
DEBUG nx::native::tasks::hashers::hash_workspace_files: Hashing workspace fileset with inputs: Adding "14753650797151729951" (".gitignore") to hash
DEBUG nx::native::tasks::hashers::hash_workspace_files: Hashing workspace fileset with inputs: Adding "16727730179561442929" ("nx.json") to hash
DEBUG nx::native::tasks::hashers::hash_workspace_files: Hashing workspace fileset with inputs: Hash Value: "14205410132470996805"
DEBUG nx::native::tasks::task_hasher: hash_plans COMPLETED in 1.845041ms - processed 1 plans (setup: 439.25µs, hashing: 1.405584ms, assembly: 290.542µs)
[NX v22.5.4 Daemon Server] - 2026-03-13T20:56:54.694Z - Serializing response for HASH_TASKS message in json mode
[NX v22.5.4 Daemon Server] - 2026-03-13T20:56:54.694Z - Responding to HASH_TASKS message
[NX v22.5.4 Daemon Server] - 2026-03-13T20:56:54.694Z - [REQUEST]: Responding to the client. handleHashTasks
[NX v22.5.4 Daemon Server] - 2026-03-13T20:56:54.695Z - Done responding to the client handleHashTasks
[NX v22.5.4 Daemon Server] - 2026-03-13T20:56:54.695Z - Handled json message HASH_TASKS. Handling time: 7. Response time: 1.
[NX v22.5.4 Daemon Client] - 2026-03-13T20:56:54.695Z - [Messenger] Received message, length: 93651
[NX v22.5.4 Daemon Client] - 2026-03-13T20:56:54.699Z - [Messenger] Sending message type: HASH_TASKS
[NX v22.5.4 Daemon Client] - 2026-03-13T20:56:54.701Z - [Messenger] Message sent
[NX v22.5.4 Daemon Server] - 2026-03-13T20:56:54.704Z - Received raw message of length 1271083
[NX v22.5.4 Daemon Server] - 2026-03-13T20:56:54.708Z - Received json message of type HASH_TASKS
[NX v22.5.4 Daemon Server] - 2026-03-13T20:56:54.709Z - Reusing in-memory cached project graph because no files changed.
DEBUG nx::native::tasks::hash_planner: get_plans_internal COMPLETED in 3.982417ms - processed 1 tasks (setup: 3.641625ms, parallel_planning: 340.666µs)
DEBUG nx::native::tasks::hashers::hash_workspace_files: Hashing workspace fileset with inputs: Adding "14753650797151729951" (".gitignore") to hash
DEBUG nx::native::tasks::hashers::hash_workspace_files: Hashing workspace fileset with inputs: Adding "16727730179561442929" ("nx.json") to hash
DEBUG nx::native::tasks::hashers::hash_workspace_files: Hashing workspace fileset with inputs: Hash Value: "14205410132470996805"
DEBUG nx::native::tasks::task_hasher: hash_plans COMPLETED in 2.112875ms - processed 1 plans (setup: 435.333µs, hashing: 1.67725ms, assembly: 293.25µs)
[NX v22.5.4 Daemon Server] - 2026-03-13T20:56:54.716Z - Serializing response for HASH_TASKS message in json mode
[NX v22.5.4 Daemon Server] - 2026-03-13T20:56:54.716Z - Responding to HASH_TASKS message
[NX v22.5.4 Daemon Server] - 2026-03-13T20:56:54.716Z - [REQUEST]: Responding to the client. handleHashTasks
[NX v22.5.4 Daemon Server] - 2026-03-13T20:56:54.717Z - Done responding to the client handleHashTasks
[NX v22.5.4 Daemon Server] - 2026-03-13T20:56:54.717Z - Handled json message HASH_TASKS. Handling time: 8. Response time: 1.
[NX v22.5.4 Daemon Client] - 2026-03-13T20:56:54.717Z - [Messenger] Received message, length: 92524
[NX v22.5.4 Daemon Client] - 2026-03-13T20:56:54.721Z - [Messenger] Sending message type: HASH_TASKS
[NX v22.5.4 Daemon Client] - 2026-03-13T20:56:54.723Z - [Messenger] Message sent
[NX v22.5.4 Daemon Server] - 2026-03-13T20:56:54.728Z - Received raw message of length 1320052
[NX v22.5.4 Daemon Server] - 2026-03-13T20:56:54.733Z - Received json message of type HASH_TASKS
[NX v22.5.4 Daemon Server] - 2026-03-13T20:56:54.733Z - Reusing in-memory cached project graph because no files changed.
DEBUG nx::native::tasks::hash_planner: get_plans_internal COMPLETED in 3.758541ms - processed 1 tasks (setup: 3.424458ms, parallel_planning: 333.834µs)
DEBUG nx::native::tasks::hashers::hash_workspace_files: Hashing workspace fileset with inputs: Adding "14753650797151729951" (".gitignore") to hash
DEBUG nx::native::tasks::hashers::hash_workspace_files: Hashing workspace fileset with inputs: Adding "16727730179561442929" ("nx.json") to hash
DEBUG nx::native::tasks::hashers::hash_workspace_files: Hashing workspace fileset with inputs: Hash Value: "14205410132470996805"
DEBUG nx::native::tasks::task_hasher: hash_plans COMPLETED in 1.9575ms - processed 1 plans (setup: 392.584µs, hashing: 1.564709ms, assembly: 298.833µs)
[NX v22.5.4 Daemon Server] - 2026-03-13T20:56:54.740Z - Serializing response for HASH_TASKS message in json mode
[NX v22.5.4 Daemon Server] - 2026-03-13T20:56:54.740Z - Responding to HASH_TASKS message
[NX v22.5.4 Daemon Server] - 2026-03-13T20:56:54.740Z - [REQUEST]: Responding to the client. handleHashTasks
[NX v22.5.4 Daemon Server] - 2026-03-13T20:56:54.742Z - Done responding to the client handleHashTasks
[NX v22.5.4 Daemon Client] - 2026-03-13T20:56:54.742Z - [Messenger] Received message, length: 92510
[NX v22.5.4 Daemon Server] - 2026-03-13T20:56:54.742Z - Handled json message HASH_TASKS. Handling time: 7. Response time: 2.
[NX v22.5.4 Daemon Client] - 2026-03-13T20:56:54.745Z - [Messenger] Sending message type: HASH_TASKS
[NX v22.5.4 Daemon Client] - 2026-03-13T20:56:54.748Z - [Messenger] Message sent
[NX v22.5.4 Daemon Server] - 2026-03-13T20:56:54.751Z - Received raw message of length 1368960
[NX v22.5.4 Daemon Server] - 2026-03-13T20:56:54.756Z - Received json message of type HASH_TASKS
[NX v22.5.4 Daemon Server] - 2026-03-13T20:56:54.756Z - Reusing in-memory cached project graph because no files changed.
DEBUG nx::native::tasks::hash_planner: get_plans_internal COMPLETED in 4.065291ms - processed 1 tasks (setup: 3.684458ms, parallel_planning: 380.625µs)
DEBUG nx::native::tasks::hashers::hash_workspace_files: Hashing workspace fileset with inputs: Adding "14753650797151729951" (".gitignore") to hash
DEBUG nx::native::tasks::hashers::hash_workspace_files: Hashing workspace fileset with inputs: Adding "16727730179561442929" ("nx.json") to hash
DEBUG nx::native::tasks::hashers::hash_workspace_files: Hashing workspace fileset with inputs: Hash Value: "14205410132470996805"
DEBUG nx::native::tasks::task_hasher: hash_plans COMPLETED in 1.86425ms - processed 1 plans (setup: 446.458µs, hashing: 1.41775ms, assembly: 291.125µs)
[NX v22.5.4 Daemon Server] - 2026-03-13T20:56:54.763Z - Serializing response for HASH_TASKS message in json mode
[NX v22.5.4 Daemon Server] - 2026-03-13T20:56:54.764Z - Responding to HASH_TASKS message
[NX v22.5.4 Daemon Server] - 2026-03-13T20:56:54.764Z - [REQUEST]: Responding to the client. handleHashTasks
[NX v22.5.4 Daemon Server] - 2026-03-13T20:56:54.764Z - Done responding to the client handleHashTasks
[NX v22.5.4 Daemon Server] - 2026-03-13T20:56:54.764Z - Handled json message HASH_TASKS. Handling time: 7. Response time: 1.
[NX v22.5.4 Daemon Client] - 2026-03-13T20:56:54.764Z - [Messenger] Received message, length: 92211
[NX v22.5.4 Daemon Client] - 2026-03-13T20:56:54.768Z - [Messenger] Sending message type: HASH_TASKS
[NX v22.5.4 Daemon Client] - 2026-03-13T20:56:54.770Z - [Messenger] Message sent
[NX v22.5.4 Daemon Server] - 2026-03-13T20:56:54.774Z - Received raw message of length 1417871
[NX v22.5.4 Daemon Server] - 2026-03-13T20:56:54.780Z - Received json message of type HASH_TASKS
[NX v22.5.4 Daemon Server] - 2026-03-13T20:56:54.780Z - Reusing in-memory cached project graph because no files changed.
DEBUG nx::native::tasks::hash_planner: get_plans_internal COMPLETED in 4.134917ms - processed 1 tasks (setup: 3.760625ms, parallel_planning: 374.208µs)
DEBUG nx::native::tasks::hashers::hash_workspace_files: Hashing workspace fileset with inputs: Adding "14753650797151729951" (".gitignore") to hash
DEBUG nx::native::tasks::hashers::hash_workspace_files: Hashing workspace fileset with inputs: Adding "16727730179561442929" ("nx.json") to hash
DEBUG nx::native::tasks::hashers::hash_workspace_files: Hashing workspace fileset with inputs: Hash Value: "14205410132470996805"
DEBUG nx::native::tasks::task_hasher: hash_plans COMPLETED in 2.03575ms - processed 1 plans (setup: 445.583µs, hashing: 1.59ms, assembly: 374.209µs)
[NX v22.5.4 Daemon Server] - 2026-03-13T20:56:54.787Z - Serializing response for HASH_TASKS message in json mode
[NX v22.5.4 Daemon Server] - 2026-03-13T20:56:54.787Z - Responding to HASH_TASKS message
[NX v22.5.4 Daemon Server] - 2026-03-13T20:56:54.787Z - [REQUEST]: Responding to the client. handleHashTasks
[NX v22.5.4 Daemon Server] - 2026-03-13T20:56:54.788Z - Done responding to the client handleHashTasks
[NX v22.5.4 Daemon Client] - 2026-03-13T20:56:54.788Z - [Messenger] Received message, length: 126376
[NX v22.5.4 Daemon Server] - 2026-03-13T20:56:54.788Z - Handled json message HASH_TASKS. Handling time: 7. Response time: 1.
[NX v22.5.4 Daemon Client] - 2026-03-13T20:56:54.792Z - [Messenger] Sending message type: HASH_TASKS
[NX v22.5.4 Daemon Client] - 2026-03-13T20:56:54.794Z - [Messenger] Message sent
[NX v22.5.4 Daemon Server] - 2026-03-13T20:56:54.797Z - Received raw message of length 1469711
[NX v22.5.4 Daemon Server] - 2026-03-13T20:56:54.803Z - Received json message of type HASH_TASKS
[NX v22.5.4 Daemon Server] - 2026-03-13T20:56:54.803Z - Reusing in-memory cached project graph because no files changed.
DEBUG nx::native::tasks::hash_planner: get_plans_internal COMPLETED in 3.90975ms - processed 1 tasks (setup: 3.491666ms, parallel_planning: 417.708µs)
DEBUG nx::native::tasks::hashers::hash_workspace_files: Hashing workspace fileset with inputs: Adding "14753650797151729951" (".gitignore") to hash
DEBUG nx::native::tasks::hashers::hash_workspace_files: Hashing workspace fileset with inputs: Adding "16727730179561442929" ("nx.json") to hash
DEBUG nx::native::tasks::hashers::hash_workspace_files: Hashing workspace fileset with inputs: Hash Value: "14205410132470996805"
DEBUG nx::native::tasks::task_hasher: hash_plans COMPLETED in 2.20975ms - processed 1 plans (setup: 413.417µs, hashing: 1.796291ms, assembly: 298.542µs)
[NX v22.5.4 Daemon Server] - 2026-03-13T20:56:54.810Z - Serializing response for HASH_TASKS message in json mode
[NX v22.5.4 Daemon Server] - 2026-03-13T20:56:54.810Z - Responding to HASH_TASKS message
[NX v22.5.4 Daemon Server] - 2026-03-13T20:56:54.810Z - [REQUEST]: Responding to the client. handleHashTasks
[NX v22.5.4 Daemon Server] - 2026-03-13T20:56:54.811Z - Done responding to the client handleHashTasks
[NX v22.5.4 Daemon Server] - 2026-03-13T20:56:54.811Z - Handled json message HASH_TASKS. Handling time: 7. Response time: 1.
[NX v22.5.4 Daemon Client] - 2026-03-13T20:56:54.811Z - [Messenger] Received message, length: 95773
[NX v22.5.4 Daemon Client] - 2026-03-13T20:56:54.815Z - [Messenger] Sending message type: HASH_TASKS
[NX v22.5.4 Daemon Client] - 2026-03-13T20:56:54.817Z - [Messenger] Message sent
[NX v22.5.4 Daemon Server] - 2026-03-13T20:56:54.820Z - Received raw message of length 1519112
[NX v22.5.4 Daemon Server] - 2026-03-13T20:56:54.825Z - Received json message of type HASH_TASKS
[NX v22.5.4 Daemon Server] - 2026-03-13T20:56:54.825Z - Reusing in-memory cached project graph because no files changed.
DEBUG nx::native::tasks::hash_planner: get_plans_internal COMPLETED in 3.94075ms - processed 1 tasks (setup: 3.576917ms, parallel_planning: 363.542µs)
DEBUG nx::native::tasks::hashers::hash_workspace_files: Hashing workspace fileset with inputs: Adding "14753650797151729951" (".gitignore") to hash
DEBUG nx::native::tasks::hashers::hash_workspace_files: Hashing workspace fileset with inputs: Adding "16727730179561442929" ("nx.json") to hash
DEBUG nx::native::tasks::hashers::hash_workspace_files: Hashing workspace fileset with inputs: Hash Value: "14205410132470996805"
DEBUG nx::native::tasks::task_hasher: hash_plans COMPLETED in 2.079375ms - processed 1 plans (setup: 428.167µs, hashing: 1.651125ms, assembly: 288.875µs)
[NX v22.5.4 Daemon Server] - 2026-03-13T20:56:54.832Z - Serializing response for HASH_TASKS message in json mode
[NX v22.5.4 Daemon Server] - 2026-03-13T20:56:54.832Z - Responding to HASH_TASKS message
[NX v22.5.4 Daemon Server] - 2026-03-13T20:56:54.832Z - [REQUEST]: Responding to the client. handleHashTasks
[NX v22.5.4 Daemon Server] - 2026-03-13T20:56:54.833Z - Done responding to the client handleHashTasks
[NX v22.5.4 Daemon Server] - 2026-03-13T20:56:54.833Z - Handled json message HASH_TASKS. Handling time: 7. Response time: 1.
[NX v22.5.4 Daemon Client] - 2026-03-13T20:56:54.833Z - [Messenger] Received message, length: 91399
[NX v22.5.4 Daemon Client] - 2026-03-13T20:56:54.837Z - [Messenger] Sending message type: HASH_TASKS
[NX v22.5.4 Daemon Client] - 2026-03-13T20:56:54.840Z - [Messenger] Message sent
[NX v22.5.4 Daemon Server] - 2026-03-13T20:56:54.842Z - Received raw message of length 1567969
[NX v22.5.4 Daemon Server] - 2026-03-13T20:56:54.848Z - Received json message of type HASH_TASKS
[NX v22.5.4 Daemon Server] - 2026-03-13T20:56:54.848Z - Reusing in-memory cached project graph because no files changed.
DEBUG nx::native::tasks::hash_planner: get_plans_internal COMPLETED in 4.420459ms - processed 1 tasks (setup: 3.717459ms, parallel_planning: 702.875µs)
DEBUG nx::native::tasks::hashers::hash_workspace_files: Hashing workspace fileset with inputs: Adding "14753650797151729951" (".gitignore") to hash
DEBUG nx::native::tasks::hashers::hash_workspace_files: Hashing workspace fileset with inputs: Adding "16727730179561442929" ("nx.json") to hash
DEBUG nx::native::tasks::hashers::hash_workspace_files: Hashing workspace fileset with inputs: Hash Value: "14205410132470996805"
DEBUG nx::native::tasks::task_hasher: hash_plans COMPLETED in 2.976958ms - processed 1 plans (setup: 401.083µs, hashing: 2.575833ms, assembly: 545.5µs)
[NX v22.5.4 Daemon Server] - 2026-03-13T20:56:54.857Z - Serializing response for HASH_TASKS message in json mode
[NX v22.5.4 Daemon Server] - 2026-03-13T20:56:54.857Z - Responding to HASH_TASKS message
[NX v22.5.4 Daemon Server] - 2026-03-13T20:56:54.857Z - [REQUEST]: Responding to the client. handleHashTasks
[NX v22.5.4 Daemon Server] - 2026-03-13T20:56:54.860Z - Done responding to the client handleHashTasks
[NX v22.5.4 Daemon Server] - 2026-03-13T20:56:54.860Z - Handled json message HASH_TASKS. Handling time: 9. Response time: 3.
[NX v22.5.4 Daemon Client] - 2026-03-13T20:56:54.860Z - [Messenger] Received message, length: 181820
[NX v22.5.4 Daemon Client] - 2026-03-13T20:56:54.862Z - [Messenger] Sending message type: HASH_TASKS
[NX v22.5.4 Daemon Client] - 2026-03-13T20:56:54.865Z - [Messenger] Message sent
[NX v22.5.4 Daemon Server] - 2026-03-13T20:56:54.868Z - Received raw message of length 1647119
[NX v22.5.4 Daemon Server] - 2026-03-13T20:56:54.874Z - Received json message of type HASH_TASKS
[NX v22.5.4 Daemon Server] - 2026-03-13T20:56:54.874Z - Reusing in-memory cached project graph because no files changed.
DEBUG nx::native::tasks::hash_planner: get_plans_internal COMPLETED in 5.717583ms - processed 1 tasks (setup: 3.733333ms, parallel_planning: 1.984042ms)
DEBUG nx::native::tasks::hashers::hash_workspace_files: Hashing workspace fileset with inputs: Adding "14753650797151729951" (".gitignore") to hash
DEBUG nx::native::tasks::hashers::hash_workspace_files: Hashing workspace fileset with inputs: Adding "16727730179561442929" ("nx.json") to hash
DEBUG nx::native::tasks::hashers::hash_workspace_files: Hashing workspace fileset with inputs: Hash Value: "14205410132470996805"
DEBUG nx::native::tasks::task_hasher: hash_plans COMPLETED in 3.671958ms - processed 1 plans (setup: 463µs, hashing: 3.208791ms, assembly: 620.166µs)
[NX v22.5.4 Daemon Server] - 2026-03-13T20:56:54.885Z - Serializing response for HASH_TASKS message in json mode
[NX v22.5.4 Daemon Server] - 2026-03-13T20:56:54.886Z - Responding to HASH_TASKS message
[NX v22.5.4 Daemon Server] - 2026-03-13T20:56:54.886Z - [REQUEST]: Responding to the client. handleHashTasks
[NX v22.5.4 Daemon Server] - 2026-03-13T20:56:54.888Z - Done responding to the client handleHashTasks
[NX v22.5.4 Daemon Server] - 2026-03-13T20:56:54.888Z - Handled json message HASH_TASKS. Handling time: 11. Response time: 3.
[NX v22.5.4 Daemon Client] - 2026-03-13T20:56:54.888Z - [Messenger] Received message, length: 186325
[NX v22.5.4 Daemon Client] - 2026-03-13T20:56:56.439Z - [Messenger] Sending message type: RECORD_OUTPUTS_HASH
[NX v22.5.4 Daemon Client] - 2026-03-13T20:56:56.440Z - [Messenger] Message sent
[NX v22.5.4 Daemon Server] - 2026-03-13T20:56:56.440Z - Received raw message of length 81
[NX v22.5.4 Daemon Server] - 2026-03-13T20:56:56.440Z - Received json message of type RECORD_OUTPUTS_HASH
[NX v22.5.4 Daemon Server] - 2026-03-13T20:56:56.440Z - Serializing response for RECORD_OUTPUTS_HASH message in json mode
[NX v22.5.4 Daemon Server] - 2026-03-13T20:56:56.440Z - Responding to RECORD_OUTPUTS_HASH message
[NX v22.5.4 Daemon Server] - 2026-03-13T20:56:56.440Z - [REQUEST]: Responding to the client. recordOutputsHash
[NX v22.5.4 Daemon Server] - 2026-03-13T20:56:56.440Z - Done responding to the client recordOutputsHash
[NX v22.5.4 Daemon Server] - 2026-03-13T20:56:56.440Z - Handled json message RECORD_OUTPUTS_HASH. Handling time: 0. Response time: 0.
[NX v22.5.4 Daemon Client] - 2026-03-13T20:56:56.440Z - [Messenger] Received message, length: 2
[NX v22.5.4 Daemon Client] - 2026-03-13T20:56:56.481Z - [Messenger] Sending message type: RECORD_OUTPUTS_HASH
[NX v22.5.4 Daemon Client] - 2026-03-13T20:56:56.481Z - [Messenger] Message sent
[NX v22.5.4 Daemon Server] - 2026-03-13T20:56:56.481Z - Received raw message of length 81
[NX v22.5.4 Daemon Server] - 2026-03-13T20:56:56.481Z - Received json message of type RECORD_OUTPUTS_HASH
[NX v22.5.4 Daemon Server] - 2026-03-13T20:56:56.481Z - Serializing response for RECORD_OUTPUTS_HASH message in json mode
[NX v22.5.4 Daemon Server] - 2026-03-13T20:56:56.481Z - Responding to RECORD_OUTPUTS_HASH message
[NX v22.5.4 Daemon Server] - 2026-03-13T20:56:56.481Z - [REQUEST]: Responding to the client. recordOutputsHash
[NX v22.5.4 Daemon Server] - 2026-03-13T20:56:56.481Z - Done responding to the client recordOutputsHash
[NX v22.5.4 Daemon Server] - 2026-03-13T20:56:56.481Z - Handled json message RECORD_OUTPUTS_HASH. Handling time: 0. Response time: 0.
[NX v22.5.4 Daemon Client] - 2026-03-13T20:56:56.481Z - [Messenger] Received message, length: 2
[NX v22.5.4 Daemon Client] - 2026-03-13T20:56:56.508Z - [Messenger] Sending message type: RECORD_OUTPUTS_HASH
[NX v22.5.4 Daemon Client] - 2026-03-13T20:56:56.508Z - [Messenger] Message sent
[NX v22.5.4 Daemon Server] - 2026-03-13T20:56:56.508Z - Received raw message of length 82
[NX v22.5.4 Daemon Server] - 2026-03-13T20:56:56.519Z - Received json message of type RECORD_OUTPUTS_HASH
[NX v22.5.4 Daemon Server] - 2026-03-13T20:56:56.519Z - Serializing response for RECORD_OUTPUTS_HASH message in json mode
[NX v22.5.4 Daemon Server] - 2026-03-13T20:56:56.519Z - Responding to RECORD_OUTPUTS_HASH message
[NX v22.5.4 Daemon Server] - 2026-03-13T20:56:56.519Z - [REQUEST]: Responding to the client. recordOutputsHash
[NX v22.5.4 Daemon Server] - 2026-03-13T20:56:56.519Z - Done responding to the client recordOutputsHash
[NX v22.5.4 Daemon Server] - 2026-03-13T20:56:56.519Z - Handled json message RECORD_OUTPUTS_HASH. Handling time: 0. Response time: 0.
[NX v22.5.4 Daemon Client] - 2026-03-13T20:56:56.519Z - [Messenger] Received message, length: 2
[NX v22.5.4 Daemon Client] - 2026-03-13T20:56:57.856Z - [Messenger] Sending message type: RECORD_OUTPUTS_HASH
[NX v22.5.4 Daemon Client] - 2026-03-13T20:56:57.856Z - [Messenger] Message sent
[NX v22.5.4 Daemon Server] - 2026-03-13T20:56:57.857Z - Received raw message of length 82
[NX v22.5.4 Daemon Server] - 2026-03-13T20:56:57.857Z - Received json message of type RECORD_OUTPUTS_HASH
[NX v22.5.4 Daemon Server] - 2026-03-13T20:56:57.857Z - Serializing response for RECORD_OUTPUTS_HASH message in json mode
[NX v22.5.4 Daemon Server] - 2026-03-13T20:56:57.857Z - Responding to RECORD_OUTPUTS_HASH message
[NX v22.5.4 Daemon Server] - 2026-03-13T20:56:57.857Z - [REQUEST]: Responding to the client. recordOutputsHash
[NX v22.5.4 Daemon Server] - 2026-03-13T20:56:57.857Z - Done responding to the client recordOutputsHash
[NX v22.5.4 Daemon Server] - 2026-03-13T20:56:57.857Z - Handled json message RECORD_OUTPUTS_HASH. Handling time: 0. Response time: 0.
[NX v22.5.4 Daemon Client] - 2026-03-13T20:56:57.857Z - [Messenger] Received message, length: 2
[NX v22.5.4 Daemon Client] - 2026-03-13T20:56:57.872Z - [Messenger] Sending message type: RECORD_OUTPUTS_HASH
[NX v22.5.4 Daemon Client] - 2026-03-13T20:56:57.872Z - [Messenger] Message sent
[NX v22.5.4 Daemon Server] - 2026-03-13T20:56:57.872Z - Received raw message of length 82
[NX v22.5.4 Daemon Server] - 2026-03-13T20:56:57.872Z - Received json message of type RECORD_OUTPUTS_HASH
[NX v22.5.4 Daemon Server] - 2026-03-13T20:56:57.872Z - Serializing response for RECORD_OUTPUTS_HASH message in json mode
[NX v22.5.4 Daemon Server] - 2026-03-13T20:56:57.872Z - Responding to RECORD_OUTPUTS_HASH message
[NX v22.5.4 Daemon Server] - 2026-03-13T20:56:57.872Z - [REQUEST]: Responding to the client. recordOutputsHash
[NX v22.5.4 Daemon Server] - 2026-03-13T20:56:57.872Z - Done responding to the client recordOutputsHash
[NX v22.5.4 Daemon Server] - 2026-03-13T20:56:57.872Z - Handled json message RECORD_OUTPUTS_HASH. Handling time: 0. Response time: 0.
[NX v22.5.4 Daemon Client] - 2026-03-13T20:56:57.872Z - [Messenger] Received message, length: 2
[NX v22.5.4 Daemon Client] - 2026-03-13T20:56:57.886Z - [Messenger] Sending message type: RECORD_OUTPUTS_HASH
[NX v22.5.4 Daemon Client] - 2026-03-13T20:56:57.886Z - [Messenger] Message sent
[NX v22.5.4 Daemon Server] - 2026-03-13T20:56:57.886Z - Received raw message of length 82
[NX v22.5.4 Daemon Server] - 2026-03-13T20:56:57.886Z - Received json message of type RECORD_OUTPUTS_HASH
[NX v22.5.4 Daemon Server] - 2026-03-13T20:56:57.886Z - Serializing response for RECORD_OUTPUTS_HASH message in json mode
[NX v22.5.4 Daemon Server] - 2026-03-13T20:56:57.886Z - Responding to RECORD_OUTPUTS_HASH message
[NX v22.5.4 Daemon Server] - 2026-03-13T20:56:57.886Z - [REQUEST]: Responding to the client. recordOutputsHash
[NX v22.5.4 Daemon Server] - 2026-03-13T20:56:57.886Z - Done responding to the client recordOutputsHash
[NX v22.5.4 Daemon Server] - 2026-03-13T20:56:57.886Z - Handled json message RECORD_OUTPUTS_HASH. Handling time: 0. Response time: 0.
[NX v22.5.4 Daemon Client] - 2026-03-13T20:56:57.886Z - [Messenger] Received message, length: 2
[NX v22.5.4 Daemon Client] - 2026-03-13T20:56:59.160Z - [Messenger] Sending message type: RECORD_OUTPUTS_HASH
[NX v22.5.4 Daemon Client] - 2026-03-13T20:56:59.161Z - [Messenger] Message sent
[NX v22.5.4 Daemon Server] - 2026-03-13T20:56:59.161Z - Received raw message of length 82
[NX v22.5.4 Daemon Server] - 2026-03-13T20:56:59.161Z - Received json message of type RECORD_OUTPUTS_HASH
[NX v22.5.4 Daemon Server] - 2026-03-13T20:56:59.161Z - Serializing response for RECORD_OUTPUTS_HASH message in json mode
[NX v22.5.4 Daemon Server] - 2026-03-13T20:56:59.161Z - Responding to RECORD_OUTPUTS_HASH message
[NX v22.5.4 Daemon Server] - 2026-03-13T20:56:59.161Z - [REQUEST]: Responding to the client. recordOutputsHash
[NX v22.5.4 Daemon Server] - 2026-03-13T20:56:59.161Z - Done responding to the client recordOutputsHash
[NX v22.5.4 Daemon Server] - 2026-03-13T20:56:59.161Z - Handled json message RECORD_OUTPUTS_HASH. Handling time: 0. Response time: 0.
[NX v22.5.4 Daemon Client] - 2026-03-13T20:56:59.162Z - [Messenger] Received message, length: 2
[NX v22.5.4 Daemon Client] - 2026-03-13T20:56:59.184Z - [Messenger] Sending message type: RECORD_OUTPUTS_HASH
[NX v22.5.4 Daemon Client] - 2026-03-13T20:56:59.184Z - [Messenger] Message sent
[NX v22.5.4 Daemon Server] - 2026-03-13T20:56:59.184Z - Received raw message of length 82
[NX v22.5.4 Daemon Server] - 2026-03-13T20:56:59.184Z - Received json message of type RECORD_OUTPUTS_HASH
[NX v22.5.4 Daemon Server] - 2026-03-13T20:56:59.184Z - Serializing response for RECORD_OUTPUTS_HASH message in json mode
[NX v22.5.4 Daemon Server] - 2026-03-13T20:56:59.184Z - Responding to RECORD_OUTPUTS_HASH message
[NX v22.5.4 Daemon Server] - 2026-03-13T20:56:59.184Z - [REQUEST]: Responding to the client. recordOutputsHash
[NX v22.5.4 Daemon Server] - 2026-03-13T20:56:59.184Z - Done responding to the client recordOutputsHash
[NX v22.5.4 Daemon Server] - 2026-03-13T20:56:59.184Z - Handled json message RECORD_OUTPUTS_HASH. Handling time: 0. Response time: 0.
[NX v22.5.4 Daemon Client] - 2026-03-13T20:56:59.185Z - [Messenger] Received message, length: 2
[NX v22.5.4 Daemon Client] - 2026-03-13T20:56:59.209Z - [Messenger] Sending message type: RECORD_OUTPUTS_HASH
[NX v22.5.4 Daemon Client] - 2026-03-13T20:56:59.209Z - [Messenger] Message sent
[NX v22.5.4 Daemon Server] - 2026-03-13T20:56:59.209Z - Received raw message of length 82
[NX v22.5.4 Daemon Server] - 2026-03-13T20:56:59.210Z - Received json message of type RECORD_OUTPUTS_HASH
[NX v22.5.4 Daemon Server] - 2026-03-13T20:56:59.210Z - Serializing response for RECORD_OUTPUTS_HASH message in json mode
[NX v22.5.4 Daemon Server] - 2026-03-13T20:56:59.210Z - Responding to RECORD_OUTPUTS_HASH message
[NX v22.5.4 Daemon Server] - 2026-03-13T20:56:59.210Z - [REQUEST]: Responding to the client. recordOutputsHash
[NX v22.5.4 Daemon Server] - 2026-03-13T20:56:59.210Z - Done responding to the client recordOutputsHash
[NX v22.5.4 Daemon Server] - 2026-03-13T20:56:59.210Z - Handled json message RECORD_OUTPUTS_HASH. Handling time: 0. Response time: 0.
[NX v22.5.4 Daemon Client] - 2026-03-13T20:56:59.210Z - [Messenger] Received message, length: 2
[NX v22.5.4 Daemon Client] - 2026-03-13T20:57:00.473Z - [Messenger] Sending message type: RECORD_OUTPUTS_HASH
[NX v22.5.4 Daemon Client] - 2026-03-13T20:57:00.474Z - [Messenger] Message sent
[NX v22.5.4 Daemon Server] - 2026-03-13T20:57:00.474Z - Received raw message of length 81
[NX v22.5.4 Daemon Server] - 2026-03-13T20:57:00.474Z - Received json message of type RECORD_OUTPUTS_HASH
[NX v22.5.4 Daemon Server] - 2026-03-13T20:57:00.474Z - Serializing response for RECORD_OUTPUTS_HASH message in json mode
[NX v22.5.4 Daemon Server] - 2026-03-13T20:57:00.474Z - Responding to RECORD_OUTPUTS_HASH message
[NX v22.5.4 Daemon Server] - 2026-03-13T20:57:00.474Z - [REQUEST]: Responding to the client. recordOutputsHash
[NX v22.5.4 Daemon Server] - 2026-03-13T20:57:00.474Z - Done responding to the client recordOutputsHash
[NX v22.5.4 Daemon Server] - 2026-03-13T20:57:00.474Z - Handled json message RECORD_OUTPUTS_HASH. Handling time: 0. Response time: 0.
[NX v22.5.4 Daemon Client] - 2026-03-13T20:57:00.474Z - [Messenger] Received message, length: 2
[NX v22.5.4 Daemon Client] - 2026-03-13T20:57:00.480Z - [Messenger] Sending message type: RECORD_OUTPUTS_HASH
[NX v22.5.4 Daemon Client] - 2026-03-13T20:57:00.480Z - [Messenger] Message sent
[NX v22.5.4 Daemon Server] - 2026-03-13T20:57:00.480Z - Received raw message of length 81
[NX v22.5.4 Daemon Server] - 2026-03-13T20:57:00.480Z - Received json message of type RECORD_OUTPUTS_HASH
[NX v22.5.4 Daemon Server] - 2026-03-13T20:57:00.480Z - Serializing response for RECORD_OUTPUTS_HASH message in json mode
[NX v22.5.4 Daemon Server] - 2026-03-13T20:57:00.480Z - Responding to RECORD_OUTPUTS_HASH message
[NX v22.5.4 Daemon Server] - 2026-03-13T20:57:00.480Z - [REQUEST]: Responding to the client. recordOutputsHash
[NX v22.5.4 Daemon Server] - 2026-03-13T20:57:00.480Z - Done responding to the client recordOutputsHash
[NX v22.5.4 Daemon Server] - 2026-03-13T20:57:00.480Z - Handled json message RECORD_OUTPUTS_HASH. Handling time: 0. Response time: 0.
[NX v22.5.4 Daemon Client] - 2026-03-13T20:57:00.480Z - [Messenger] Received message, length: 2
[NX v22.5.4 Daemon Client] - 2026-03-13T20:57:00.499Z - [Messenger] Sending message type: RECORD_OUTPUTS_HASH
[NX v22.5.4 Daemon Client] - 2026-03-13T20:57:00.499Z - [Messenger] Message sent
[NX v22.5.4 Daemon Server] - 2026-03-13T20:57:00.500Z - Received raw message of length 82
[NX v22.5.4 Daemon Server] - 2026-03-13T20:57:00.500Z - Received json message of type RECORD_OUTPUTS_HASH
[NX v22.5.4 Daemon Server] - 2026-03-13T20:57:00.500Z - Serializing response for RECORD_OUTPUTS_HASH message in json mode
[NX v22.5.4 Daemon Server] - 2026-03-13T20:57:00.500Z - Responding to RECORD_OUTPUTS_HASH message
[NX v22.5.4 Daemon Server] - 2026-03-13T20:57:00.500Z - [REQUEST]: Responding to the client. recordOutputsHash
[NX v22.5.4 Daemon Server] - 2026-03-13T20:57:00.500Z - Done responding to the client recordOutputsHash
[NX v22.5.4 Daemon Server] - 2026-03-13T20:57:00.500Z - Handled json message RECORD_OUTPUTS_HASH. Handling time: 0. Response time: 0.
[NX v22.5.4 Daemon Client] - 2026-03-13T20:57:00.500Z - [Messenger] Received message, length: 2
[NX v22.5.4 Daemon Client] - 2026-03-13T20:57:01.779Z - [Messenger] Sending message type: RECORD_OUTPUTS_HASH
[NX v22.5.4 Daemon Client] - 2026-03-13T20:57:01.779Z - [Messenger] Message sent
[NX v22.5.4 Daemon Server] - 2026-03-13T20:57:01.780Z - Received raw message of length 80
[NX v22.5.4 Daemon Server] - 2026-03-13T20:57:01.780Z - Received json message of type RECORD_OUTPUTS_HASH
[NX v22.5.4 Daemon Server] - 2026-03-13T20:57:01.780Z - Serializing response for RECORD_OUTPUTS_HASH message in json mode
[NX v22.5.4 Daemon Server] - 2026-03-13T20:57:01.780Z - Responding to RECORD_OUTPUTS_HASH message
[NX v22.5.4 Daemon Server] - 2026-03-13T20:57:01.780Z - [REQUEST]: Responding to the client. recordOutputsHash
[NX v22.5.4 Daemon Server] - 2026-03-13T20:57:01.780Z - Done responding to the client recordOutputsHash
[NX v22.5.4 Daemon Server] - 2026-03-13T20:57:01.780Z - Handled json message RECORD_OUTPUTS_HASH. Handling time: 0. Response time: 0.
[NX v22.5.4 Daemon Client] - 2026-03-13T20:57:01.780Z - [Messenger] Received message, length: 2
[NX v22.5.4 Daemon Client] - 2026-03-13T20:57:01.812Z - [Messenger] Sending message type: RECORD_OUTPUTS_HASH
[NX v22.5.4 Daemon Client] - 2026-03-13T20:57:01.813Z - [Messenger] Message sent
[NX v22.5.4 Daemon Server] - 2026-03-13T20:57:01.813Z - Received raw message of length 81
[NX v22.5.4 Daemon Server] - 2026-03-13T20:57:01.813Z - Received json message of type RECORD_OUTPUTS_HASH
[NX v22.5.4 Daemon Server] - 2026-03-13T20:57:01.813Z - Serializing response for RECORD_OUTPUTS_HASH message in json mode
[NX v22.5.4 Daemon Server] - 2026-03-13T20:57:01.813Z - Responding to RECORD_OUTPUTS_HASH message
[NX v22.5.4 Daemon Server] - 2026-03-13T20:57:01.813Z - [REQUEST]: Responding to the client. recordOutputsHash
[NX v22.5.4 Daemon Server] - 2026-03-13T20:57:01.813Z - Done responding to the client recordOutputsHash
[NX v22.5.4 Daemon Server] - 2026-03-13T20:57:01.813Z - Handled json message RECORD_OUTPUTS_HASH. Handling time: 0. Response time: 0.
[NX v22.5.4 Daemon Client] - 2026-03-13T20:57:01.813Z - [Messenger] Received message, length: 2
[NX v22.5.4 Daemon Client] - 2026-03-13T20:57:01.827Z - [Messenger] Sending message type: RECORD_OUTPUTS_HASH
[NX v22.5.4 Daemon Client] - 2026-03-13T20:57:01.827Z - [Messenger] Message sent
[NX v22.5.4 Daemon Server] - 2026-03-13T20:57:01.827Z - Received raw message of length 82
[NX v22.5.4 Daemon Server] - 2026-03-13T20:57:01.827Z - Received json message of type RECORD_OUTPUTS_HASH
[NX v22.5.4 Daemon Server] - 2026-03-13T20:57:01.827Z - Serializing response for RECORD_OUTPUTS_HASH message in json mode
[NX v22.5.4 Daemon Server] - 2026-03-13T20:57:01.827Z - Responding to RECORD_OUTPUTS_HASH message
[NX v22.5.4 Daemon Server] - 2026-03-13T20:57:01.827Z - [REQUEST]: Responding to the client. recordOutputsHash
[NX v22.5.4 Daemon Server] - 2026-03-13T20:57:01.827Z - Done responding to the client recordOutputsHash
[NX v22.5.4 Daemon Server] - 2026-03-13T20:57:01.827Z - Handled json message RECORD_OUTPUTS_HASH. Handling time: 0. Response time: 0.
[NX v22.5.4 Daemon Client] - 2026-03-13T20:57:01.827Z - [Messenger] Received message, length: 2
[NX v22.5.4 Daemon Client] - 2026-03-13T20:57:03.003Z - [Messenger] Sending message type: RECORD_OUTPUTS_HASH
[NX v22.5.4 Daemon Client] - 2026-03-13T20:57:03.003Z - [Messenger] Message sent
[NX v22.5.4 Daemon Server] - 2026-03-13T20:57:03.003Z - Received raw message of length 82
[NX v22.5.4 Daemon Server] - 2026-03-13T20:57:03.003Z - Received json message of type RECORD_OUTPUTS_HASH
[NX v22.5.4 Daemon Server] - 2026-03-13T20:57:03.003Z - Serializing response for RECORD_OUTPUTS_HASH message in json mode
[NX v22.5.4 Daemon Server] - 2026-03-13T20:57:03.003Z - Responding to RECORD_OUTPUTS_HASH message
[NX v22.5.4 Daemon Server] - 2026-03-13T20:57:03.003Z - [REQUEST]: Responding to the client. recordOutputsHash
[NX v22.5.4 Daemon Server] - 2026-03-13T20:57:03.003Z - Done responding to the client recordOutputsHash
[NX v22.5.4 Daemon Server] - 2026-03-13T20:57:03.003Z - Handled json message RECORD_OUTPUTS_HASH. Handling time: 0. Response time: 0.
[NX v22.5.4 Daemon Client] - 2026-03-13T20:57:03.003Z - [Messenger] Received message, length: 2
[NX v22.5.4 Daemon Client] - 2026-03-13T20:57:03.057Z - [Messenger] Sending message type: RECORD_OUTPUTS_HASH
[NX v22.5.4 Daemon Client] - 2026-03-13T20:57:03.057Z - [Messenger] Message sent
[NX v22.5.4 Daemon Server] - 2026-03-13T20:57:03.057Z - Received raw message of length 81
[NX v22.5.4 Daemon Server] - 2026-03-13T20:57:03.057Z - Received json message of type RECORD_OUTPUTS_HASH
[NX v22.5.4 Daemon Server] - 2026-03-13T20:57:03.058Z - Serializing response for RECORD_OUTPUTS_HASH message in json mode
[NX v22.5.4 Daemon Server] - 2026-03-13T20:57:03.058Z - Responding to RECORD_OUTPUTS_HASH message
[NX v22.5.4 Daemon Server] - 2026-03-13T20:57:03.058Z - [REQUEST]: Responding to the client. recordOutputsHash
[NX v22.5.4 Daemon Server] - 2026-03-13T20:57:03.058Z - Done responding to the client recordOutputsHash
[NX v22.5.4 Daemon Server] - 2026-03-13T20:57:03.058Z - Handled json message RECORD_OUTPUTS_HASH. Handling time: 0. Response time: 0.
[NX v22.5.4 Daemon Client] - 2026-03-13T20:57:03.058Z - [Messenger] Received message, length: 2
[NX v22.5.4 Daemon Client] - 2026-03-13T20:57:03.447Z - [Messenger] Sending message type: RECORD_OUTPUTS_HASH
[NX v22.5.4 Daemon Client] - 2026-03-13T20:57:03.447Z - [Messenger] Message sent
[NX v22.5.4 Daemon Server] - 2026-03-13T20:57:03.447Z - Received raw message of length 82
[NX v22.5.4 Daemon Server] - 2026-03-13T20:57:03.447Z - Received json message of type RECORD_OUTPUTS_HASH
[NX v22.5.4 Daemon Server] - 2026-03-13T20:57:03.447Z - Serializing response for RECORD_OUTPUTS_HASH message in json mode
[NX v22.5.4 Daemon Server] - 2026-03-13T20:57:03.447Z - Responding to RECORD_OUTPUTS_HASH message
[NX v22.5.4 Daemon Server] - 2026-03-13T20:57:03.447Z - [REQUEST]: Responding to the client. recordOutputsHash
[NX v22.5.4 Daemon Server] - 2026-03-13T20:57:03.447Z - Done responding to the client recordOutputsHash
[NX v22.5.4 Daemon Server] - 2026-03-13T20:57:03.447Z - Handled json message RECORD_OUTPUTS_HASH. Handling time: 0. Response time: 0.
[NX v22.5.4 Daemon Client] - 2026-03-13T20:57:03.447Z - [Messenger] Received message, length: 2
[NX v22.5.4 Daemon Client] - 2026-03-13T20:57:04.475Z - [Messenger] Sending message type: RECORD_OUTPUTS_HASH
[NX v22.5.4 Daemon Client] - 2026-03-13T20:57:04.475Z - [Messenger] Message sent
[NX v22.5.4 Daemon Server] - 2026-03-13T20:57:04.475Z - Received raw message of length 81
[NX v22.5.4 Daemon Server] - 2026-03-13T20:57:04.475Z - Received json message of type RECORD_OUTPUTS_HASH
[NX v22.5.4 Daemon Server] - 2026-03-13T20:57:04.475Z - Serializing response for RECORD_OUTPUTS_HASH message in json mode
[NX v22.5.4 Daemon Server] - 2026-03-13T20:57:04.475Z - Responding to RECORD_OUTPUTS_HASH message
[NX v22.5.4 Daemon Server] - 2026-03-13T20:57:04.475Z - [REQUEST]: Responding to the client. recordOutputsHash
[NX v22.5.4 Daemon Server] - 2026-03-13T20:57:04.475Z - Done responding to the client recordOutputsHash
[NX v22.5.4 Daemon Server] - 2026-03-13T20:57:04.475Z - Handled json message RECORD_OUTPUTS_HASH. Handling time: 0. Response time: 0.
[NX v22.5.4 Daemon Client] - 2026-03-13T20:57:04.475Z - [Messenger] Received message, length: 2
[NX v22.5.4 Daemon Client] - 2026-03-13T20:57:04.667Z - [Messenger] Sending message type: RECORD_OUTPUTS_HASH
[NX v22.5.4 Daemon Client] - 2026-03-13T20:57:04.668Z - [Messenger] Message sent
[NX v22.5.4 Daemon Server] - 2026-03-13T20:57:04.668Z - Received raw message of length 81
[NX v22.5.4 Daemon Server] - 2026-03-13T20:57:04.668Z - Received json message of type RECORD_OUTPUTS_HASH
[NX v22.5.4 Daemon Server] - 2026-03-13T20:57:04.668Z - Serializing response for RECORD_OUTPUTS_HASH message in json mode
[NX v22.5.4 Daemon Server] - 2026-03-13T20:57:04.668Z - Responding to RECORD_OUTPUTS_HASH message
[NX v22.5.4 Daemon Server] - 2026-03-13T20:57:04.668Z - [REQUEST]: Responding to the client. recordOutputsHash
[NX v22.5.4 Daemon Server] - 2026-03-13T20:57:04.668Z - Done responding to the client recordOutputsHash
[NX v22.5.4 Daemon Server] - 2026-03-13T20:57:04.668Z - Handled json message RECORD_OUTPUTS_HASH. Handling time: 0. Response time: 0.
[NX v22.5.4 Daemon Client] - 2026-03-13T20:57:04.668Z - [Messenger] Received message, length: 2
[NX v22.5.4 Daemon Client] - 2026-03-13T20:57:04.725Z - [Messenger] Sending message type: RECORD_OUTPUTS_HASH
[NX v22.5.4 Daemon Client] - 2026-03-13T20:57:04.725Z - [Messenger] Message sent
[NX v22.5.4 Daemon Server] - 2026-03-13T20:57:04.725Z - Received raw message of length 82
[NX v22.5.4 Daemon Server] - 2026-03-13T20:57:04.725Z - Received json message of type RECORD_OUTPUTS_HASH
[NX v22.5.4 Daemon Server] - 2026-03-13T20:57:04.725Z - Serializing response for RECORD_OUTPUTS_HASH message in json mode
[NX v22.5.4 Daemon Server] - 2026-03-13T20:57:04.725Z - Responding to RECORD_OUTPUTS_HASH message
[NX v22.5.4 Daemon Server] - 2026-03-13T20:57:04.725Z - [REQUEST]: Responding to the client. recordOutputsHash
[NX v22.5.4 Daemon Server] - 2026-03-13T20:57:04.725Z - Done responding to the client recordOutputsHash
[NX v22.5.4 Daemon Server] - 2026-03-13T20:57:04.725Z - Handled json message RECORD_OUTPUTS_HASH. Handling time: 0. Response time: 0.
[NX v22.5.4 Daemon Client] - 2026-03-13T20:57:04.725Z - [Messenger] Received message, length: 2
[NX v22.5.4 Daemon Client] - 2026-03-13T20:57:06.118Z - [Messenger] Sending message type: RECORD_OUTPUTS_HASH
[NX v22.5.4 Daemon Client] - 2026-03-13T20:57:06.118Z - [Messenger] Message sent
[NX v22.5.4 Daemon Server] - 2026-03-13T20:57:06.119Z - Received raw message of length 82
[NX v22.5.4 Daemon Server] - 2026-03-13T20:57:06.119Z - Received json message of type RECORD_OUTPUTS_HASH
[NX v22.5.4 Daemon Server] - 2026-03-13T20:57:06.119Z - Serializing response for RECORD_OUTPUTS_HASH message in json mode
[NX v22.5.4 Daemon Server] - 2026-03-13T20:57:06.119Z - Responding to RECORD_OUTPUTS_HASH message
[NX v22.5.4 Daemon Server] - 2026-03-13T20:57:06.119Z - [REQUEST]: Responding to the client. recordOutputsHash
[NX v22.5.4 Daemon Server] - 2026-03-13T20:57:06.119Z - Done responding to the client recordOutputsHash
[NX v22.5.4 Daemon Server] - 2026-03-13T20:57:06.119Z - Handled json message RECORD_OUTPUTS_HASH. Handling time: 0. Response time: 0.
[NX v22.5.4 Daemon Client] - 2026-03-13T20:57:06.119Z - [Messenger] Received message, length: 2
[NX v22.5.4 Daemon Client] - 2026-03-13T20:57:06.233Z - [Messenger] Sending message type: RECORD_OUTPUTS_HASH
[NX v22.5.4 Daemon Client] - 2026-03-13T20:57:06.233Z - [Messenger] Message sent
[NX v22.5.4 Daemon Server] - 2026-03-13T20:57:06.233Z - Received raw message of length 82
[NX v22.5.4 Daemon Server] - 2026-03-13T20:57:06.233Z - Received json message of type RECORD_OUTPUTS_HASH
[NX v22.5.4 Daemon Server] - 2026-03-13T20:57:06.233Z - Serializing response for RECORD_OUTPUTS_HASH message in json mode
[NX v22.5.4 Daemon Server] - 2026-03-13T20:57:06.233Z - Responding to RECORD_OUTPUTS_HASH message
[NX v22.5.4 Daemon Server] - 2026-03-13T20:57:06.233Z - [REQUEST]: Responding to the client. recordOutputsHash
[NX v22.5.4 Daemon Server] - 2026-03-13T20:57:06.233Z - Done responding to the client recordOutputsHash
[NX v22.5.4 Daemon Server] - 2026-03-13T20:57:06.233Z - Handled json message RECORD_OUTPUTS_HASH. Handling time: 0. Response time: 0.
[NX v22.5.4 Daemon Client] - 2026-03-13T20:57:06.233Z - [Messenger] Received message, length: 2
[NX v22.5.4 Daemon Client] - 2026-03-13T20:57:06.341Z - [Messenger] Sending message type: RECORD_OUTPUTS_HASH
[NX v22.5.4 Daemon Client] - 2026-03-13T20:57:06.341Z - [Messenger] Message sent
[NX v22.5.4 Daemon Server] - 2026-03-13T20:57:06.341Z - Received raw message of length 81
[NX v22.5.4 Daemon Server] - 2026-03-13T20:57:06.341Z - Received json message of type RECORD_OUTPUTS_HASH
[NX v22.5.4 Daemon Server] - 2026-03-13T20:57:06.341Z - Serializing response for RECORD_OUTPUTS_HASH message in json mode
[NX v22.5.4 Daemon Server] - 2026-03-13T20:57:06.341Z - Responding to RECORD_OUTPUTS_HASH message
[NX v22.5.4 Daemon Server] - 2026-03-13T20:57:06.341Z - [REQUEST]: Responding to the client. recordOutputsHash
[NX v22.5.4 Daemon Server] - 2026-03-13T20:57:06.341Z - Done responding to the client recordOutputsHash
[NX v22.5.4 Daemon Server] - 2026-03-13T20:57:06.341Z - Handled json message RECORD_OUTPUTS_HASH. Handling time: 0. Response time: 0.
[NX v22.5.4 Daemon Client] - 2026-03-13T20:57:06.341Z - [Messenger] Received message, length: 2
[NX v22.5.4 Daemon Client] - 2026-03-13T20:57:07.620Z - [Messenger] Sending message type: RECORD_OUTPUTS_HASH
[NX v22.5.4 Daemon Client] - 2026-03-13T20:57:07.620Z - [Messenger] Message sent
[NX v22.5.4 Daemon Server] - 2026-03-13T20:57:07.620Z - Received raw message of length 82
[NX v22.5.4 Daemon Server] - 2026-03-13T20:57:07.621Z - Received json message of type RECORD_OUTPUTS_HASH
[NX v22.5.4 Daemon Server] - 2026-03-13T20:57:07.621Z - Serializing response for RECORD_OUTPUTS_HASH message in json mode
[NX v22.5.4 Daemon Server] - 2026-03-13T20:57:07.621Z - Responding to RECORD_OUTPUTS_HASH message
[NX v22.5.4 Daemon Server] - 2026-03-13T20:57:07.621Z - [REQUEST]: Responding to the client. recordOutputsHash
[NX v22.5.4 Daemon Server] - 2026-03-13T20:57:07.621Z - Done responding to the client recordOutputsHash
[NX v22.5.4 Daemon Server] - 2026-03-13T20:57:07.621Z - Handled json message RECORD_OUTPUTS_HASH. Handling time: 0. Response time: 0.
[NX v22.5.4 Daemon Client] - 2026-03-13T20:57:07.621Z - [Messenger] Received message, length: 2
[NX v22.5.4 Daemon Client] - 2026-03-13T20:57:07.771Z - [Messenger] Sending message type: RECORD_OUTPUTS_HASH
[NX v22.5.4 Daemon Client] - 2026-03-13T20:57:07.771Z - [Messenger] Message sent
[NX v22.5.4 Daemon Server] - 2026-03-13T20:57:07.771Z - Received raw message of length 81
[NX v22.5.4 Daemon Server] - 2026-03-13T20:57:07.771Z - Received json message of type RECORD_OUTPUTS_HASH
[NX v22.5.4 Daemon Server] - 2026-03-13T20:57:07.771Z - Serializing response for RECORD_OUTPUTS_HASH message in json mode
[NX v22.5.4 Daemon Server] - 2026-03-13T20:57:07.771Z - Responding to RECORD_OUTPUTS_HASH message
[NX v22.5.4 Daemon Server] - 2026-03-13T20:57:07.771Z - [REQUEST]: Responding to the client. recordOutputsHash
[NX v22.5.4 Daemon Server] - 2026-03-13T20:57:07.771Z - Done responding to the client recordOutputsHash
[NX v22.5.4 Daemon Server] - 2026-03-13T20:57:07.771Z - Handled json message RECORD_OUTPUTS_HASH. Handling time: 0. Response time: 0.
[NX v22.5.4 Daemon Client] - 2026-03-13T20:57:07.771Z - [Messenger] Received message, length: 2
[NX v22.5.4 Daemon Client] - 2026-03-13T20:57:07.832Z - [Messenger] Sending message type: RECORD_OUTPUTS_HASH
[NX v22.5.4 Daemon Client] - 2026-03-13T20:57:07.832Z - [Messenger] Message sent
[NX v22.5.4 Daemon Server] - 2026-03-13T20:57:07.832Z - Received raw message of length 82
[NX v22.5.4 Daemon Server] - 2026-03-13T20:57:07.832Z - Received json message of type RECORD_OUTPUTS_HASH
[NX v22.5.4 Daemon Server] - 2026-03-13T20:57:07.832Z - Serializing response for RECORD_OUTPUTS_HASH message in json mode
[NX v22.5.4 Daemon Server] - 2026-03-13T20:57:07.832Z - Responding to RECORD_OUTPUTS_HASH message
[NX v22.5.4 Daemon Server] - 2026-03-13T20:57:07.832Z - [REQUEST]: Responding to the client. recordOutputsHash
[NX v22.5.4 Daemon Server] - 2026-03-13T20:57:07.832Z - Done responding to the client recordOutputsHash
[NX v22.5.4 Daemon Server] - 2026-03-13T20:57:07.832Z - Handled json message RECORD_OUTPUTS_HASH. Handling time: 0. Response time: 0.
[NX v22.5.4 Daemon Client] - 2026-03-13T20:57:07.832Z - [Messenger] Received message, length: 2
[NX v22.5.4 Daemon Client] - 2026-03-13T20:57:09.091Z - [Messenger] Sending message type: RECORD_OUTPUTS_HASH
[NX v22.5.4 Daemon Client] - 2026-03-13T20:57:09.091Z - [Messenger] Message sent
[NX v22.5.4 Daemon Server] - 2026-03-13T20:57:09.091Z - Received raw message of length 82
[NX v22.5.4 Daemon Server] - 2026-03-13T20:57:09.091Z - Received json message of type RECORD_OUTPUTS_HASH
[NX v22.5.4 Daemon Server] - 2026-03-13T20:57:09.091Z - Serializing response for RECORD_OUTPUTS_HASH message in json mode
[NX v22.5.4 Daemon Server] - 2026-03-13T20:57:09.091Z - Responding to RECORD_OUTPUTS_HASH message
[NX v22.5.4 Daemon Server] - 2026-03-13T20:57:09.091Z - [REQUEST]: Responding to the client. recordOutputsHash
[NX v22.5.4 Daemon Server] - 2026-03-13T20:57:09.091Z - Done responding to the client recordOutputsHash
[NX v22.5.4 Daemon Server] - 2026-03-13T20:57:09.091Z - Handled json message RECORD_OUTPUTS_HASH. Handling time: 0. Response time: 0.
[NX v22.5.4 Daemon Client] - 2026-03-13T20:57:09.091Z - [Messenger] Received message, length: 2
[NX v22.5.4 Daemon Client] - 2026-03-13T20:57:09.230Z - [Messenger] Sending message type: RECORD_OUTPUTS_HASH
[NX v22.5.4 Daemon Client] - 2026-03-13T20:57:09.230Z - [Messenger] Message sent
[NX v22.5.4 Daemon Server] - 2026-03-13T20:57:09.230Z - Received raw message of length 82
[NX v22.5.4 Daemon Server] - 2026-03-13T20:57:09.230Z - Received json message of type RECORD_OUTPUTS_HASH
[NX v22.5.4 Daemon Server] - 2026-03-13T20:57:09.230Z - Serializing response for RECORD_OUTPUTS_HASH message in json mode
[NX v22.5.4 Daemon Server] - 2026-03-13T20:57:09.230Z - Responding to RECORD_OUTPUTS_HASH message
[NX v22.5.4 Daemon Server] - 2026-03-13T20:57:09.230Z - [REQUEST]: Responding to the client. recordOutputsHash
[NX v22.5.4 Daemon Server] - 2026-03-13T20:57:09.230Z - Done responding to the client recordOutputsHash
[NX v22.5.4 Daemon Server] - 2026-03-13T20:57:09.230Z - Handled json message RECORD_OUTPUTS_HASH. Handling time: 0. Response time: 0.
[NX v22.5.4 Daemon Client] - 2026-03-13T20:57:09.230Z - [Messenger] Received message, length: 2
[NX v22.5.4 Daemon Client] - 2026-03-13T20:57:09.288Z - [Messenger] Sending message type: RECORD_OUTPUTS_HASH
[NX v22.5.4 Daemon Client] - 2026-03-13T20:57:09.288Z - [Messenger] Message sent
[NX v22.5.4 Daemon Server] - 2026-03-13T20:57:09.288Z - Received raw message of length 81
[NX v22.5.4 Daemon Server] - 2026-03-13T20:57:09.288Z - Received json message of type RECORD_OUTPUTS_HASH
[NX v22.5.4 Daemon Server] - 2026-03-13T20:57:09.288Z - Serializing response for RECORD_OUTPUTS_HASH message in json mode
[NX v22.5.4 Daemon Server] - 2026-03-13T20:57:09.288Z - Responding to RECORD_OUTPUTS_HASH message
[NX v22.5.4 Daemon Server] - 2026-03-13T20:57:09.288Z - [REQUEST]: Responding to the client. recordOutputsHash
[NX v22.5.4 Daemon Server] - 2026-03-13T20:57:09.288Z - Done responding to the client recordOutputsHash
[NX v22.5.4 Daemon Server] - 2026-03-13T20:57:09.288Z - Handled json message RECORD_OUTPUTS_HASH. Handling time: 0. Response time: 0.
[NX v22.5.4 Daemon Client] - 2026-03-13T20:57:09.288Z - [Messenger] Received message, length: 2
[NX v22.5.4 Daemon Client] - 2026-03-13T20:57:10.566Z - [Messenger] Sending message type: RECORD_OUTPUTS_HASH
[NX v22.5.4 Daemon Client] - 2026-03-13T20:57:10.566Z - [Messenger] Message sent
[NX v22.5.4 Daemon Server] - 2026-03-13T20:57:10.566Z - Received raw message of length 80
[NX v22.5.4 Daemon Server] - 2026-03-13T20:57:10.567Z - Received json message of type RECORD_OUTPUTS_HASH
[NX v22.5.4 Daemon Server] - 2026-03-13T20:57:10.567Z - Serializing response for RECORD_OUTPUTS_HASH message in json mode
[NX v22.5.4 Daemon Server] - 2026-03-13T20:57:10.567Z - Responding to RECORD_OUTPUTS_HASH message
[NX v22.5.4 Daemon Server] - 2026-03-13T20:57:10.567Z - [REQUEST]: Responding to the client. recordOutputsHash
[NX v22.5.4 Daemon Server] - 2026-03-13T20:57:10.567Z - Done responding to the client recordOutputsHash
[NX v22.5.4 Daemon Server] - 2026-03-13T20:57:10.567Z - Handled json message RECORD_OUTPUTS_HASH. Handling time: 0. Response time: 0.
[NX v22.5.4 Daemon Client] - 2026-03-13T20:57:10.567Z - [Messenger] Received message, length: 2
[NX v22.5.4 Daemon Client] - 2026-03-13T20:57:10.788Z - [Messenger] Sending message type: RECORD_OUTPUTS_HASH
[NX v22.5.4 Daemon Client] - 2026-03-13T20:57:10.789Z - [Messenger] Message sent
[NX v22.5.4 Daemon Server] - 2026-03-13T20:57:10.789Z - Received raw message of length 82
[NX v22.5.4 Daemon Server] - 2026-03-13T20:57:10.789Z - Received json message of type RECORD_OUTPUTS_HASH
[NX v22.5.4 Daemon Server] - 2026-03-13T20:57:10.789Z - Serializing response for RECORD_OUTPUTS_HASH message in json mode
[NX v22.5.4 Daemon Server] - 2026-03-13T20:57:10.789Z - Responding to RECORD_OUTPUTS_HASH message
[NX v22.5.4 Daemon Server] - 2026-03-13T20:57:10.789Z - [REQUEST]: Responding to the client. recordOutputsHash
[NX v22.5.4 Daemon Server] - 2026-03-13T20:57:10.789Z - Done responding to the client recordOutputsHash
[NX v22.5.4 Daemon Server] - 2026-03-13T20:57:10.789Z - Handled json message RECORD_OUTPUTS_HASH. Handling time: 0. Response time: 0.
[NX v22.5.4 Daemon Client] - 2026-03-13T20:57:10.789Z - [Messenger] Received message, length: 2
[NX v22.5.4 Daemon Client] - 2026-03-13T20:57:10.814Z - [Messenger] Sending message type: RECORD_OUTPUTS_HASH
[NX v22.5.4 Daemon Client] - 2026-03-13T20:57:10.814Z - [Messenger] Message sent
[NX v22.5.4 Daemon Server] - 2026-03-13T20:57:10.814Z - Received raw message of length 82
[NX v22.5.4 Daemon Server] - 2026-03-13T20:57:10.814Z - Received json message of type RECORD_OUTPUTS_HASH
[NX v22.5.4 Daemon Server] - 2026-03-13T20:57:10.814Z - Serializing response for RECORD_OUTPUTS_HASH message in json mode
[NX v22.5.4 Daemon Server] - 2026-03-13T20:57:10.814Z - Responding to RECORD_OUTPUTS_HASH message
[NX v22.5.4 Daemon Server] - 2026-03-13T20:57:10.814Z - [REQUEST]: Responding to the client. recordOutputsHash
[NX v22.5.4 Daemon Server] - 2026-03-13T20:57:10.814Z - Done responding to the client recordOutputsHash
[NX v22.5.4 Daemon Server] - 2026-03-13T20:57:10.814Z - Handled json message RECORD_OUTPUTS_HASH. Handling time: 0. Response time: 0.
[NX v22.5.4 Daemon Client] - 2026-03-13T20:57:10.814Z - [Messenger] Received message, length: 2
[NX v22.5.4 Daemon Client] - 2026-03-13T20:57:11.891Z - [Messenger] Sending message type: RECORD_OUTPUTS_HASH
[NX v22.5.4 Daemon Client] - 2026-03-13T20:57:11.891Z - [Messenger] Message sent
[NX v22.5.4 Daemon Server] - 2026-03-13T20:57:11.892Z - Received raw message of length 81
[NX v22.5.4 Daemon Server] - 2026-03-13T20:57:11.892Z - Received json message of type RECORD_OUTPUTS_HASH
[NX v22.5.4 Daemon Server] - 2026-03-13T20:57:11.892Z - Serializing response for RECORD_OUTPUTS_HASH message in json mode
[NX v22.5.4 Daemon Server] - 2026-03-13T20:57:11.892Z - Responding to RECORD_OUTPUTS_HASH message
[NX v22.5.4 Daemon Server] - 2026-03-13T20:57:11.892Z - [REQUEST]: Responding to the client. recordOutputsHash
[NX v22.5.4 Daemon Server] - 2026-03-13T20:57:11.892Z - Done responding to the client recordOutputsHash
[NX v22.5.4 Daemon Server] - 2026-03-13T20:57:11.892Z - Handled json message RECORD_OUTPUTS_HASH. Handling time: 0. Response time: 0.
[NX v22.5.4 Daemon Client] - 2026-03-13T20:57:11.892Z - [Messenger] Received message, length: 2
[NX v22.5.4 Daemon Client] - 2026-03-13T20:57:12.072Z - [Messenger] Sending message type: RECORD_OUTPUTS_HASH
[NX v22.5.4 Daemon Client] - 2026-03-13T20:57:12.072Z - [Messenger] Message sent
[NX v22.5.4 Daemon Server] - 2026-03-13T20:57:12.072Z - Received raw message of length 81
[NX v22.5.4 Daemon Server] - 2026-03-13T20:57:12.072Z - Received json message of type RECORD_OUTPUTS_HASH
[NX v22.5.4 Daemon Server] - 2026-03-13T20:57:12.072Z - Serializing response for RECORD_OUTPUTS_HASH message in json mode
[NX v22.5.4 Daemon Server] - 2026-03-13T20:57:12.073Z - Responding to RECORD_OUTPUTS_HASH message
[NX v22.5.4 Daemon Server] - 2026-03-13T20:57:12.073Z - [REQUEST]: Responding to the client. recordOutputsHash
[NX v22.5.4 Daemon Server] - 2026-03-13T20:57:12.073Z - Done responding to the client recordOutputsHash
[NX v22.5.4 Daemon Server] - 2026-03-13T20:57:12.073Z - Handled json message RECORD_OUTPUTS_HASH. Handling time: 0. Response time: 1.
[NX v22.5.4 Daemon Client] - 2026-03-13T20:57:12.073Z - [Messenger] Received message, length: 2
[NX v22.5.4 Daemon Client] - 2026-03-13T20:57:13.610Z - [Messenger] Sending message type: RECORD_OUTPUTS_HASH
[NX v22.5.4 Daemon Client] - 2026-03-13T20:57:13.610Z - [Messenger] Message sent
[NX v22.5.4 Daemon Server] - 2026-03-13T20:57:13.610Z - Received raw message of length 81
[NX v22.5.4 Daemon Server] - 2026-03-13T20:57:13.610Z - Received json message of type RECORD_OUTPUTS_HASH
[NX v22.5.4 Daemon Server] - 2026-03-13T20:57:13.610Z - Serializing response for RECORD_OUTPUTS_HASH message in json mode
[NX v22.5.4 Daemon Server] - 2026-03-13T20:57:13.610Z - Responding to RECORD_OUTPUTS_HASH message
[NX v22.5.4 Daemon Server] - 2026-03-13T20:57:13.610Z - [REQUEST]: Responding to the client. recordOutputsHash
[NX v22.5.4 Daemon Server] - 2026-03-13T20:57:13.610Z - Done responding to the client recordOutputsHash
[NX v22.5.4 Daemon Server] - 2026-03-13T20:57:13.610Z - Handled json message RECORD_OUTPUTS_HASH. Handling time: 0. Response time: 0.
[NX v22.5.4 Daemon Client] - 2026-03-13T20:57:13.610Z - [Messenger] Received message, length: 2
[NX v22.5.4 Daemon Client] - 2026-03-13T20:57:13.612Z - [Messenger] Sending message type: RECORD_TASK_RUNS
[NX v22.5.4 Daemon Client] - 2026-03-13T20:57:13.612Z - [Messenger] Message sent
[NX v22.5.4 Daemon Server] - 2026-03-13T20:57:13.612Z - Received raw message of length 6441
[NX v22.5.4 Daemon Server] - 2026-03-13T20:57:13.612Z - Received json message of type RECORD_TASK_RUNS
[NX v22.5.4 Daemon Server] - 2026-03-13T20:57:13.613Z - Serializing response for RECORD_TASK_RUNS message in json mode
[NX v22.5.4 Daemon Server] - 2026-03-13T20:57:13.613Z - Responding to RECORD_TASK_RUNS message
[NX v22.5.4 Daemon Server] - 2026-03-13T20:57:13.613Z - [REQUEST]: Responding to the client. handleRecordTaskRuns
[NX v22.5.4 Daemon Server] - 2026-03-13T20:57:13.613Z - Done responding to the client handleRecordTaskRuns
[NX v22.5.4 Daemon Server] - 2026-03-13T20:57:13.613Z - Handled json message RECORD_TASK_RUNS. Handling time: 1. Response time: 0.
[NX v22.5.4 Daemon Client] - 2026-03-13T20:57:13.613Z - [Messenger] Received message, length: 4
[NX v22.5.4 Daemon Client] - 2026-03-13T20:57:13.614Z - [Messenger] Sending message type: GET_FLAKY_TASKS
[NX v22.5.4 Daemon Client] - 2026-03-13T20:57:13.614Z - [Messenger] Message sent
[NX v22.5.4 Daemon Server] - 2026-03-13T20:57:13.614Z - Received raw message of length 847
[NX v22.5.4 Daemon Server] - 2026-03-13T20:57:13.614Z - Received json message of type GET_FLAKY_TASKS
[NX v22.5.4 Daemon Server] - 2026-03-13T20:57:13.614Z - Serializing response for GET_FLAKY_TASKS message in json mode
[NX v22.5.4 Daemon Server] - 2026-03-13T20:57:13.614Z - Responding to GET_FLAKY_TASKS message
[NX v22.5.4 Daemon Server] - 2026-03-13T20:57:13.614Z - [REQUEST]: Responding to the client. handleGetFlakyTasks
[NX v22.5.4 Daemon Server] - 2026-03-13T20:57:13.614Z - Done responding to the client handleGetFlakyTasks
[NX v22.5.4 Daemon Server] - 2026-03-13T20:57:13.614Z - Handled json message GET_FLAKY_TASKS. Handling time: 0. Response time: 0.
[NX v22.5.4 Daemon Client] - 2026-03-13T20:57:13.614Z - [Messenger] Received message, length: 2
[NX v22.5.4 Daemon Client] - 2026-03-13T20:57:13.721Z - [Messenger] Sending message type: POST_TASKS_EXECUTION
[NX v22.5.4 Daemon Client] - 2026-03-13T20:57:13.726Z - [Messenger] Message sent
[NX v22.5.4 Daemon Server] - 2026-03-13T20:57:13.730Z - Received raw message of length 1836747
[NX v22.5.4 Daemon Server] - 2026-03-13T20:57:13.737Z - Received json message of type POST_TASKS_EXECUTION
[NX v22.5.4 Daemon Server] - 2026-03-13T20:57:13.738Z - Serializing response for POST_TASKS_EXECUTION message in json mode
[NX v22.5.4 Daemon Server] - 2026-03-13T20:57:13.738Z - Responding to POST_TASKS_EXECUTION message
[NX v22.5.4 Daemon Server] - 2026-03-13T20:57:13.738Z - [REQUEST]: Responding to the client. handleRunPostTasksExecution
[NX v22.5.4 Daemon Server] - 2026-03-13T20:57:13.738Z - Done responding to the client handleRunPostTasksExecution
[NX v22.5.4 Daemon Server] - 2026-03-13T20:57:13.738Z - Handled json message POST_TASKS_EXECUTION. Handling time: 0. Response time: 0.
[NX v22.5.4 Daemon Server] - 2026-03-13T20:57:13.738Z - Time taken for 'postTasksExecution' 0.17108400000142865ms
[NX v22.5.4 Daemon Client] - 2026-03-13T20:57:13.738Z - [Messenger] Received message, length: 4
[NX v22.5.4 Daemon Server] - 2026-03-13T20:57:13.743Z - Closed a connection. Number of open connections: 0
[NX v22.5.4 Daemon Server] - 2026-03-13T20:57:22.672Z - Established a connection. Number of open connections: 1
[NX v22.5.4 Daemon Server] - 2026-03-13T20:57:22.672Z - Closed a connection. Number of open connections: 0
[NX v22.5.4 Daemon Server] - 2026-03-13T20:57:22.673Z - Established a connection. Number of open connections: 1
[NX v22.5.4 Daemon Server] - 2026-03-13T20:57:22.673Z - Closed a connection. Number of open connections: 0
[NX v22.5.4 Daemon Server] - 2026-03-13T20:57:22.673Z - Established a connection. Number of open connections: 1
[NX v22.5.4 Daemon Client] - 2026-03-13T20:57:22.673Z - [Messenger] Setting up socket listeners
[NX v22.5.4 Daemon Client] - 2026-03-13T20:57:22.674Z - [Messenger] listen() complete
[NX v22.5.4 Daemon Client] - 2026-03-13T20:57:22.674Z - [Messenger] Sending message type: GET_NX_CONSOLE_STATUS
[NX v22.5.4 Daemon Client] - 2026-03-13T20:57:22.674Z - [Messenger] Message sent
[NX v22.5.4 Daemon Server] - 2026-03-13T20:57:22.688Z - Received raw message of length 32
[NX v22.5.4 Daemon Server] - 2026-03-13T20:57:22.688Z - Received json message of type GET_NX_CONSOLE_STATUS
[NX v22.5.4 Daemon Server] - 2026-03-13T20:57:22.688Z - Serializing response for GET_NX_CONSOLE_STATUS message in json mode
[NX v22.5.4 Daemon Server] - 2026-03-13T20:57:22.688Z - Responding to GET_NX_CONSOLE_STATUS message
[NX v22.5.4 Daemon Server] - 2026-03-13T20:57:22.688Z - [REQUEST]: Responding to the client. handleGetNxConsoleStatus
[NX v22.5.4 Daemon Server] - 2026-03-13T20:57:22.688Z - Done responding to the client handleGetNxConsoleStatus
[NX v22.5.4 Daemon Server] - 2026-03-13T20:57:22.688Z - Handled json message GET_NX_CONSOLE_STATUS. Handling time: 0. Response time: 0.
[NX v22.5.4 Daemon Client] - 2026-03-13T20:57:22.688Z - [Messenger] Received message, length: 22
[NX v22.5.4 Daemon Client] - 2026-03-13T20:57:22.748Z - [Messenger] Sending message type: REQUEST_PROJECT_GRAPH
[NX v22.5.4 Daemon Client] - 2026-03-13T20:57:22.748Z - [Messenger] Message sent
[NX v22.5.4 Daemon Server] - 2026-03-13T20:57:22.748Z - Received raw message of length 32
[NX v22.5.4 Daemon Server] - 2026-03-13T20:57:22.748Z - Received json message of type REQUEST_PROJECT_GRAPH
[NX v22.5.4 Daemon Server] - 2026-03-13T20:57:22.749Z - [REQUEST]: Client Request for Project Graph Received
[NX v22.5.4 Daemon Server] - 2026-03-13T20:57:22.749Z - Reusing in-memory cached project graph because no files changed.
[NX v22.5.4 Daemon Server] - 2026-03-13T20:57:22.749Z - Serializing response for REQUEST_PROJECT_GRAPH message in json mode
[NX v22.5.4 Daemon Server] - 2026-03-13T20:57:22.749Z - Responding to REQUEST_PROJECT_GRAPH message
[NX v22.5.4 Daemon Server] - 2026-03-13T20:57:22.749Z - [REQUEST]: Responding to the client. project-graph
[NX v22.5.4 Daemon Server] - 2026-03-13T20:57:22.749Z - Time taken for 'total for creating and serializing project graph' 0.2970000000059372ms
[NX v22.5.4 Daemon Server] - 2026-03-13T20:57:22.754Z - Done responding to the client project-graph
[NX v22.5.4 Daemon Server] - 2026-03-13T20:57:22.754Z - Handled json message REQUEST_PROJECT_GRAPH. Handling time: 1. Response time: 5.
[NX v22.5.4 Daemon Client] - 2026-03-13T20:57:22.755Z - [Messenger] Received message, length: 1194828
[NX v22.5.4 Daemon Client] - 2026-03-13T20:57:23.016Z - [Messenger] Sending message type: PRE_TASKS_EXECUTION
[NX v22.5.4 Daemon Client] - 2026-03-13T20:57:23.016Z - [Messenger] Message sent
[NX v22.5.4 Daemon Server] - 2026-03-13T20:57:23.016Z - Received raw message of length 730
[NX v22.5.4 Daemon Server] - 2026-03-13T20:57:23.016Z - Received json message of type PRE_TASKS_EXECUTION
[NX v22.5.4 Daemon Server] - 2026-03-13T20:57:23.016Z - Serializing response for PRE_TASKS_EXECUTION message in json mode
[NX v22.5.4 Daemon Server] - 2026-03-13T20:57:23.016Z - Responding to PRE_TASKS_EXECUTION message
[NX v22.5.4 Daemon Server] - 2026-03-13T20:57:23.016Z - [REQUEST]: Responding to the client. handleRunPreTasksExecution
[NX v22.5.4 Daemon Server] - 2026-03-13T20:57:23.016Z - Done responding to the client handleRunPreTasksExecution
[NX v22.5.4 Daemon Server] - 2026-03-13T20:57:23.016Z - Handled json message PRE_TASKS_EXECUTION. Handling time: 0. Response time: 0.
[NX v22.5.4 Daemon Server] - 2026-03-13T20:57:23.016Z - Time taken for 'preTasksExecution' 0.13233299998682924ms
[NX v22.5.4 Daemon Client] - 2026-03-13T20:57:23.016Z - [Messenger] Received message, length: 2
[NX v22.5.4 Daemon Client] - 2026-03-13T20:57:23.169Z - [Messenger] Sending message type: HASH_TASKS
[NX v22.5.4 Daemon Client] - 2026-03-13T20:57:23.169Z - [Messenger] Message sent
[NX v22.5.4 Daemon Server] - 2026-03-13T20:57:23.170Z - Received raw message of length 38477
[NX v22.5.4 Daemon Server] - 2026-03-13T20:57:23.170Z - Received json message of type HASH_TASKS
[NX v22.5.4 Daemon Server] - 2026-03-13T20:57:23.170Z - Reusing in-memory cached project graph because no files changed.
DEBUG nx::native::tasks::hash_planner: get_plans_internal COMPLETED in 6.377125ms - processed 35 tasks (setup: 3.455125ms, parallel_planning: 2.921834ms)
DEBUG nx::native::tasks::hashers::hash_workspace_files: Hashing workspace fileset with inputs: Adding "14753650797151729951" (".gitignore") to hash
DEBUG nx::native::tasks::hashers::hash_workspace_files: Hashing workspace fileset with inputs: Adding "16727730179561442929" ("nx.json") to hash
DEBUG nx::native::tasks::hashers::hash_workspace_files: Hashing workspace fileset with inputs: Hash Value: "14205410132470996805"
DEBUG nx::native::tasks::hashers::hash_workspace_files: Hashing workspace fileset with inputs: Adding "14753650797151729951" (".gitignore") to hash
DEBUG nx::native::tasks::hashers::hash_workspace_files: Hashing workspace fileset with inputs: Adding "16727730179561442929" ("nx.json") to hash
DEBUG nx::native::tasks::hashers::hash_workspace_files: Hashing workspace fileset with inputs: Hash Value: "14205410132470996805"
DEBUG nx::native::tasks::hashers::hash_workspace_files: Hashing workspace fileset with inputs: Adding "14753650797151729951" (".gitignore") to hash
DEBUG nx::native::tasks::hashers::hash_workspace_files: Hashing workspace fileset with inputs: Adding "16727730179561442929" ("nx.json") to hash
DEBUG nx::native::tasks::hashers::hash_workspace_files: Hashing workspace fileset with inputs: Hash Value: "14205410132470996805"
DEBUG nx::native::tasks::hashers::hash_workspace_files: Hashing workspace fileset with inputs: Adding "14753650797151729951" (".gitignore") to hash
DEBUG nx::native::tasks::hashers::hash_workspace_files: Hashing workspace fileset with inputs: Adding "16727730179561442929" ("nx.json") to hash
DEBUG nx::native::tasks::hashers::hash_workspace_files: Hashing workspace fileset with inputs: Hash Value: "14205410132470996805"
DEBUG nx::native::tasks::hashers::hash_workspace_files: Hashing workspace fileset with inputs: Adding "14753650797151729951" (".gitignore") to hash
DEBUG nx::native::tasks::hashers::hash_workspace_files: Hashing workspace fileset with inputs: Adding "16727730179561442929" ("nx.json") to hash
DEBUG nx::native::tasks::hashers::hash_workspace_files: Hashing workspace fileset with inputs: Hash Value: "14205410132470996805"
DEBUG nx::native::tasks::hashers::hash_workspace_files: Hashing workspace fileset with inputs: Adding "14753650797151729951" (".gitignore") to hash
DEBUG nx::native::tasks::hashers::hash_workspace_files: Hashing workspace fileset with inputs: Adding "16727730179561442929" ("nx.json") to hash
DEBUG nx::native::tasks::hashers::hash_workspace_files: Hashing workspace fileset with inputs: Hash Value: "14205410132470996805"
DEBUG nx::native::tasks::hashers::hash_workspace_files: Hashing workspace fileset with inputs: Adding "14753650797151729951" (".gitignore") to hash
DEBUG nx::native::tasks::hashers::hash_workspace_files: Hashing workspace fileset with inputs: Adding "16727730179561442929" ("nx.json") to hash
DEBUG nx::native::tasks::hashers::hash_workspace_files: Hashing workspace fileset with inputs: Hash Value: "14205410132470996805"
DEBUG nx::native::tasks::hashers::hash_workspace_files: Hashing workspace fileset with inputs: Adding "14753650797151729951" (".gitignore") to hash
DEBUG nx::native::tasks::hashers::hash_workspace_files: Hashing workspace fileset with inputs: Adding "16727730179561442929" ("nx.json") to hash
DEBUG nx::native::tasks::hashers::hash_workspace_files: Hashing workspace fileset with inputs: Hash Value: "14205410132470996805"
DEBUG nx::native::tasks::hashers::hash_workspace_files: Hashing workspace fileset with inputs: Adding "14753650797151729951" (".gitignore") to hash
DEBUG nx::native::tasks::hashers::hash_workspace_files: Hashing workspace fileset with inputs: Adding "16727730179561442929" ("nx.json") to hash
DEBUG nx::native::tasks::hashers::hash_workspace_files: Hashing workspace fileset with inputs: Hash Value: "14205410132470996805"
DEBUG nx::native::tasks::hashers::hash_workspace_files: Hashing workspace fileset with inputs: Adding "14753650797151729951" (".gitignore") to hash
DEBUG nx::native::tasks::hashers::hash_workspace_files: Hashing workspace fileset with inputs: Adding "16727730179561442929" ("nx.json") to hash
DEBUG nx::native::tasks::hashers::hash_workspace_files: Hashing workspace fileset with inputs: Hash Value: "14205410132470996805"
DEBUG nx::native::tasks::hashers::hash_workspace_files: Hashing workspace fileset with inputs: Adding "14753650797151729951" (".gitignore") to hash
DEBUG nx::native::tasks::hashers::hash_workspace_files: Hashing workspace fileset with inputs: Adding "16727730179561442929" ("nx.json") to hash
DEBUG nx::native::tasks::hashers::hash_workspace_files: Hashing workspace fileset with inputs: Hash Value: "14205410132470996805"
DEBUG nx::native::tasks::hashers::hash_workspace_files: Hashing workspace fileset with inputs: Adding "14753650797151729951" (".gitignore") to hash
DEBUG nx::native::tasks::hashers::hash_workspace_files: Hashing workspace fileset with inputs: Adding "16727730179561442929" ("nx.json") to hash
DEBUG nx::native::tasks::hashers::hash_workspace_files: Hashing workspace fileset with inputs: Hash Value: "14205410132470996805"
DEBUG nx::native::tasks::hashers::hash_workspace_files: Hashing workspace fileset with inputs: Adding "14753650797151729951" (".gitignore") to hash
DEBUG nx::native::tasks::hashers::hash_workspace_files: Hashing workspace fileset with inputs: Adding "16727730179561442929" ("nx.json") to hash
DEBUG nx::native::tasks::hashers::hash_workspace_files: Hashing workspace fileset with inputs: Hash Value: "14205410132470996805"
DEBUG nx::native::tasks::hashers::hash_workspace_files: Hashing workspace fileset with inputs: Adding "14753650797151729951" (".gitignore") to hash
DEBUG nx::native::tasks::hashers::hash_workspace_files: Hashing workspace fileset with inputs: Adding "16727730179561442929" ("nx.json") to hash
DEBUG nx::native::tasks::hashers::hash_workspace_files: Hashing workspace fileset with inputs: Hash Value: "14205410132470996805"
DEBUG nx::native::tasks::hashers::hash_workspace_files: Hashing workspace fileset with inputs: Adding "14753650797151729951" (".gitignore") to hash
DEBUG nx::native::tasks::hashers::hash_workspace_files: Hashing workspace fileset with inputs: Adding "16727730179561442929" ("nx.json") to hash
DEBUG nx::native::tasks::hashers::hash_workspace_files: Hashing workspace fileset with inputs: Hash Value: "14205410132470996805"
DEBUG nx::native::tasks::hashers::hash_workspace_files: Hashing workspace fileset with inputs: Adding "14753650797151729951" (".gitignore") to hash
DEBUG nx::native::tasks::hashers::hash_workspace_files: Hashing workspace fileset with inputs: Adding "16727730179561442929" ("nx.json") to hash
DEBUG nx::native::tasks::hashers::hash_workspace_files: Hashing workspace fileset with inputs: Hash Value: "14205410132470996805"
DEBUG nx::native::tasks::hashers::hash_workspace_files: Hashing workspace fileset with inputs: Adding "14753650797151729951" (".gitignore") to hash
DEBUG nx::native::tasks::hashers::hash_workspace_files: Hashing workspace fileset with inputs: Adding "16727730179561442929" ("nx.json") to hash
DEBUG nx::native::tasks::hashers::hash_workspace_files: Hashing workspace fileset with inputs: Hash Value: "14205410132470996805"
DEBUG nx::native::tasks::hashers::hash_workspace_files: Hashing workspace fileset with inputs: Adding "14753650797151729951" (".gitignore") to hash
DEBUG nx::native::tasks::hashers::hash_workspace_files: Hashing workspace fileset with inputs: Adding "16727730179561442929" ("nx.json") to hash
DEBUG nx::native::tasks::hashers::hash_workspace_files: Hashing workspace fileset with inputs: Hash Value: "14205410132470996805"
DEBUG nx::native::tasks::hashers::hash_workspace_files: Hashing workspace fileset with inputs: Adding "14753650797151729951" (".gitignore") to hash
DEBUG nx::native::tasks::hashers::hash_workspace_files: Hashing workspace fileset with inputs: Adding "16727730179561442929" ("nx.json") to hash
DEBUG nx::native::tasks::hashers::hash_workspace_files: Hashing workspace fileset with inputs: Hash Value: "14205410132470996805"
DEBUG nx::native::tasks::hashers::hash_workspace_files: Hashing workspace fileset with inputs: Adding "14753650797151729951" (".gitignore") to hash
DEBUG nx::native::tasks::hashers::hash_workspace_files: Hashing workspace fileset with inputs: Adding "16727730179561442929" ("nx.json") to hash
DEBUG nx::native::tasks::hashers::hash_workspace_files: Hashing workspace fileset with inputs: Hash Value: "14205410132470996805"
DEBUG nx::native::tasks::hashers::hash_workspace_files: Hashing workspace fileset with inputs: Adding "14753650797151729951" (".gitignore") to hash
DEBUG nx::native::tasks::hashers::hash_workspace_files: Hashing workspace fileset with inputs: Adding "16727730179561442929" ("nx.json") to hash
DEBUG nx::native::tasks::hashers::hash_workspace_files: Hashing workspace fileset with inputs: Hash Value: "14205410132470996805"
DEBUG nx::native::tasks::hashers::hash_workspace_files: Hashing workspace fileset with inputs: Adding "14753650797151729951" (".gitignore") to hash
DEBUG nx::native::tasks::hashers::hash_workspace_files: Hashing workspace fileset with inputs: Adding "16727730179561442929" ("nx.json") to hash
DEBUG nx::native::tasks::hashers::hash_workspace_files: Hashing workspace fileset with inputs: Hash Value: "14205410132470996805"
DEBUG nx::native::tasks::hashers::hash_workspace_files: Hashing workspace fileset with inputs: Adding "14753650797151729951" (".gitignore") to hash
DEBUG nx::native::tasks::hashers::hash_workspace_files: Hashing workspace fileset with inputs: Adding "16727730179561442929" ("nx.json") to hash
DEBUG nx::native::tasks::hashers::hash_workspace_files: Hashing workspace fileset with inputs: Hash Value: "14205410132470996805"
DEBUG nx::native::tasks::hashers::hash_workspace_files: Hashing workspace fileset with inputs: Adding "14753650797151729951" (".gitignore") to hash
DEBUG nx::native::tasks::hashers::hash_workspace_files: Hashing workspace fileset with inputs: Adding "16727730179561442929" ("nx.json") to hash
DEBUG nx::native::tasks::hashers::hash_workspace_files: Hashing workspace fileset with inputs: Hash Value: "14205410132470996805"
DEBUG nx::native::tasks::hashers::hash_workspace_files: Hashing workspace fileset with inputs: Adding "14753650797151729951" (".gitignore") to hash
DEBUG nx::native::tasks::hashers::hash_workspace_files: Hashing workspace fileset with inputs: Adding "16727730179561442929" ("nx.json") to hash
DEBUG nx::native::tasks::hashers::hash_workspace_files: Hashing workspace fileset with inputs: Hash Value: "14205410132470996805"
DEBUG nx::native::tasks::hashers::hash_workspace_files: Hashing workspace fileset with inputs: Adding "14753650797151729951" (".gitignore") to hash
DEBUG nx::native::tasks::hashers::hash_workspace_files: Hashing workspace fileset with inputs: Adding "16727730179561442929" ("nx.json") to hash
DEBUG nx::native::tasks::hashers::hash_workspace_files: Hashing workspace fileset with inputs: Hash Value: "14205410132470996805"
DEBUG nx::native::tasks::hashers::hash_workspace_files: Hashing workspace fileset with inputs: Adding "14753650797151729951" (".gitignore") to hash
DEBUG nx::native::tasks::hashers::hash_workspace_files: Hashing workspace fileset with inputs: Adding "16727730179561442929" ("nx.json") to hash
DEBUG nx::native::tasks::hashers::hash_workspace_files: Hashing workspace fileset with inputs: Hash Value: "14205410132470996805"
DEBUG nx::native::tasks::hashers::hash_workspace_files: Hashing workspace fileset with inputs: Adding "14753650797151729951" (".gitignore") to hash
DEBUG nx::native::tasks::hashers::hash_workspace_files: Hashing workspace fileset with inputs: Adding "16727730179561442929" ("nx.json") to hash
DEBUG nx::native::tasks::hashers::hash_workspace_files: Hashing workspace fileset with inputs: Hash Value: "14205410132470996805"
DEBUG nx::native::tasks::hashers::hash_workspace_files: Hashing workspace fileset with inputs: Adding "14753650797151729951" (".gitignore") to hash
DEBUG nx::native::tasks::hashers::hash_workspace_files: Hashing workspace fileset with inputs: Adding "16727730179561442929" ("nx.json") to hash
DEBUG nx::native::tasks::hashers::hash_workspace_files: Hashing workspace fileset with inputs: Hash Value: "14205410132470996805"
DEBUG nx::native::tasks::hashers::hash_workspace_files: Hashing workspace fileset with inputs: Adding "14753650797151729951" (".gitignore") to hash
DEBUG nx::native::tasks::hashers::hash_workspace_files: Hashing workspace fileset with inputs: Adding "16727730179561442929" ("nx.json") to hash
DEBUG nx::native::tasks::hashers::hash_workspace_files: Hashing workspace fileset with inputs: Hash Value: "14205410132470996805"
DEBUG nx::native::tasks::hashers::hash_workspace_files: Hashing workspace fileset with inputs: Adding "14753650797151729951" (".gitignore") to hash
DEBUG nx::native::tasks::hashers::hash_workspace_files: Hashing workspace fileset with inputs: Adding "16727730179561442929" ("nx.json") to hash
DEBUG nx::native::tasks::hashers::hash_workspace_files: Hashing workspace fileset with inputs: Hash Value: "14205410132470996805"
DEBUG nx::native::tasks::hashers::hash_workspace_files: Hashing workspace fileset with inputs: Adding "14753650797151729951" (".gitignore") to hash
DEBUG nx::native::tasks::hashers::hash_workspace_files: Hashing workspace fileset with inputs: Adding "16727730179561442929" ("nx.json") to hash
DEBUG nx::native::tasks::hashers::hash_workspace_files: Hashing workspace fileset with inputs: Hash Value: "14205410132470996805"
DEBUG nx::native::tasks::hashers::hash_workspace_files: Hashing workspace fileset with inputs: Adding "14753650797151729951" (".gitignore") to hash
DEBUG nx::native::tasks::hashers::hash_workspace_files: Hashing workspace fileset with inputs: Adding "16727730179561442929" ("nx.json") to hash
DEBUG nx::native::tasks::hashers::hash_workspace_files: Hashing workspace fileset with inputs: Hash Value: "14205410132470996805"
DEBUG nx::native::tasks::hashers::hash_workspace_files: Hashing workspace fileset with inputs: Adding "14753650797151729951" (".gitignore") to hash
DEBUG nx::native::tasks::hashers::hash_workspace_files: Hashing workspace fileset with inputs: Adding "16727730179561442929" ("nx.json") to hash
DEBUG nx::native::tasks::hashers::hash_workspace_files: Hashing workspace fileset with inputs: Hash Value: "14205410132470996805"
DEBUG nx::native::tasks::hashers::hash_workspace_files: Hashing workspace fileset with inputs: Adding "14753650797151729951" (".gitignore") to hash
DEBUG nx::native::tasks::hashers::hash_workspace_files: Hashing workspace fileset with inputs: Adding "16727730179561442929" ("nx.json") to hash
DEBUG nx::native::tasks::hashers::hash_workspace_files: Hashing workspace fileset with inputs: Hash Value: "14205410132470996805"
DEBUG nx::native::tasks::task_hasher: hash_plans COMPLETED in 58.842208ms - processed 35 plans (setup: 405.75µs, hashing: 58.43625ms, assembly: 10.444375ms)
[NX v22.5.4 Daemon Server] - 2026-03-13T20:57:23.259Z - Serializing response for HASH_TASKS message in json mode
[NX v22.5.4 Daemon Server] - 2026-03-13T20:57:23.266Z - Responding to HASH_TASKS message
[NX v22.5.4 Daemon Server] - 2026-03-13T20:57:23.266Z - [REQUEST]: Responding to the client. handleHashTasks
[NX v22.5.4 Daemon Server] - 2026-03-13T20:57:23.280Z - Done responding to the client handleHashTasks
[NX v22.5.4 Daemon Server] - 2026-03-13T20:57:23.280Z - Handled json message HASH_TASKS. Handling time: 89. Response time: 21.
[NX v22.5.4 Daemon Client] - 2026-03-13T20:57:23.282Z - [Messenger] Received message, length: 3375343
[NX v22.5.4 Daemon Client] - 2026-03-13T20:57:23.339Z - [Messenger] Sending message type: GET_ESTIMATED_TASK_TIMINGS
[NX v22.5.4 Daemon Client] - 2026-03-13T20:57:23.339Z - [Messenger] Message sent
[NX v22.5.4 Daemon Server] - 2026-03-13T20:57:23.339Z - Received raw message of length 1816
[NX v22.5.4 Daemon Server] - 2026-03-13T20:57:23.340Z - Received json message of type GET_ESTIMATED_TASK_TIMINGS
[NX v22.5.4 Daemon Server] - 2026-03-13T20:57:23.340Z - Serializing response for GET_ESTIMATED_TASK_TIMINGS message in json mode
[NX v22.5.4 Daemon Server] - 2026-03-13T20:57:23.340Z - Responding to GET_ESTIMATED_TASK_TIMINGS message
[NX v22.5.4 Daemon Server] - 2026-03-13T20:57:23.340Z - [REQUEST]: Responding to the client. handleGetEstimatedTaskTimings
[NX v22.5.4 Daemon Server] - 2026-03-13T20:57:23.340Z - Done responding to the client handleGetEstimatedTaskTimings
[NX v22.5.4 Daemon Server] - 2026-03-13T20:57:23.340Z - Handled json message GET_ESTIMATED_TASK_TIMINGS. Handling time: 0. Response time: 0.
[NX v22.5.4 Daemon Client] - 2026-03-13T20:57:23.340Z - [Messenger] Received message, length: 1134
[NX v22.5.4 Daemon Client] - 2026-03-13T20:57:23.912Z - [Messenger] Sending message type: RECORD_OUTPUTS_HASH
[NX v22.5.4 Daemon Client] - 2026-03-13T20:57:23.912Z - [Messenger] Message sent
[NX v22.5.4 Daemon Server] - 2026-03-13T20:57:23.912Z - Received raw message of length 111
[NX v22.5.4 Daemon Server] - 2026-03-13T20:57:23.913Z - Received json message of type RECORD_OUTPUTS_HASH
[NX v22.5.4 Daemon Server] - 2026-03-13T20:57:23.913Z - Serializing response for RECORD_OUTPUTS_HASH message in json mode
[NX v22.5.4 Daemon Server] - 2026-03-13T20:57:23.913Z - Responding to RECORD_OUTPUTS_HASH message
[NX v22.5.4 Daemon Server] - 2026-03-13T20:57:23.913Z - [REQUEST]: Responding to the client. recordOutputsHash
[NX v22.5.4 Daemon Server] - 2026-03-13T20:57:23.913Z - Done responding to the client recordOutputsHash
[NX v22.5.4 Daemon Server] - 2026-03-13T20:57:23.913Z - Handled json message RECORD_OUTPUTS_HASH. Handling time: 0. Response time: 0.
[NX v22.5.4 Daemon Client] - 2026-03-13T20:57:23.913Z - [Messenger] Received message, length: 2
[NX v22.5.4 Daemon Client] - 2026-03-13T20:57:23.913Z - [Messenger] Sending message type: RECORD_OUTPUTS_HASH
[NX v22.5.4 Daemon Client] - 2026-03-13T20:57:23.913Z - [Messenger] Message sent
[NX v22.5.4 Daemon Server] - 2026-03-13T20:57:23.913Z - Received raw message of length 109
[NX v22.5.4 Daemon Server] - 2026-03-13T20:57:23.913Z - Received json message of type RECORD_OUTPUTS_HASH
[NX v22.5.4 Daemon Server] - 2026-03-13T20:57:23.913Z - Serializing response for RECORD_OUTPUTS_HASH message in json mode
[NX v22.5.4 Daemon Server] - 2026-03-13T20:57:23.913Z - Responding to RECORD_OUTPUTS_HASH message
[NX v22.5.4 Daemon Server] - 2026-03-13T20:57:23.913Z - [REQUEST]: Responding to the client. recordOutputsHash
[NX v22.5.4 Daemon Server] - 2026-03-13T20:57:23.913Z - Done responding to the client recordOutputsHash
[NX v22.5.4 Daemon Server] - 2026-03-13T20:57:23.913Z - Handled json message RECORD_OUTPUTS_HASH. Handling time: 0. Response time: 0.
[NX v22.5.4 Daemon Client] - 2026-03-13T20:57:23.920Z - [Messenger] Received message, length: 2
[NX v22.5.4 Daemon Client] - 2026-03-13T20:57:24.465Z - [Messenger] Sending message type: RECORD_OUTPUTS_HASH
[NX v22.5.4 Daemon Client] - 2026-03-13T20:57:24.465Z - [Messenger] Message sent
[NX v22.5.4 Daemon Server] - 2026-03-13T20:57:24.465Z - Received raw message of length 117
[NX v22.5.4 Daemon Server] - 2026-03-13T20:57:24.466Z - Received json message of type RECORD_OUTPUTS_HASH
[NX v22.5.4 Daemon Server] - 2026-03-13T20:57:24.466Z - Serializing response for RECORD_OUTPUTS_HASH message in json mode
[NX v22.5.4 Daemon Server] - 2026-03-13T20:57:24.466Z - Responding to RECORD_OUTPUTS_HASH message
[NX v22.5.4 Daemon Server] - 2026-03-13T20:57:24.466Z - [REQUEST]: Responding to the client. recordOutputsHash
[NX v22.5.4 Daemon Server] - 2026-03-13T20:57:24.466Z - Done responding to the client recordOutputsHash
[NX v22.5.4 Daemon Server] - 2026-03-13T20:57:24.466Z - Handled json message RECORD_OUTPUTS_HASH. Handling time: 0. Response time: 0.
[NX v22.5.4 Daemon Client] - 2026-03-13T20:57:24.466Z - [Messenger] Received message, length: 2
[NX v22.5.4 Daemon Client] - 2026-03-13T20:57:25.427Z - [Messenger] Sending message type: RECORD_OUTPUTS_HASH
[NX v22.5.4 Daemon Client] - 2026-03-13T20:57:25.427Z - [Messenger] Message sent
[NX v22.5.4 Daemon Server] - 2026-03-13T20:57:25.427Z - Received raw message of length 112
[NX v22.5.4 Daemon Server] - 2026-03-13T20:57:25.427Z - Received json message of type RECORD_OUTPUTS_HASH
[NX v22.5.4 Daemon Server] - 2026-03-13T20:57:25.427Z - Serializing response for RECORD_OUTPUTS_HASH message in json mode
[NX v22.5.4 Daemon Server] - 2026-03-13T20:57:25.427Z - Responding to RECORD_OUTPUTS_HASH message
[NX v22.5.4 Daemon Server] - 2026-03-13T20:57:25.427Z - [REQUEST]: Responding to the client. recordOutputsHash
[NX v22.5.4 Daemon Server] - 2026-03-13T20:57:25.427Z - Done responding to the client recordOutputsHash
[NX v22.5.4 Daemon Server] - 2026-03-13T20:57:25.427Z - Handled json message RECORD_OUTPUTS_HASH. Handling time: 0. Response time: 0.
[NX v22.5.4 Daemon Client] - 2026-03-13T20:57:25.427Z - [Messenger] Received message, length: 2
[NX v22.5.4 Daemon Client] - 2026-03-13T20:57:25.435Z - [Messenger] Sending message type: RECORD_OUTPUTS_HASH
[NX v22.5.4 Daemon Client] - 2026-03-13T20:57:25.435Z - [Messenger] Message sent
[NX v22.5.4 Daemon Server] - 2026-03-13T20:57:25.435Z - Received raw message of length 118
[NX v22.5.4 Daemon Server] - 2026-03-13T20:57:25.436Z - Received json message of type RECORD_OUTPUTS_HASH
[NX v22.5.4 Daemon Server] - 2026-03-13T20:57:25.436Z - Serializing response for RECORD_OUTPUTS_HASH message in json mode
[NX v22.5.4 Daemon Server] - 2026-03-13T20:57:25.436Z - Responding to RECORD_OUTPUTS_HASH message
[NX v22.5.4 Daemon Server] - 2026-03-13T20:57:25.436Z - [REQUEST]: Responding to the client. recordOutputsHash
[NX v22.5.4 Daemon Server] - 2026-03-13T20:57:25.436Z - Done responding to the client recordOutputsHash
[NX v22.5.4 Daemon Server] - 2026-03-13T20:57:25.436Z - Handled json message RECORD_OUTPUTS_HASH. Handling time: 0. Response time: 0.
[NX v22.5.4 Daemon Client] - 2026-03-13T20:57:25.436Z - [Messenger] Received message, length: 2
[NX v22.5.4 Daemon Client] - 2026-03-13T20:57:25.633Z - [Messenger] Sending message type: RECORD_OUTPUTS_HASH
[NX v22.5.4 Daemon Client] - 2026-03-13T20:57:25.633Z - [Messenger] Message sent
[NX v22.5.4 Daemon Server] - 2026-03-13T20:57:25.634Z - Received raw message of length 115
[NX v22.5.4 Daemon Server] - 2026-03-13T20:57:25.634Z - Received json message of type RECORD_OUTPUTS_HASH
[NX v22.5.4 Daemon Server] - 2026-03-13T20:57:25.634Z - Serializing response for RECORD_OUTPUTS_HASH message in json mode
[NX v22.5.4 Daemon Server] - 2026-03-13T20:57:25.634Z - Responding to RECORD_OUTPUTS_HASH message
[NX v22.5.4 Daemon Server] - 2026-03-13T20:57:25.634Z - [REQUEST]: Responding to the client. recordOutputsHash
[NX v22.5.4 Daemon Server] - 2026-03-13T20:57:25.634Z - Done responding to the client recordOutputsHash
[NX v22.5.4 Daemon Server] - 2026-03-13T20:57:25.634Z - Handled json message RECORD_OUTPUTS_HASH. Handling time: 0. Response time: 0.
[NX v22.5.4 Daemon Client] - 2026-03-13T20:57:25.634Z - [Messenger] Received message, length: 2
[NX v22.5.4 Daemon Client] - 2026-03-13T20:57:26.417Z - [Messenger] Sending message type: RECORD_OUTPUTS_HASH
[NX v22.5.4 Daemon Client] - 2026-03-13T20:57:26.417Z - [Messenger] Message sent
[NX v22.5.4 Daemon Server] - 2026-03-13T20:57:26.418Z - Received raw message of length 114
[NX v22.5.4 Daemon Server] - 2026-03-13T20:57:26.418Z - Received json message of type RECORD_OUTPUTS_HASH
[NX v22.5.4 Daemon Server] - 2026-03-13T20:57:26.421Z - Serializing response for RECORD_OUTPUTS_HASH message in json mode
[NX v22.5.4 Daemon Server] - 2026-03-13T20:57:26.421Z - Responding to RECORD_OUTPUTS_HASH message
[NX v22.5.4 Daemon Server] - 2026-03-13T20:57:26.421Z - [REQUEST]: Responding to the client. recordOutputsHash
[NX v22.5.4 Daemon Server] - 2026-03-13T20:57:26.421Z - Done responding to the client recordOutputsHash
[NX v22.5.4 Daemon Server] - 2026-03-13T20:57:26.421Z - Handled json message RECORD_OUTPUTS_HASH. Handling time: 3. Response time: 0.
[NX v22.5.4 Daemon Client] - 2026-03-13T20:57:26.421Z - [Messenger] Received message, length: 2
[NX v22.5.4 Daemon Client] - 2026-03-13T20:57:26.429Z - [Messenger] Sending message type: RECORD_OUTPUTS_HASH
[NX v22.5.4 Daemon Client] - 2026-03-13T20:57:26.430Z - [Messenger] Message sent
[NX v22.5.4 Daemon Server] - 2026-03-13T20:57:26.430Z - Received raw message of length 125
[NX v22.5.4 Daemon Server] - 2026-03-13T20:57:26.430Z - Received json message of type RECORD_OUTPUTS_HASH
[NX v22.5.4 Daemon Server] - 2026-03-13T20:57:26.430Z - Serializing response for RECORD_OUTPUTS_HASH message in json mode
[NX v22.5.4 Daemon Server] - 2026-03-13T20:57:26.430Z - Responding to RECORD_OUTPUTS_HASH message
[NX v22.5.4 Daemon Server] - 2026-03-13T20:57:26.430Z - [REQUEST]: Responding to the client. recordOutputsHash
[NX v22.5.4 Daemon Server] - 2026-03-13T20:57:26.430Z - Done responding to the client recordOutputsHash
[NX v22.5.4 Daemon Server] - 2026-03-13T20:57:26.430Z - Handled json message RECORD_OUTPUTS_HASH. Handling time: 0. Response time: 0.
[NX v22.5.4 Daemon Client] - 2026-03-13T20:57:26.430Z - [Messenger] Received message, length: 2
[NX v22.5.4 Daemon Client] - 2026-03-13T20:57:26.499Z - [Messenger] Sending message type: RECORD_OUTPUTS_HASH
[NX v22.5.4 Daemon Client] - 2026-03-13T20:57:26.499Z - [Messenger] Message sent
[NX v22.5.4 Daemon Server] - 2026-03-13T20:57:26.499Z - Received raw message of length 118
[NX v22.5.4 Daemon Server] - 2026-03-13T20:57:26.499Z - Received json message of type RECORD_OUTPUTS_HASH
[NX v22.5.4 Daemon Server] - 2026-03-13T20:57:26.499Z - Serializing response for RECORD_OUTPUTS_HASH message in json mode
[NX v22.5.4 Daemon Server] - 2026-03-13T20:57:26.499Z - Responding to RECORD_OUTPUTS_HASH message
[NX v22.5.4 Daemon Server] - 2026-03-13T20:57:26.499Z - [REQUEST]: Responding to the client. recordOutputsHash
[NX v22.5.4 Daemon Server] - 2026-03-13T20:57:26.499Z - Done responding to the client recordOutputsHash
[NX v22.5.4 Daemon Server] - 2026-03-13T20:57:26.499Z - Handled json message RECORD_OUTPUTS_HASH. Handling time: 0. Response time: 0.
[NX v22.5.4 Daemon Client] - 2026-03-13T20:57:26.499Z - [Messenger] Received message, length: 2
[NX v22.5.4 Daemon Client] - 2026-03-13T20:57:27.393Z - [Messenger] Sending message type: RECORD_OUTPUTS_HASH
[NX v22.5.4 Daemon Client] - 2026-03-13T20:57:27.393Z - [Messenger] Message sent
[NX v22.5.4 Daemon Server] - 2026-03-13T20:57:27.393Z - Received raw message of length 119
[NX v22.5.4 Daemon Server] - 2026-03-13T20:57:27.393Z - Received json message of type RECORD_OUTPUTS_HASH
[NX v22.5.4 Daemon Server] - 2026-03-13T20:57:27.393Z - Serializing response for RECORD_OUTPUTS_HASH message in json mode
[NX v22.5.4 Daemon Server] - 2026-03-13T20:57:27.393Z - Responding to RECORD_OUTPUTS_HASH message
[NX v22.5.4 Daemon Server] - 2026-03-13T20:57:27.393Z - [REQUEST]: Responding to the client. recordOutputsHash
[NX v22.5.4 Daemon Server] - 2026-03-13T20:57:27.393Z - Done responding to the client recordOutputsHash
[NX v22.5.4 Daemon Server] - 2026-03-13T20:57:27.393Z - Handled json message RECORD_OUTPUTS_HASH. Handling time: 0. Response time: 0.
[NX v22.5.4 Daemon Client] - 2026-03-13T20:57:27.393Z - [Messenger] Received message, length: 2
[NX v22.5.4 Daemon Client] - 2026-03-13T20:57:27.412Z - [Messenger] Sending message type: RECORD_OUTPUTS_HASH
[NX v22.5.4 Daemon Client] - 2026-03-13T20:57:27.412Z - [Messenger] Message sent
[NX v22.5.4 Daemon Server] - 2026-03-13T20:57:27.413Z - Received raw message of length 115
[NX v22.5.4 Daemon Server] - 2026-03-13T20:57:27.413Z - Received json message of type RECORD_OUTPUTS_HASH
[NX v22.5.4 Daemon Server] - 2026-03-13T20:57:27.413Z - Serializing response for RECORD_OUTPUTS_HASH message in json mode
[NX v22.5.4 Daemon Server] - 2026-03-13T20:57:27.413Z - Responding to RECORD_OUTPUTS_HASH message
[NX v22.5.4 Daemon Server] - 2026-03-13T20:57:27.413Z - [REQUEST]: Responding to the client. recordOutputsHash
[NX v22.5.4 Daemon Server] - 2026-03-13T20:57:27.413Z - Done responding to the client recordOutputsHash
[NX v22.5.4 Daemon Server] - 2026-03-13T20:57:27.413Z - Handled json message RECORD_OUTPUTS_HASH. Handling time: 0. Response time: 0.
[NX v22.5.4 Daemon Client] - 2026-03-13T20:57:27.413Z - [Messenger] Received message, length: 2
[NX v22.5.4 Daemon Client] - 2026-03-13T20:57:27.427Z - [Messenger] Sending message type: RECORD_OUTPUTS_HASH
[NX v22.5.4 Daemon Client] - 2026-03-13T20:57:27.427Z - [Messenger] Message sent
[NX v22.5.4 Daemon Server] - 2026-03-13T20:57:27.427Z - Received raw message of length 119
[NX v22.5.4 Daemon Server] - 2026-03-13T20:57:27.427Z - Received json message of type RECORD_OUTPUTS_HASH
[NX v22.5.4 Daemon Server] - 2026-03-13T20:57:27.427Z - Serializing response for RECORD_OUTPUTS_HASH message in json mode
[NX v22.5.4 Daemon Server] - 2026-03-13T20:57:27.427Z - Responding to RECORD_OUTPUTS_HASH message
[NX v22.5.4 Daemon Server] - 2026-03-13T20:57:27.427Z - [REQUEST]: Responding to the client. recordOutputsHash
[NX v22.5.4 Daemon Server] - 2026-03-13T20:57:27.427Z - Done responding to the client recordOutputsHash
[NX v22.5.4 Daemon Server] - 2026-03-13T20:57:27.427Z - Handled json message RECORD_OUTPUTS_HASH. Handling time: 0. Response time: 0.
[NX v22.5.4 Daemon Client] - 2026-03-13T20:57:27.427Z - [Messenger] Received message, length: 2
[NX v22.5.4 Daemon Client] - 2026-03-13T20:57:28.376Z - [Messenger] Sending message type: RECORD_OUTPUTS_HASH
[NX v22.5.4 Daemon Client] - 2026-03-13T20:57:28.376Z - [Messenger] Message sent
[NX v22.5.4 Daemon Server] - 2026-03-13T20:57:28.376Z - Received raw message of length 115
[NX v22.5.4 Daemon Server] - 2026-03-13T20:57:28.376Z - Received json message of type RECORD_OUTPUTS_HASH
[NX v22.5.4 Daemon Server] - 2026-03-13T20:57:28.377Z - Serializing response for RECORD_OUTPUTS_HASH message in json mode
[NX v22.5.4 Daemon Server] - 2026-03-13T20:57:28.377Z - Responding to RECORD_OUTPUTS_HASH message
[NX v22.5.4 Daemon Server] - 2026-03-13T20:57:28.377Z - [REQUEST]: Responding to the client. recordOutputsHash
[NX v22.5.4 Daemon Server] - 2026-03-13T20:57:28.377Z - Done responding to the client recordOutputsHash
[NX v22.5.4 Daemon Server] - 2026-03-13T20:57:28.377Z - Handled json message RECORD_OUTPUTS_HASH. Handling time: 1. Response time: 0.
[NX v22.5.4 Daemon Client] - 2026-03-13T20:57:28.377Z - [Messenger] Received message, length: 2
[NX v22.5.4 Daemon Client] - 2026-03-13T20:57:28.399Z - [Messenger] Sending message type: RECORD_OUTPUTS_HASH
[NX v22.5.4 Daemon Client] - 2026-03-13T20:57:28.399Z - [Messenger] Message sent
[NX v22.5.4 Daemon Server] - 2026-03-13T20:57:28.399Z - Received raw message of length 119
[NX v22.5.4 Daemon Server] - 2026-03-13T20:57:28.399Z - Received json message of type RECORD_OUTPUTS_HASH
[NX v22.5.4 Daemon Server] - 2026-03-13T20:57:28.399Z - Serializing response for RECORD_OUTPUTS_HASH message in json mode
[NX v22.5.4 Daemon Server] - 2026-03-13T20:57:28.399Z - Responding to RECORD_OUTPUTS_HASH message
[NX v22.5.4 Daemon Server] - 2026-03-13T20:57:28.399Z - [REQUEST]: Responding to the client. recordOutputsHash
[NX v22.5.4 Daemon Server] - 2026-03-13T20:57:28.399Z - Done responding to the client recordOutputsHash
[NX v22.5.4 Daemon Server] - 2026-03-13T20:57:28.399Z - Handled json message RECORD_OUTPUTS_HASH. Handling time: 0. Response time: 0.
[NX v22.5.4 Daemon Client] - 2026-03-13T20:57:28.399Z - [Messenger] Received message, length: 2
[NX v22.5.4 Daemon Client] - 2026-03-13T20:57:28.461Z - [Messenger] Sending message type: RECORD_OUTPUTS_HASH
[NX v22.5.4 Daemon Client] - 2026-03-13T20:57:28.461Z - [Messenger] Message sent
[NX v22.5.4 Daemon Server] - 2026-03-13T20:57:28.461Z - Received raw message of length 118
[NX v22.5.4 Daemon Server] - 2026-03-13T20:57:28.461Z - Received json message of type RECORD_OUTPUTS_HASH
[NX v22.5.4 Daemon Server] - 2026-03-13T20:57:28.461Z - Serializing response for RECORD_OUTPUTS_HASH message in json mode
[NX v22.5.4 Daemon Server] - 2026-03-13T20:57:28.461Z - Responding to RECORD_OUTPUTS_HASH message
[NX v22.5.4 Daemon Server] - 2026-03-13T20:57:28.461Z - [REQUEST]: Responding to the client. recordOutputsHash
[NX v22.5.4 Daemon Server] - 2026-03-13T20:57:28.461Z - Done responding to the client recordOutputsHash
[NX v22.5.4 Daemon Server] - 2026-03-13T20:57:28.461Z - Handled json message RECORD_OUTPUTS_HASH. Handling time: 0. Response time: 0.
[NX v22.5.4 Daemon Client] - 2026-03-13T20:57:28.461Z - [Messenger] Received message, length: 2
[NX v22.5.4 Daemon Client] - 2026-03-13T20:57:28.997Z - [Messenger] Sending message type: RECORD_OUTPUTS_HASH
[NX v22.5.4 Daemon Client] - 2026-03-13T20:57:28.997Z - [Messenger] Message sent
[NX v22.5.4 Daemon Server] - 2026-03-13T20:57:28.997Z - Received raw message of length 103
[NX v22.5.4 Daemon Server] - 2026-03-13T20:57:28.997Z - Received json message of type RECORD_OUTPUTS_HASH
[NX v22.5.4 Daemon Server] - 2026-03-13T20:57:28.997Z - Serializing response for RECORD_OUTPUTS_HASH message in json mode
[NX v22.5.4 Daemon Server] - 2026-03-13T20:57:28.997Z - Responding to RECORD_OUTPUTS_HASH message
[NX v22.5.4 Daemon Server] - 2026-03-13T20:57:28.997Z - [REQUEST]: Responding to the client. recordOutputsHash
[NX v22.5.4 Daemon Server] - 2026-03-13T20:57:28.997Z - Done responding to the client recordOutputsHash
[NX v22.5.4 Daemon Server] - 2026-03-13T20:57:28.997Z - Handled json message RECORD_OUTPUTS_HASH. Handling time: 0. Response time: 0.
[NX v22.5.4 Daemon Client] - 2026-03-13T20:57:28.997Z - [Messenger] Received message, length: 2
[NX v22.5.4 Daemon Client] - 2026-03-13T20:57:29.891Z - [Messenger] Sending message type: RECORD_OUTPUTS_HASH
[NX v22.5.4 Daemon Client] - 2026-03-13T20:57:29.891Z - [Messenger] Message sent
[NX v22.5.4 Daemon Server] - 2026-03-13T20:57:29.891Z - Received raw message of length 110
[NX v22.5.4 Daemon Server] - 2026-03-13T20:57:29.891Z - Received json message of type RECORD_OUTPUTS_HASH
[NX v22.5.4 Daemon Server] - 2026-03-13T20:57:29.891Z - Serializing response for RECORD_OUTPUTS_HASH message in json mode
[NX v22.5.4 Daemon Server] - 2026-03-13T20:57:29.891Z - Responding to RECORD_OUTPUTS_HASH message
[NX v22.5.4 Daemon Server] - 2026-03-13T20:57:29.891Z - [REQUEST]: Responding to the client. recordOutputsHash
[NX v22.5.4 Daemon Server] - 2026-03-13T20:57:29.891Z - Done responding to the client recordOutputsHash
[NX v22.5.4 Daemon Server] - 2026-03-13T20:57:29.891Z - Handled json message RECORD_OUTPUTS_HASH. Handling time: 0. Response time: 0.
[NX v22.5.4 Daemon Client] - 2026-03-13T20:57:29.891Z - [Messenger] Received message, length: 2
[NX v22.5.4 Daemon Client] - 2026-03-13T20:57:30.220Z - [Messenger] Sending message type: RECORD_OUTPUTS_HASH
[NX v22.5.4 Daemon Client] - 2026-03-13T20:57:30.220Z - [Messenger] Message sent
[NX v22.5.4 Daemon Server] - 2026-03-13T20:57:30.220Z - Received raw message of length 108
[NX v22.5.4 Daemon Server] - 2026-03-13T20:57:30.220Z - Received json message of type RECORD_OUTPUTS_HASH
[NX v22.5.4 Daemon Server] - 2026-03-13T20:57:30.220Z - Serializing response for RECORD_OUTPUTS_HASH message in json mode
[NX v22.5.4 Daemon Server] - 2026-03-13T20:57:30.220Z - Responding to RECORD_OUTPUTS_HASH message
[NX v22.5.4 Daemon Server] - 2026-03-13T20:57:30.220Z - [REQUEST]: Responding to the client. recordOutputsHash
[NX v22.5.4 Daemon Server] - 2026-03-13T20:57:30.220Z - Done responding to the client recordOutputsHash
[NX v22.5.4 Daemon Server] - 2026-03-13T20:57:30.220Z - Handled json message RECORD_OUTPUTS_HASH. Handling time: 0. Response time: 0.
[NX v22.5.4 Daemon Client] - 2026-03-13T20:57:30.220Z - [Messenger] Received message, length: 2
[NX v22.5.4 Daemon Client] - 2026-03-13T20:57:31.444Z - [Messenger] Sending message type: RECORD_OUTPUTS_HASH
[NX v22.5.4 Daemon Client] - 2026-03-13T20:57:31.444Z - [Messenger] Message sent
[NX v22.5.4 Daemon Server] - 2026-03-13T20:57:31.444Z - Received raw message of length 118
[NX v22.5.4 Daemon Server] - 2026-03-13T20:57:31.444Z - Received json message of type RECORD_OUTPUTS_HASH
[NX v22.5.4 Daemon Server] - 2026-03-13T20:57:31.444Z - Serializing response for RECORD_OUTPUTS_HASH message in json mode
[NX v22.5.4 Daemon Server] - 2026-03-13T20:57:31.444Z - Responding to RECORD_OUTPUTS_HASH message
[NX v22.5.4 Daemon Server] - 2026-03-13T20:57:31.444Z - [REQUEST]: Responding to the client. recordOutputsHash
[NX v22.5.4 Daemon Server] - 2026-03-13T20:57:31.444Z - Done responding to the client recordOutputsHash
[NX v22.5.4 Daemon Server] - 2026-03-13T20:57:31.444Z - Handled json message RECORD_OUTPUTS_HASH. Handling time: 0. Response time: 0.
[NX v22.5.4 Daemon Client] - 2026-03-13T20:57:31.444Z - [Messenger] Received message, length: 2
[NX v22.5.4 Daemon Client] - 2026-03-13T20:57:32.975Z - [Messenger] Sending message type: RECORD_OUTPUTS_HASH
[NX v22.5.4 Daemon Client] - 2026-03-13T20:57:32.975Z - [Messenger] Message sent
[NX v22.5.4 Daemon Server] - 2026-03-13T20:57:32.975Z - Received raw message of length 113
[NX v22.5.4 Daemon Server] - 2026-03-13T20:57:32.975Z - Received json message of type RECORD_OUTPUTS_HASH
[NX v22.5.4 Daemon Server] - 2026-03-13T20:57:32.975Z - Serializing response for RECORD_OUTPUTS_HASH message in json mode
[NX v22.5.4 Daemon Server] - 2026-03-13T20:57:32.975Z - Responding to RECORD_OUTPUTS_HASH message
[NX v22.5.4 Daemon Server] - 2026-03-13T20:57:32.975Z - [REQUEST]: Responding to the client. recordOutputsHash
[NX v22.5.4 Daemon Server] - 2026-03-13T20:57:32.975Z - Done responding to the client recordOutputsHash
[NX v22.5.4 Daemon Server] - 2026-03-13T20:57:32.975Z - Handled json message RECORD_OUTPUTS_HASH. Handling time: 0. Response time: 0.
[NX v22.5.4 Daemon Client] - 2026-03-13T20:57:32.975Z - [Messenger] Received message, length: 2
[NX v22.5.4 Daemon Client] - 2026-03-13T20:57:33.272Z - [Messenger] Sending message type: RECORD_OUTPUTS_HASH
[NX v22.5.4 Daemon Client] - 2026-03-13T20:57:33.272Z - [Messenger] Message sent
[NX v22.5.4 Daemon Server] - 2026-03-13T20:57:33.272Z - Received raw message of length 117
[NX v22.5.4 Daemon Server] - 2026-03-13T20:57:33.273Z - Received json message of type RECORD_OUTPUTS_HASH
[NX v22.5.4 Daemon Server] - 2026-03-13T20:57:33.273Z - Serializing response for RECORD_OUTPUTS_HASH message in json mode
[NX v22.5.4 Daemon Server] - 2026-03-13T20:57:33.273Z - Responding to RECORD_OUTPUTS_HASH message
[NX v22.5.4 Daemon Server] - 2026-03-13T20:57:33.273Z - [REQUEST]: Responding to the client. recordOutputsHash
[NX v22.5.4 Daemon Server] - 2026-03-13T20:57:33.273Z - Done responding to the client recordOutputsHash
[NX v22.5.4 Daemon Server] - 2026-03-13T20:57:33.273Z - Handled json message RECORD_OUTPUTS_HASH. Handling time: 0. Response time: 0.
[NX v22.5.4 Daemon Client] - 2026-03-13T20:57:33.273Z - [Messenger] Received message, length: 2
[NX v22.5.4 Daemon Client] - 2026-03-13T20:57:36.564Z - [Messenger] Sending message type: RECORD_OUTPUTS_HASH
[NX v22.5.4 Daemon Client] - 2026-03-13T20:57:36.564Z - [Messenger] Message sent
[NX v22.5.4 Daemon Server] - 2026-03-13T20:57:36.564Z - Received raw message of length 118
[NX v22.5.4 Daemon Server] - 2026-03-13T20:57:36.564Z - Received json message of type RECORD_OUTPUTS_HASH
[NX v22.5.4 Daemon Server] - 2026-03-13T20:57:36.564Z - Serializing response for RECORD_OUTPUTS_HASH message in json mode
[NX v22.5.4 Daemon Server] - 2026-03-13T20:57:36.564Z - Responding to RECORD_OUTPUTS_HASH message
[NX v22.5.4 Daemon Server] - 2026-03-13T20:57:36.564Z - [REQUEST]: Responding to the client. recordOutputsHash
[NX v22.5.4 Daemon Server] - 2026-03-13T20:57:36.564Z - Done responding to the client recordOutputsHash
[NX v22.5.4 Daemon Server] - 2026-03-13T20:57:36.564Z - Handled json message RECORD_OUTPUTS_HASH. Handling time: 0. Response time: 0.
[NX v22.5.4 Daemon Client] - 2026-03-13T20:57:36.565Z - [Messenger] Received message, length: 2
[NX v22.5.4 Daemon Client] - 2026-03-13T20:57:37.954Z - [Messenger] Sending message type: RECORD_OUTPUTS_HASH
[NX v22.5.4 Daemon Client] - 2026-03-13T20:57:37.954Z - [Messenger] Message sent
[NX v22.5.4 Daemon Server] - 2026-03-13T20:57:37.954Z - Received raw message of length 121
[NX v22.5.4 Daemon Server] - 2026-03-13T20:57:37.955Z - Received json message of type RECORD_OUTPUTS_HASH
[NX v22.5.4 Daemon Server] - 2026-03-13T20:57:37.955Z - Serializing response for RECORD_OUTPUTS_HASH message in json mode
[NX v22.5.4 Daemon Server] - 2026-03-13T20:57:37.955Z - Responding to RECORD_OUTPUTS_HASH message
[NX v22.5.4 Daemon Server] - 2026-03-13T20:57:37.955Z - [REQUEST]: Responding to the client. recordOutputsHash
[NX v22.5.4 Daemon Server] - 2026-03-13T20:57:37.955Z - Done responding to the client recordOutputsHash
[NX v22.5.4 Daemon Server] - 2026-03-13T20:57:37.955Z - Handled json message RECORD_OUTPUTS_HASH. Handling time: 0. Response time: 0.
[NX v22.5.4 Daemon Client] - 2026-03-13T20:57:37.955Z - [Messenger] Received message, length: 2
[NX v22.5.4 Daemon Client] - 2026-03-13T20:57:38.969Z - [Messenger] Sending message type: RECORD_OUTPUTS_HASH
[NX v22.5.4 Daemon Client] - 2026-03-13T20:57:38.969Z - [Messenger] Message sent
[NX v22.5.4 Daemon Server] - 2026-03-13T20:57:38.970Z - Received raw message of length 121
[NX v22.5.4 Daemon Server] - 2026-03-13T20:57:38.970Z - Received json message of type RECORD_OUTPUTS_HASH
[NX v22.5.4 Daemon Server] - 2026-03-13T20:57:38.970Z - Serializing response for RECORD_OUTPUTS_HASH message in json mode
[NX v22.5.4 Daemon Server] - 2026-03-13T20:57:38.970Z - Responding to RECORD_OUTPUTS_HASH message
[NX v22.5.4 Daemon Server] - 2026-03-13T20:57:38.970Z - [REQUEST]: Responding to the client. recordOutputsHash
[NX v22.5.4 Daemon Server] - 2026-03-13T20:57:38.970Z - Done responding to the client recordOutputsHash
[NX v22.5.4 Daemon Server] - 2026-03-13T20:57:38.970Z - Handled json message RECORD_OUTPUTS_HASH. Handling time: 0. Response time: 0.
[NX v22.5.4 Daemon Client] - 2026-03-13T20:57:38.970Z - [Messenger] Received message, length: 2
[NX v22.5.4 Daemon Client] - 2026-03-13T20:57:41.031Z - [Messenger] Sending message type: RECORD_OUTPUTS_HASH
[NX v22.5.4 Daemon Client] - 2026-03-13T20:57:41.032Z - [Messenger] Message sent
[NX v22.5.4 Daemon Server] - 2026-03-13T20:57:41.032Z - Received raw message of length 128
[NX v22.5.4 Daemon Server] - 2026-03-13T20:57:41.032Z - Received json message of type RECORD_OUTPUTS_HASH
[NX v22.5.4 Daemon Server] - 2026-03-13T20:57:41.032Z - Serializing response for RECORD_OUTPUTS_HASH message in json mode
[NX v22.5.4 Daemon Server] - 2026-03-13T20:57:41.032Z - Responding to RECORD_OUTPUTS_HASH message
[NX v22.5.4 Daemon Server] - 2026-03-13T20:57:41.032Z - [REQUEST]: Responding to the client. recordOutputsHash
[NX v22.5.4 Daemon Server] - 2026-03-13T20:57:41.032Z - Done responding to the client recordOutputsHash
[NX v22.5.4 Daemon Server] - 2026-03-13T20:57:41.032Z - Handled json message RECORD_OUTPUTS_HASH. Handling time: 0. Response time: 0.
[NX v22.5.4 Daemon Client] - 2026-03-13T20:57:41.032Z - [Messenger] Received message, length: 2
[NX v22.5.4 Daemon Client] - 2026-03-13T20:57:42.528Z - [Messenger] Sending message type: RECORD_OUTPUTS_HASH
[NX v22.5.4 Daemon Client] - 2026-03-13T20:57:42.528Z - [Messenger] Message sent
[NX v22.5.4 Daemon Server] - 2026-03-13T20:57:42.528Z - Received raw message of length 122
[NX v22.5.4 Daemon Server] - 2026-03-13T20:57:42.528Z - Received json message of type RECORD_OUTPUTS_HASH
[NX v22.5.4 Daemon Server] - 2026-03-13T20:57:42.529Z - Serializing response for RECORD_OUTPUTS_HASH message in json mode
[NX v22.5.4 Daemon Server] - 2026-03-13T20:57:42.529Z - Responding to RECORD_OUTPUTS_HASH message
[NX v22.5.4 Daemon Server] - 2026-03-13T20:57:42.529Z - [REQUEST]: Responding to the client. recordOutputsHash
[NX v22.5.4 Daemon Server] - 2026-03-13T20:57:42.529Z - Done responding to the client recordOutputsHash
[NX v22.5.4 Daemon Server] - 2026-03-13T20:57:42.529Z - Handled json message RECORD_OUTPUTS_HASH. Handling time: 1. Response time: 0.
[NX v22.5.4 Daemon Client] - 2026-03-13T20:57:42.529Z - [Messenger] Received message, length: 2
[NX v22.5.4 Daemon Client] - 2026-03-13T20:57:43.515Z - [Messenger] Sending message type: RECORD_OUTPUTS_HASH
[NX v22.5.4 Daemon Client] - 2026-03-13T20:57:43.515Z - [Messenger] Message sent
[NX v22.5.4 Daemon Server] - 2026-03-13T20:57:43.515Z - Received raw message of length 120
[NX v22.5.4 Daemon Server] - 2026-03-13T20:57:43.515Z - Received json message of type RECORD_OUTPUTS_HASH
[NX v22.5.4 Daemon Server] - 2026-03-13T20:57:43.516Z - Serializing response for RECORD_OUTPUTS_HASH message in json mode
[NX v22.5.4 Daemon Server] - 2026-03-13T20:57:43.516Z - Responding to RECORD_OUTPUTS_HASH message
[NX v22.5.4 Daemon Server] - 2026-03-13T20:57:43.516Z - [REQUEST]: Responding to the client. recordOutputsHash
[NX v22.5.4 Daemon Server] - 2026-03-13T20:57:43.516Z - Done responding to the client recordOutputsHash
[NX v22.5.4 Daemon Server] - 2026-03-13T20:57:43.516Z - Handled json message RECORD_OUTPUTS_HASH. Handling time: 1. Response time: 0.
[NX v22.5.4 Daemon Client] - 2026-03-13T20:57:43.516Z - [Messenger] Received message, length: 2
[NX v22.5.4 Daemon Client] - 2026-03-13T20:57:44.433Z - [Messenger] Sending message type: RECORD_OUTPUTS_HASH
[NX v22.5.4 Daemon Client] - 2026-03-13T20:57:44.433Z - [Messenger] Message sent
[NX v22.5.4 Daemon Server] - 2026-03-13T20:57:44.433Z - Received raw message of length 122
[NX v22.5.4 Daemon Server] - 2026-03-13T20:57:44.433Z - Received json message of type RECORD_OUTPUTS_HASH
[NX v22.5.4 Daemon Server] - 2026-03-13T20:57:44.433Z - Serializing response for RECORD_OUTPUTS_HASH message in json mode
[NX v22.5.4 Daemon Server] - 2026-03-13T20:57:44.433Z - Responding to RECORD_OUTPUTS_HASH message
[NX v22.5.4 Daemon Server] - 2026-03-13T20:57:44.433Z - [REQUEST]: Responding to the client. recordOutputsHash
[NX v22.5.4 Daemon Server] - 2026-03-13T20:57:44.433Z - Done responding to the client recordOutputsHash
[NX v22.5.4 Daemon Server] - 2026-03-13T20:57:44.433Z - Handled json message RECORD_OUTPUTS_HASH. Handling time: 0. Response time: 0.
[NX v22.5.4 Daemon Client] - 2026-03-13T20:57:44.433Z - [Messenger] Received message, length: 2
[NX v22.5.4 Daemon Client] - 2026-03-13T20:57:44.948Z - [Messenger] Sending message type: RECORD_OUTPUTS_HASH
[NX v22.5.4 Daemon Client] - 2026-03-13T20:57:44.948Z - [Messenger] Message sent
[NX v22.5.4 Daemon Server] - 2026-03-13T20:57:44.948Z - Received raw message of length 122
[NX v22.5.4 Daemon Server] - 2026-03-13T20:57:44.948Z - Received json message of type RECORD_OUTPUTS_HASH
[NX v22.5.4 Daemon Server] - 2026-03-13T20:57:44.948Z - Serializing response for RECORD_OUTPUTS_HASH message in json mode
[NX v22.5.4 Daemon Server] - 2026-03-13T20:57:44.948Z - Responding to RECORD_OUTPUTS_HASH message
[NX v22.5.4 Daemon Server] - 2026-03-13T20:57:44.948Z - [REQUEST]: Responding to the client. recordOutputsHash
[NX v22.5.4 Daemon Server] - 2026-03-13T20:57:44.948Z - Done responding to the client recordOutputsHash
[NX v22.5.4 Daemon Server] - 2026-03-13T20:57:44.948Z - Handled json message RECORD_OUTPUTS_HASH. Handling time: 0. Response time: 0.
[NX v22.5.4 Daemon Client] - 2026-03-13T20:57:44.948Z - [Messenger] Received message, length: 2
[NX v22.5.4 Daemon Client] - 2026-03-13T20:57:44.955Z - [Messenger] Sending message type: RECORD_OUTPUTS_HASH
[NX v22.5.4 Daemon Client] - 2026-03-13T20:57:44.955Z - [Messenger] Message sent
[NX v22.5.4 Daemon Server] - 2026-03-13T20:57:44.956Z - Received raw message of length 120
[NX v22.5.4 Daemon Server] - 2026-03-13T20:57:44.956Z - Received json message of type RECORD_OUTPUTS_HASH
[NX v22.5.4 Daemon Server] - 2026-03-13T20:57:44.956Z - Serializing response for RECORD_OUTPUTS_HASH message in json mode
[NX v22.5.4 Daemon Server] - 2026-03-13T20:57:44.956Z - Responding to RECORD_OUTPUTS_HASH message
[NX v22.5.4 Daemon Server] - 2026-03-13T20:57:44.956Z - [REQUEST]: Responding to the client. recordOutputsHash
[NX v22.5.4 Daemon Server] - 2026-03-13T20:57:44.956Z - Done responding to the client recordOutputsHash
[NX v22.5.4 Daemon Server] - 2026-03-13T20:57:44.956Z - Handled json message RECORD_OUTPUTS_HASH. Handling time: 0. Response time: 0.
[NX v22.5.4 Daemon Client] - 2026-03-13T20:57:44.956Z - [Messenger] Received message, length: 2
[NX v22.5.4 Daemon Client] - 2026-03-13T20:57:45.910Z - [Messenger] Sending message type: RECORD_OUTPUTS_HASH
[NX v22.5.4 Daemon Client] - 2026-03-13T20:57:45.910Z - [Messenger] Message sent
[NX v22.5.4 Daemon Server] - 2026-03-13T20:57:45.910Z - Received raw message of length 123
[NX v22.5.4 Daemon Server] - 2026-03-13T20:57:45.910Z - Received json message of type RECORD_OUTPUTS_HASH
[NX v22.5.4 Daemon Server] - 2026-03-13T20:57:45.910Z - Serializing response for RECORD_OUTPUTS_HASH message in json mode
[NX v22.5.4 Daemon Server] - 2026-03-13T20:57:45.910Z - Responding to RECORD_OUTPUTS_HASH message
[NX v22.5.4 Daemon Server] - 2026-03-13T20:57:45.910Z - [REQUEST]: Responding to the client. recordOutputsHash
[NX v22.5.4 Daemon Server] - 2026-03-13T20:57:45.910Z - Done responding to the client recordOutputsHash
[NX v22.5.4 Daemon Server] - 2026-03-13T20:57:45.910Z - Handled json message RECORD_OUTPUTS_HASH. Handling time: 0. Response time: 0.
[NX v22.5.4 Daemon Client] - 2026-03-13T20:57:45.910Z - [Messenger] Received message, length: 2
[NX v22.5.4 Daemon Client] - 2026-03-13T20:57:47.847Z - [Messenger] Sending message type: RECORD_OUTPUTS_HASH
[NX v22.5.4 Daemon Client] - 2026-03-13T20:57:47.847Z - [Messenger] Message sent
[NX v22.5.4 Daemon Server] - 2026-03-13T20:57:47.847Z - Received raw message of length 123
[NX v22.5.4 Daemon Server] - 2026-03-13T20:57:47.847Z - Received json message of type RECORD_OUTPUTS_HASH
[NX v22.5.4 Daemon Server] - 2026-03-13T20:57:47.847Z - Serializing response for RECORD_OUTPUTS_HASH message in json mode
[NX v22.5.4 Daemon Server] - 2026-03-13T20:57:47.847Z - Responding to RECORD_OUTPUTS_HASH message
[NX v22.5.4 Daemon Server] - 2026-03-13T20:57:47.847Z - [REQUEST]: Responding to the client. recordOutputsHash
[NX v22.5.4 Daemon Server] - 2026-03-13T20:57:47.847Z - Done responding to the client recordOutputsHash
[NX v22.5.4 Daemon Server] - 2026-03-13T20:57:47.847Z - Handled json message RECORD_OUTPUTS_HASH. Handling time: 0. Response time: 0.
[NX v22.5.4 Daemon Client] - 2026-03-13T20:57:47.847Z - [Messenger] Received message, length: 2
[NX v22.5.4 Daemon Client] - 2026-03-13T20:57:47.895Z - [Messenger] Sending message type: RECORD_OUTPUTS_HASH
[NX v22.5.4 Daemon Client] - 2026-03-13T20:57:47.895Z - [Messenger] Message sent
[NX v22.5.4 Daemon Server] - 2026-03-13T20:57:47.895Z - Received raw message of length 116
[NX v22.5.4 Daemon Server] - 2026-03-13T20:57:47.895Z - Received json message of type RECORD_OUTPUTS_HASH
[NX v22.5.4 Daemon Server] - 2026-03-13T20:57:47.895Z - Serializing response for RECORD_OUTPUTS_HASH message in json mode
[NX v22.5.4 Daemon Server] - 2026-03-13T20:57:47.895Z - Responding to RECORD_OUTPUTS_HASH message
[NX v22.5.4 Daemon Server] - 2026-03-13T20:57:47.895Z - [REQUEST]: Responding to the client. recordOutputsHash
[NX v22.5.4 Daemon Server] - 2026-03-13T20:57:47.895Z - Done responding to the client recordOutputsHash
[NX v22.5.4 Daemon Server] - 2026-03-13T20:57:47.895Z - Handled json message RECORD_OUTPUTS_HASH. Handling time: 0. Response time: 0.
[NX v22.5.4 Daemon Client] - 2026-03-13T20:57:47.895Z - [Messenger] Received message, length: 2
[NX v22.5.4 Daemon Client] - 2026-03-13T20:57:49.282Z - [Messenger] Sending message type: RECORD_OUTPUTS_HASH
[NX v22.5.4 Daemon Client] - 2026-03-13T20:57:49.282Z - [Messenger] Message sent
[NX v22.5.4 Daemon Server] - 2026-03-13T20:57:49.282Z - Received raw message of length 119
[NX v22.5.4 Daemon Server] - 2026-03-13T20:57:49.282Z - Received json message of type RECORD_OUTPUTS_HASH
[NX v22.5.4 Daemon Server] - 2026-03-13T20:57:49.282Z - Serializing response for RECORD_OUTPUTS_HASH message in json mode
[NX v22.5.4 Daemon Server] - 2026-03-13T20:57:49.282Z - Responding to RECORD_OUTPUTS_HASH message
[NX v22.5.4 Daemon Server] - 2026-03-13T20:57:49.282Z - [REQUEST]: Responding to the client. recordOutputsHash
[NX v22.5.4 Daemon Server] - 2026-03-13T20:57:49.283Z - Done responding to the client recordOutputsHash
[NX v22.5.4 Daemon Server] - 2026-03-13T20:57:49.283Z - Handled json message RECORD_OUTPUTS_HASH. Handling time: 0. Response time: 1.
[NX v22.5.4 Daemon Client] - 2026-03-13T20:57:49.283Z - [Messenger] Received message, length: 2
[NX v22.5.4 Daemon Client] - 2026-03-13T20:58:09.764Z - [Messenger] Sending message type: RECORD_OUTPUTS_HASH
[NX v22.5.4 Daemon Client] - 2026-03-13T20:58:09.765Z - [Messenger] Message sent
[NX v22.5.4 Daemon Server] - 2026-03-13T20:58:09.765Z - Received raw message of length 106
[NX v22.5.4 Daemon Server] - 2026-03-13T20:58:09.765Z - Received json message of type RECORD_OUTPUTS_HASH
[NX v22.5.4 Daemon Server] - 2026-03-13T20:58:09.765Z - Serializing response for RECORD_OUTPUTS_HASH message in json mode
[NX v22.5.4 Daemon Server] - 2026-03-13T20:58:09.765Z - Responding to RECORD_OUTPUTS_HASH message
[NX v22.5.4 Daemon Server] - 2026-03-13T20:58:09.765Z - [REQUEST]: Responding to the client. recordOutputsHash
[NX v22.5.4 Daemon Server] - 2026-03-13T20:58:09.765Z - Done responding to the client recordOutputsHash
[NX v22.5.4 Daemon Server] - 2026-03-13T20:58:09.765Z - Handled json message RECORD_OUTPUTS_HASH. Handling time: 0. Response time: 0.
[NX v22.5.4 Daemon Client] - 2026-03-13T20:58:09.765Z - [Messenger] Received message, length: 2
[NX v22.5.4 Daemon Client] - 2026-03-13T20:58:09.767Z - [Messenger] Sending message type: RECORD_TASK_RUNS
[NX v22.5.4 Daemon Client] - 2026-03-13T20:58:09.767Z - [Messenger] Message sent
[NX v22.5.4 Daemon Server] - 2026-03-13T20:58:09.767Z - Received raw message of length 6262
[NX v22.5.4 Daemon Server] - 2026-03-13T20:58:09.767Z - Received json message of type RECORD_TASK_RUNS
[NX v22.5.4 Daemon Server] - 2026-03-13T20:58:09.767Z - Serializing response for RECORD_TASK_RUNS message in json mode
[NX v22.5.4 Daemon Server] - 2026-03-13T20:58:09.767Z - Responding to RECORD_TASK_RUNS message
[NX v22.5.4 Daemon Server] - 2026-03-13T20:58:09.767Z - [REQUEST]: Responding to the client. handleRecordTaskRuns
[NX v22.5.4 Daemon Server] - 2026-03-13T20:58:09.767Z - Done responding to the client handleRecordTaskRuns
[NX v22.5.4 Daemon Server] - 2026-03-13T20:58:09.767Z - Handled json message RECORD_TASK_RUNS. Handling time: 0. Response time: 0.
[NX v22.5.4 Daemon Client] - 2026-03-13T20:58:09.767Z - [Messenger] Received message, length: 4
[NX v22.5.4 Daemon Client] - 2026-03-13T20:58:09.768Z - [Messenger] Sending message type: GET_FLAKY_TASKS
[NX v22.5.4 Daemon Client] - 2026-03-13T20:58:09.768Z - [Messenger] Message sent
[NX v22.5.4 Daemon Server] - 2026-03-13T20:58:09.768Z - Received raw message of length 817
[NX v22.5.4 Daemon Server] - 2026-03-13T20:58:09.768Z - Received json message of type GET_FLAKY_TASKS
[NX v22.5.4 Daemon Server] - 2026-03-13T20:58:09.768Z - Serializing response for GET_FLAKY_TASKS message in json mode
[NX v22.5.4 Daemon Server] - 2026-03-13T20:58:09.768Z - Responding to GET_FLAKY_TASKS message
[NX v22.5.4 Daemon Server] - 2026-03-13T20:58:09.768Z - [REQUEST]: Responding to the client. handleGetFlakyTasks
[NX v22.5.4 Daemon Server] - 2026-03-13T20:58:09.768Z - Done responding to the client handleGetFlakyTasks
[NX v22.5.4 Daemon Server] - 2026-03-13T20:58:09.768Z - Handled json message GET_FLAKY_TASKS. Handling time: 0. Response time: 0.
[NX v22.5.4 Daemon Client] - 2026-03-13T20:58:09.768Z - [Messenger] Received message, length: 2
[NX v22.5.4 Daemon Client] - 2026-03-13T20:58:10.161Z - [Messenger] Sending message type: POST_TASKS_EXECUTION
[NX v22.5.4 Daemon Client] - 2026-03-13T20:58:10.170Z - [Messenger] Message sent
[NX v22.5.4 Daemon Server] - 2026-03-13T20:58:10.174Z - Received raw message of length 2103130
[NX v22.5.4 Daemon Server] - 2026-03-13T20:58:10.183Z - Received json message of type POST_TASKS_EXECUTION
[NX v22.5.4 Daemon Server] - 2026-03-13T20:58:10.184Z - Serializing response for POST_TASKS_EXECUTION message in json mode
[NX v22.5.4 Daemon Server] - 2026-03-13T20:58:10.184Z - Responding to POST_TASKS_EXECUTION message
[NX v22.5.4 Daemon Server] - 2026-03-13T20:58:10.184Z - [REQUEST]: Responding to the client. handleRunPostTasksExecution
[NX v22.5.4 Daemon Server] - 2026-03-13T20:58:10.184Z - Done responding to the client handleRunPostTasksExecution
[NX v22.5.4 Daemon Server] - 2026-03-13T20:58:10.184Z - Handled json message POST_TASKS_EXECUTION. Handling time: 1. Response time: 0.
[NX v22.5.4 Daemon Server] - 2026-03-13T20:58:10.184Z - Time taken for 'postTasksExecution' 0.21350000001257285ms
[NX v22.5.4 Daemon Client] - 2026-03-13T20:58:10.184Z - [Messenger] Received message, length: 4
[NX v22.5.4 Daemon Server] - 2026-03-13T20:58:10.189Z - Closed a connection. Number of open connections: 0
[NX v22.5.4 Daemon Server] - 2026-03-13T20:58:59.205Z - [Server] lock file hash changed! old=16564828172524004846, new=1037655759295402689
[NX v22.5.4 Daemon Server] - 2026-03-13T20:58:59.206Z - [Server] Daemon outdated: LOCK_FILES_CHANGED
[NX v22.5.4 Daemon Server] - 2026-03-13T20:58:59.206Z - [Server] Restarting daemon...
[NX v22.5.4 Daemon Server] - 2026-03-13T20:58:59.207Z - Restarting daemon with script: /Users/orlando/dev/pos/node_modules/nx/src/daemon/server/start.js
[NX v22.5.4 Daemon Server] - 2026-03-13T20:58:59.207Z - Old daemon __dirname: /Users/orlando/dev/pos/node_modules/nx/src/daemon/server
[NX v22.5.4 Daemon Server] - 2026-03-13T20:58:59.207Z - Current process.execPath: /Users/orlando/.nvm/versions/node/v22.21.0/bin/node
[NX v22.5.4 Daemon Server] - 2026-03-13T20:58:59.208Z - Started new daemon process in background
[NX v22.5.4 Daemon Server] - 2026-03-13T20:58:59.209Z - [WATCHER]: Stopping the watcher for /Users/orlando/dev/pos (sources)
[NX v22.5.4 Daemon Server] - 2026-03-13T20:58:59.209Z - [WATCHER]: Stopping the watcher for /Users/orlando/dev/pos (outputs)
[NX v22.5.4 Daemon Server] - 2026-03-13T20:58:59.211Z - [NX-CONSOLE]: Cleaning up latest Nx installation from /var/folders/x5/g3ht8mrd3z34nssjq5gb4t880000gn/T/tmp-90570-nJ5xI7yKnkZd
[NX v22.5.4 Daemon Server] - 2026-03-13T20:58:59.212Z - Server stopped because: "LOCK_FILES_CHANGED"
[NX v22.5.4 Daemon Server] - 2026-03-13T20:58:59.427Z - New daemon starting from: /Users/orlando/dev/pos/node_modules/nx/src/daemon/server/server.js
[NX v22.5.4 Daemon Server] - 2026-03-13T20:58:59.429Z - New daemon __dirname: /Users/orlando/dev/pos/node_modules/nx/src/daemon/server
[NX v22.5.4 Daemon Server] - 2026-03-13T20:58:59.429Z - New daemon nxVersion: 22.5.4
[NX v22.5.4 Daemon Server] - 2026-03-13T20:58:59.429Z - New daemon getInstalledNxVersion(): 22.5.4
[NX v22.5.4 Daemon Server] - 2026-03-13T20:58:59.435Z - [Server] Starting outdated check interval (20ms)
[NX v22.5.4 Daemon Server] - 2026-03-13T20:58:59.436Z - Started listening on: /var/folders/x5/g3ht8mrd3z34nssjq5gb4t880000gn/T/994da697a73ff8435de4/d.sock
[NX v22.5.4 Daemon Server] - 2026-03-13T20:58:59.436Z - [WATCHER]: Subscribed to changes within: /Users/orlando/dev/pos (native)
[NX v22.5.4 Daemon Server] - 2026-03-13T20:58:59.437Z - [NX-CONSOLE]: Pulling latest Nx (latest) to check console status...
Fetching nx...
[NX v22.5.4 Daemon Server] - 2026-03-13T20:58:59.811Z - [WATCHER]: Processing file changes in outputs
Time for 'plugin worker 95023 code loading' 3.5797500000000024
Time for 'plugin worker 95022 code loading' 3.54875
Time for 'plugin worker 95024 code loading' 3.3809579999999997
[NX v22.5.4 Daemon Server] - 2026-03-13T20:58:59.970Z - [REQUEST]: Updated workspace context based on watched changes, recomputing project graph...
[NX v22.5.4 Daemon Server] - 2026-03-13T20:58:59.970Z - [REQUEST]: 
[NX v22.5.4 Daemon Server] - 2026-03-13T20:58:59.970Z - [REQUEST]: 
Time for 'nx/core/project-json:createNodes' 1.9180000000000064
Time for 'nx/js/dependencies-and-lockfile:createNodes' 224.94545800000003

 NX   Using `implicitDependencies` for global implicit dependencies configuration is no longer supported.

Use "namedInputs" instead. You can run "nx repair" to automatically migrate your configuration.
For more information about the usage of "namedInputs" see https://nx.dev/deprecated/global-implicit-dependencies#global-implicit-dependencies

Time for 'build typescript dependencies' 79.80725000000001
[NX v22.5.4 Daemon Server] - 2026-03-13T20:59:00.361Z - [SYNC]: collect registered sync generators
[NX v22.5.4 Daemon Server] - 2026-03-13T20:59:03.937Z - [NX-CONSOLE]: Successfully pulled latest Nx to /var/folders/x5/g3ht8mrd3z34nssjq5gb4t880000gn/T/tmp-94869-NBZHBvt5pPBv
[NX v22.5.4 Daemon Server] - 2026-03-13T20:59:03.991Z - [NX-CONSOLE]: Using local implementation (NX_USE_LOCAL=true or inner call)
DEBUG nx::native::ide::install: Detected editor: Unknown
[NX v22.5.4 Daemon Server] - 2026-03-13T20:59:03.991Z - [NX-CONSOLE]: Console status check completed, shouldPrompt: false
[NX v22.5.4 Daemon Server] - 2026-03-13T21:00:01.899Z - [WATCHER]: Processing file changes in outputs
[NX v22.5.4 Daemon Server] - 2026-03-13T21:00:58.273Z - [WATCHER]: Processing file changes in outputs
[NX v22.5.4 Daemon Server] - 2026-03-13T21:01:19.921Z - [WATCHER]: Processing file changes in outputs
[NX v22.5.4 Daemon Server] - 2026-03-13T21:01:21.651Z - [WATCHER]: Processing file changes in outputs
[NX v22.5.4 Daemon Server] - 2026-03-13T21:01:22.107Z - [WATCHER]: Processing file changes in outputs
[NX v22.5.4 Daemon Server] - 2026-03-13T21:01:22.280Z - [WATCHER]: Processing file changes in outputs
[NX v22.5.4 Daemon Server] - 2026-03-13T21:01:22.354Z - [WATCHER]: Processing file changes in outputs
[NX v22.5.4 Daemon Server] - 2026-03-13T21:01:22.407Z - [WATCHER]: Processing file changes in outputs
[NX v22.5.4 Daemon Server] - 2026-03-13T21:01:22.978Z - [WATCHER]: Processing file changes in outputs
[NX v22.5.4 Daemon Server] - 2026-03-13T21:01:23.924Z - [WATCHER]: Processing file changes in outputs
[NX v22.5.4 Daemon Server] - 2026-03-13T21:01:24.073Z - [WATCHER]: Processing file changes in outputs
[NX v22.5.4 Daemon Server] - 2026-03-13T21:01:24.711Z - [WATCHER]: Processing file changes in outputs
[NX v22.5.4 Daemon Server] - 2026-03-13T21:01:44.331Z - [WATCHER]: Processing file changes in outputs
[NX v22.5.4 Daemon Server] - 2026-03-13T21:01:54.632Z - Established a connection. Number of open connections: 1
[NX v22.5.4 Daemon Server] - 2026-03-13T21:01:54.632Z - Closed a connection. Number of open connections: 0
[NX v22.5.4 Daemon Server] - 2026-03-13T21:01:54.633Z - Established a connection. Number of open connections: 1
[NX v22.5.4 Daemon Server] - 2026-03-13T21:01:54.633Z - Closed a connection. Number of open connections: 0
[NX v22.5.4 Daemon Server] - 2026-03-13T21:01:54.633Z - Established a connection. Number of open connections: 1
[NX v22.5.4 Daemon Client] - 2026-03-13T21:01:54.633Z - [Messenger] Setting up socket listeners
[NX v22.5.4 Daemon Client] - 2026-03-13T21:01:54.633Z - [Messenger] listen() complete
[NX v22.5.4 Daemon Client] - 2026-03-13T21:01:54.634Z - [Messenger] Sending message type: GET_NX_CONSOLE_STATUS
[NX v22.5.4 Daemon Client] - 2026-03-13T21:01:54.635Z - [Messenger] Message sent
[NX v22.5.4 Daemon Server] - 2026-03-13T21:01:54.650Z - Received raw message of length 32
[NX v22.5.4 Daemon Server] - 2026-03-13T21:01:54.650Z - Received json message of type GET_NX_CONSOLE_STATUS
[NX v22.5.4 Daemon Server] - 2026-03-13T21:01:54.650Z - Serializing response for GET_NX_CONSOLE_STATUS message in json mode
[NX v22.5.4 Daemon Server] - 2026-03-13T21:01:54.650Z - Responding to GET_NX_CONSOLE_STATUS message
[NX v22.5.4 Daemon Server] - 2026-03-13T21:01:54.650Z - [REQUEST]: Responding to the client. handleGetNxConsoleStatus
[NX v22.5.4 Daemon Server] - 2026-03-13T21:01:54.650Z - Done responding to the client handleGetNxConsoleStatus
[NX v22.5.4 Daemon Server] - 2026-03-13T21:01:54.650Z - Handled json message GET_NX_CONSOLE_STATUS. Handling time: 0. Response time: 0.
[NX v22.5.4 Daemon Client] - 2026-03-13T21:01:54.650Z - [Messenger] Received message, length: 22
[NX v22.5.4 Daemon Client] - 2026-03-13T21:01:54.728Z - [Messenger] Sending message type: REQUEST_PROJECT_GRAPH
[NX v22.5.4 Daemon Client] - 2026-03-13T21:01:54.728Z - [Messenger] Message sent
[NX v22.5.4 Daemon Server] - 2026-03-13T21:01:54.728Z - Received raw message of length 32
[NX v22.5.4 Daemon Server] - 2026-03-13T21:01:54.728Z - Received json message of type REQUEST_PROJECT_GRAPH
[NX v22.5.4 Daemon Server] - 2026-03-13T21:01:54.728Z - [REQUEST]: Client Request for Project Graph Received
[NX v22.5.4 Daemon Server] - 2026-03-13T21:01:54.728Z - Reusing in-memory cached project graph because no files changed.
[NX v22.5.4 Daemon Server] - 2026-03-13T21:01:54.735Z - Wrote project graph cache to /Users/orlando/dev/pos/.nx/workspace-data/project-graph.json
[NX v22.5.4 Daemon Server] - 2026-03-13T21:01:54.735Z - Serializing response for REQUEST_PROJECT_GRAPH message in json mode
[NX v22.5.4 Daemon Server] - 2026-03-13T21:01:54.735Z - Responding to REQUEST_PROJECT_GRAPH message
[NX v22.5.4 Daemon Server] - 2026-03-13T21:01:54.735Z - [REQUEST]: Responding to the client. project-graph
[NX v22.5.4 Daemon Server] - 2026-03-13T21:01:54.736Z - Time taken for 'total for creating and serializing project graph' 7.38658300001407ms
[NX v22.5.4 Daemon Server] - 2026-03-13T21:01:54.740Z - Done responding to the client project-graph
[NX v22.5.4 Daemon Server] - 2026-03-13T21:01:54.740Z - Handled json message REQUEST_PROJECT_GRAPH. Handling time: 7. Response time: 5.
[NX v22.5.4 Daemon Client] - 2026-03-13T21:01:54.740Z - [Messenger] Received message, length: 1195107
[NX v22.5.4 Daemon Client] - 2026-03-13T21:01:55.068Z - [Messenger] Sending message type: PRE_TASKS_EXECUTION
[NX v22.5.4 Daemon Client] - 2026-03-13T21:01:55.068Z - [Messenger] Message sent
[NX v22.5.4 Daemon Server] - 2026-03-13T21:01:55.068Z - Received raw message of length 731
[NX v22.5.4 Daemon Server] - 2026-03-13T21:01:55.068Z - Received json message of type PRE_TASKS_EXECUTION
[NX v22.5.4 Daemon Server] - 2026-03-13T21:01:55.069Z - Serializing response for PRE_TASKS_EXECUTION message in json mode
[NX v22.5.4 Daemon Server] - 2026-03-13T21:01:55.069Z - Responding to PRE_TASKS_EXECUTION message
[NX v22.5.4 Daemon Server] - 2026-03-13T21:01:55.069Z - [REQUEST]: Responding to the client. handleRunPreTasksExecution
[NX v22.5.4 Daemon Server] - 2026-03-13T21:01:55.069Z - Done responding to the client handleRunPreTasksExecution
[NX v22.5.4 Daemon Server] - 2026-03-13T21:01:55.069Z - Handled json message PRE_TASKS_EXECUTION. Handling time: 1. Response time: 0.
[NX v22.5.4 Daemon Server] - 2026-03-13T21:01:55.069Z - Time taken for 'preTasksExecution' 0.4050000000279397ms
[NX v22.5.4 Daemon Client] - 2026-03-13T21:01:55.069Z - [Messenger] Received message, length: 2
[NX v22.5.4 Daemon Client] - 2026-03-13T21:01:55.239Z - [Messenger] Sending message type: HASH_TASKS
[NX v22.5.4 Daemon Client] - 2026-03-13T21:01:55.239Z - [Messenger] Message sent
[NX v22.5.4 Daemon Server] - 2026-03-13T21:01:55.240Z - Received raw message of length 38521
[NX v22.5.4 Daemon Server] - 2026-03-13T21:01:55.241Z - Received json message of type HASH_TASKS
[NX v22.5.4 Daemon Server] - 2026-03-13T21:01:55.241Z - Reusing in-memory cached project graph because no files changed.
DEBUG nx::native::tasks::hash_planner: get_plans_internal COMPLETED in 6.583292ms - processed 35 tasks (setup: 3.792834ms, parallel_planning: 2.790125ms)
DEBUG nx::native::tasks::hashers::hash_workspace_files: Hashing workspace fileset with inputs: Adding "14753650797151729951" (".gitignore") to hash
DEBUG nx::native::tasks::hashers::hash_workspace_files: Hashing workspace fileset with inputs: Adding "16727730179561442929" ("nx.json") to hash
DEBUG nx::native::tasks::hashers::hash_workspace_files: Hashing workspace fileset with inputs: Hash Value: "14205410132470996805"
DEBUG nx::native::tasks::hashers::hash_workspace_files: Hashing workspace fileset with inputs: Adding "14753650797151729951" (".gitignore") to hash
DEBUG nx::native::tasks::hashers::hash_workspace_files: Hashing workspace fileset with inputs: Adding "16727730179561442929" ("nx.json") to hash
DEBUG nx::native::tasks::hashers::hash_workspace_files: Hashing workspace fileset with inputs: Hash Value: "14205410132470996805"
DEBUG nx::native::tasks::hashers::hash_workspace_files: Hashing workspace fileset with inputs: Adding "14753650797151729951" (".gitignore") to hash
DEBUG nx::native::tasks::hashers::hash_workspace_files: Hashing workspace fileset with inputs: Adding "16727730179561442929" ("nx.json") to hash
DEBUG nx::native::tasks::hashers::hash_workspace_files: Hashing workspace fileset with inputs: Hash Value: "14205410132470996805"
DEBUG nx::native::tasks::hashers::hash_workspace_files: Hashing workspace fileset with inputs: Adding "14753650797151729951" (".gitignore") to hash
DEBUG nx::native::tasks::hashers::hash_workspace_files: Hashing workspace fileset with inputs: Adding "16727730179561442929" ("nx.json") to hash
DEBUG nx::native::tasks::hashers::hash_workspace_files: Hashing workspace fileset with inputs: Hash Value: "14205410132470996805"
DEBUG nx::native::tasks::hashers::hash_workspace_files: Hashing workspace fileset with inputs: Adding "14753650797151729951" (".gitignore") to hash
DEBUG nx::native::tasks::hashers::hash_workspace_files: Hashing workspace fileset with inputs: Adding "16727730179561442929" ("nx.json") to hash
DEBUG nx::native::tasks::hashers::hash_workspace_files: Hashing workspace fileset with inputs: Hash Value: "14205410132470996805"
DEBUG nx::native::tasks::hashers::hash_workspace_files: Hashing workspace fileset with inputs: Adding "14753650797151729951" (".gitignore") to hash
DEBUG nx::native::tasks::hashers::hash_workspace_files: Hashing workspace fileset with inputs: Adding "16727730179561442929" ("nx.json") to hash
DEBUG nx::native::tasks::hashers::hash_workspace_files: Hashing workspace fileset with inputs: Hash Value: "14205410132470996805"
DEBUG nx::native::tasks::hashers::hash_workspace_files: Hashing workspace fileset with inputs: Adding "14753650797151729951" (".gitignore") to hash
DEBUG nx::native::tasks::hashers::hash_workspace_files: Hashing workspace fileset with inputs: Adding "16727730179561442929" ("nx.json") to hash
DEBUG nx::native::tasks::hashers::hash_workspace_files: Hashing workspace fileset with inputs: Hash Value: "14205410132470996805"
DEBUG nx::native::tasks::hashers::hash_workspace_files: Hashing workspace fileset with inputs: Adding "14753650797151729951" (".gitignore") to hash
DEBUG nx::native::tasks::hashers::hash_workspace_files: Hashing workspace fileset with inputs: Adding "16727730179561442929" ("nx.json") to hash
DEBUG nx::native::tasks::hashers::hash_workspace_files: Hashing workspace fileset with inputs: Hash Value: "14205410132470996805"
DEBUG nx::native::tasks::hashers::hash_workspace_files: Hashing workspace fileset with inputs: Adding "14753650797151729951" (".gitignore") to hash
DEBUG nx::native::tasks::hashers::hash_workspace_files: Hashing workspace fileset with inputs: Adding "16727730179561442929" ("nx.json") to hash
DEBUG nx::native::tasks::hashers::hash_workspace_files: Hashing workspace fileset with inputs: Hash Value: "14205410132470996805"
DEBUG nx::native::tasks::hashers::hash_workspace_files: Hashing workspace fileset with inputs: Adding "14753650797151729951" (".gitignore") to hash
DEBUG nx::native::tasks::hashers::hash_workspace_files: Hashing workspace fileset with inputs: Adding "16727730179561442929" ("nx.json") to hash
DEBUG nx::native::tasks::hashers::hash_workspace_files: Hashing workspace fileset with inputs: Hash Value: "14205410132470996805"
DEBUG nx::native::tasks::hashers::hash_workspace_files: Hashing workspace fileset with inputs: Adding "14753650797151729951" (".gitignore") to hash
DEBUG nx::native::tasks::hashers::hash_workspace_files: Hashing workspace fileset with inputs: Adding "16727730179561442929" ("nx.json") to hash
DEBUG nx::native::tasks::hashers::hash_workspace_files: Hashing workspace fileset with inputs: Hash Value: "14205410132470996805"
DEBUG nx::native::tasks::hashers::hash_workspace_files: Hashing workspace fileset with inputs: Adding "14753650797151729951" (".gitignore") to hash
DEBUG nx::native::tasks::hashers::hash_workspace_files: Hashing workspace fileset with inputs: Adding "16727730179561442929" ("nx.json") to hash
DEBUG nx::native::tasks::hashers::hash_workspace_files: Hashing workspace fileset with inputs: Hash Value: "14205410132470996805"
DEBUG nx::native::tasks::hashers::hash_workspace_files: Hashing workspace fileset with inputs: Adding "14753650797151729951" (".gitignore") to hash
DEBUG nx::native::tasks::hashers::hash_workspace_files: Hashing workspace fileset with inputs: Adding "16727730179561442929" ("nx.json") to hash
DEBUG nx::native::tasks::hashers::hash_workspace_files: Hashing workspace fileset with inputs: Hash Value: "14205410132470996805"
DEBUG nx::native::tasks::hashers::hash_workspace_files: Hashing workspace fileset with inputs: Adding "14753650797151729951" (".gitignore") to hash
DEBUG nx::native::tasks::hashers::hash_workspace_files: Hashing workspace fileset with inputs: Adding "16727730179561442929" ("nx.json") to hash
DEBUG nx::native::tasks::hashers::hash_workspace_files: Hashing workspace fileset with inputs: Hash Value: "14205410132470996805"
DEBUG nx::native::tasks::hashers::hash_workspace_files: Hashing workspace fileset with inputs: Adding "14753650797151729951" (".gitignore") to hash
DEBUG nx::native::tasks::hashers::hash_workspace_files: Hashing workspace fileset with inputs: Adding "16727730179561442929" ("nx.json") to hash
DEBUG nx::native::tasks::hashers::hash_workspace_files: Hashing workspace fileset with inputs: Hash Value: "14205410132470996805"
DEBUG nx::native::tasks::hashers::hash_workspace_files: Hashing workspace fileset with inputs: Adding "14753650797151729951" (".gitignore") to hash
DEBUG nx::native::tasks::hashers::hash_workspace_files: Hashing workspace fileset with inputs: Adding "16727730179561442929" ("nx.json") to hash
DEBUG nx::native::tasks::hashers::hash_workspace_files: Hashing workspace fileset with inputs: Hash Value: "14205410132470996805"
DEBUG nx::native::tasks::hashers::hash_workspace_files: Hashing workspace fileset with inputs: Adding "14753650797151729951" (".gitignore") to hash
DEBUG nx::native::tasks::hashers::hash_workspace_files: Hashing workspace fileset with inputs: Adding "16727730179561442929" ("nx.json") to hash
DEBUG nx::native::tasks::hashers::hash_workspace_files: Hashing workspace fileset with inputs: Hash Value: "14205410132470996805"
DEBUG nx::native::tasks::hashers::hash_workspace_files: Hashing workspace fileset with inputs: Adding "14753650797151729951" (".gitignore") to hash
DEBUG nx::native::tasks::hashers::hash_workspace_files: Hashing workspace fileset with inputs: Adding "16727730179561442929" ("nx.json") to hash
DEBUG nx::native::tasks::hashers::hash_workspace_files: Hashing workspace fileset with inputs: Hash Value: "14205410132470996805"
DEBUG nx::native::tasks::hashers::hash_workspace_files: Hashing workspace fileset with inputs: Adding "14753650797151729951" (".gitignore") to hash
DEBUG nx::native::tasks::hashers::hash_workspace_files: Hashing workspace fileset with inputs: Adding "16727730179561442929" ("nx.json") to hash
DEBUG nx::native::tasks::hashers::hash_workspace_files: Hashing workspace fileset with inputs: Hash Value: "14205410132470996805"
DEBUG nx::native::tasks::hashers::hash_workspace_files: Hashing workspace fileset with inputs: Adding "14753650797151729951" (".gitignore") to hash
DEBUG nx::native::tasks::hashers::hash_workspace_files: Hashing workspace fileset with inputs: Adding "16727730179561442929" ("nx.json") to hash
DEBUG nx::native::tasks::hashers::hash_workspace_files: Hashing workspace fileset with inputs: Hash Value: "14205410132470996805"
DEBUG nx::native::tasks::hashers::hash_workspace_files: Hashing workspace fileset with inputs: Adding "14753650797151729951" (".gitignore") to hash
DEBUG nx::native::tasks::hashers::hash_workspace_files: Hashing workspace fileset with inputs: Adding "16727730179561442929" ("nx.json") to hash
DEBUG nx::native::tasks::hashers::hash_workspace_files: Hashing workspace fileset with inputs: Hash Value: "14205410132470996805"
DEBUG nx::native::tasks::hashers::hash_workspace_files: Hashing workspace fileset with inputs: Adding "14753650797151729951" (".gitignore") to hash
DEBUG nx::native::tasks::hashers::hash_workspace_files: Hashing workspace fileset with inputs: Adding "16727730179561442929" ("nx.json") to hash
DEBUG nx::native::tasks::hashers::hash_workspace_files: Hashing workspace fileset with inputs: Hash Value: "14205410132470996805"
DEBUG nx::native::tasks::hashers::hash_workspace_files: Hashing workspace fileset with inputs: Adding "14753650797151729951" (".gitignore") to hash
DEBUG nx::native::tasks::hashers::hash_workspace_files: Hashing workspace fileset with inputs: Adding "16727730179561442929" ("nx.json") to hash
DEBUG nx::native::tasks::hashers::hash_workspace_files: Hashing workspace fileset with inputs: Hash Value: "14205410132470996805"
DEBUG nx::native::tasks::hashers::hash_workspace_files: Hashing workspace fileset with inputs: Adding "14753650797151729951" (".gitignore") to hash
DEBUG nx::native::tasks::hashers::hash_workspace_files: Hashing workspace fileset with inputs: Adding "16727730179561442929" ("nx.json") to hash
DEBUG nx::native::tasks::hashers::hash_workspace_files: Hashing workspace fileset with inputs: Hash Value: "14205410132470996805"
DEBUG nx::native::tasks::hashers::hash_workspace_files: Hashing workspace fileset with inputs: Adding "14753650797151729951" (".gitignore") to hash
DEBUG nx::native::tasks::hashers::hash_workspace_files: Hashing workspace fileset with inputs: Adding "16727730179561442929" ("nx.json") to hash
DEBUG nx::native::tasks::hashers::hash_workspace_files: Hashing workspace fileset with inputs: Hash Value: "14205410132470996805"
DEBUG nx::native::tasks::hashers::hash_workspace_files: Hashing workspace fileset with inputs: Adding "14753650797151729951" (".gitignore") to hash
DEBUG nx::native::tasks::hashers::hash_workspace_files: Hashing workspace fileset with inputs: Adding "16727730179561442929" ("nx.json") to hash
DEBUG nx::native::tasks::hashers::hash_workspace_files: Hashing workspace fileset with inputs: Hash Value: "14205410132470996805"
DEBUG nx::native::tasks::hashers::hash_workspace_files: Hashing workspace fileset with inputs: Adding "14753650797151729951" (".gitignore") to hash
DEBUG nx::native::tasks::hashers::hash_workspace_files: Hashing workspace fileset with inputs: Adding "16727730179561442929" ("nx.json") to hash
DEBUG nx::native::tasks::hashers::hash_workspace_files: Hashing workspace fileset with inputs: Hash Value: "14205410132470996805"
DEBUG nx::native::tasks::hashers::hash_workspace_files: Hashing workspace fileset with inputs: Adding "14753650797151729951" (".gitignore") to hash
DEBUG nx::native::tasks::hashers::hash_workspace_files: Hashing workspace fileset with inputs: Adding "16727730179561442929" ("nx.json") to hash
DEBUG nx::native::tasks::hashers::hash_workspace_files: Hashing workspace fileset with inputs: Hash Value: "14205410132470996805"
DEBUG nx::native::tasks::hashers::hash_workspace_files: Hashing workspace fileset with inputs: Adding "14753650797151729951" (".gitignore") to hash
DEBUG nx::native::tasks::hashers::hash_workspace_files: Hashing workspace fileset with inputs: Adding "16727730179561442929" ("nx.json") to hash
DEBUG nx::native::tasks::hashers::hash_workspace_files: Hashing workspace fileset with inputs: Hash Value: "14205410132470996805"
DEBUG nx::native::tasks::hashers::hash_workspace_files: Hashing workspace fileset with inputs: Adding "14753650797151729951" (".gitignore") to hash
DEBUG nx::native::tasks::hashers::hash_workspace_files: Hashing workspace fileset with inputs: Adding "16727730179561442929" ("nx.json") to hash
DEBUG nx::native::tasks::hashers::hash_workspace_files: Hashing workspace fileset with inputs: Hash Value: "14205410132470996805"
DEBUG nx::native::tasks::hashers::hash_workspace_files: Hashing workspace fileset with inputs: Adding "14753650797151729951" (".gitignore") to hash
DEBUG nx::native::tasks::hashers::hash_workspace_files: Hashing workspace fileset with inputs: Adding "16727730179561442929" ("nx.json") to hash
DEBUG nx::native::tasks::hashers::hash_workspace_files: Hashing workspace fileset with inputs: Hash Value: "14205410132470996805"
DEBUG nx::native::tasks::hashers::hash_workspace_files: Hashing workspace fileset with inputs: Adding "14753650797151729951" (".gitignore") to hash
DEBUG nx::native::tasks::hashers::hash_workspace_files: Hashing workspace fileset with inputs: Adding "16727730179561442929" ("nx.json") to hash
DEBUG nx::native::tasks::hashers::hash_workspace_files: Hashing workspace fileset with inputs: Hash Value: "14205410132470996805"
DEBUG nx::native::tasks::hashers::hash_workspace_files: Hashing workspace fileset with inputs: Adding "14753650797151729951" (".gitignore") to hash
DEBUG nx::native::tasks::hashers::hash_workspace_files: Hashing workspace fileset with inputs: Adding "16727730179561442929" ("nx.json") to hash
DEBUG nx::native::tasks::hashers::hash_workspace_files: Hashing workspace fileset with inputs: Hash Value: "14205410132470996805"
DEBUG nx::native::tasks::hashers::hash_workspace_files: Hashing workspace fileset with inputs: Adding "14753650797151729951" (".gitignore") to hash
DEBUG nx::native::tasks::hashers::hash_workspace_files: Hashing workspace fileset with inputs: Adding "16727730179561442929" ("nx.json") to hash
DEBUG nx::native::tasks::hashers::hash_workspace_files: Hashing workspace fileset with inputs: Hash Value: "14205410132470996805"
DEBUG nx::native::tasks::hashers::hash_workspace_files: Hashing workspace fileset with inputs: Adding "14753650797151729951" (".gitignore") to hash
DEBUG nx::native::tasks::hashers::hash_workspace_files: Hashing workspace fileset with inputs: Adding "16727730179561442929" ("nx.json") to hash
DEBUG nx::native::tasks::hashers::hash_workspace_files: Hashing workspace fileset with inputs: Hash Value: "14205410132470996805"
DEBUG nx::native::tasks::task_hasher: hash_plans COMPLETED in 59.207833ms - processed 35 plans (setup: 437.333µs, hashing: 58.770416ms, assembly: 10.249583ms)
[NX v22.5.4 Daemon Server] - 2026-03-13T21:01:55.339Z - Serializing response for HASH_TASKS message in json mode
[NX v22.5.4 Daemon Server] - 2026-03-13T21:01:55.347Z - Responding to HASH_TASKS message
[NX v22.5.4 Daemon Server] - 2026-03-13T21:01:55.348Z - [REQUEST]: Responding to the client. handleHashTasks
[NX v22.5.4 Daemon Server] - 2026-03-13T21:01:55.366Z - Done responding to the client handleHashTasks
[NX v22.5.4 Daemon Server] - 2026-03-13T21:01:55.366Z - Handled json message HASH_TASKS. Handling time: 98. Response time: 27.
[NX v22.5.4 Daemon Client] - 2026-03-13T21:01:55.368Z - [Messenger] Received message, length: 3376767
[NX v22.5.4 Daemon Client] - 2026-03-13T21:01:55.452Z - [Messenger] Sending message type: GET_ESTIMATED_TASK_TIMINGS
[NX v22.5.4 Daemon Client] - 2026-03-13T21:01:55.452Z - [Messenger] Message sent
[NX v22.5.4 Daemon Server] - 2026-03-13T21:01:55.453Z - Received raw message of length 1816
[NX v22.5.4 Daemon Server] - 2026-03-13T21:01:55.453Z - Received json message of type GET_ESTIMATED_TASK_TIMINGS
[NX v22.5.4 Daemon Server] - 2026-03-13T21:01:55.601Z - Serializing response for GET_ESTIMATED_TASK_TIMINGS message in json mode
[NX v22.5.4 Daemon Server] - 2026-03-13T21:01:55.601Z - Responding to GET_ESTIMATED_TASK_TIMINGS message
[NX v22.5.4 Daemon Server] - 2026-03-13T21:01:55.601Z - [REQUEST]: Responding to the client. handleGetEstimatedTaskTimings
[NX v22.5.4 Daemon Server] - 2026-03-13T21:01:55.601Z - Done responding to the client handleGetEstimatedTaskTimings
[NX v22.5.4 Daemon Server] - 2026-03-13T21:01:55.601Z - Handled json message GET_ESTIMATED_TASK_TIMINGS. Handling time: 148. Response time: 0.
[NX v22.5.4 Daemon Client] - 2026-03-13T21:01:55.601Z - [Messenger] Received message, length: 1170
[NX v22.5.4 Daemon Server] - 2026-03-13T21:01:55.839Z - [WATCHER]: Processing file changes in outputs
[NX v22.5.4 Daemon Server] - 2026-03-13T21:01:56.393Z - [WATCHER]: Processing file changes in outputs
[NX v22.5.4 Daemon Client] - 2026-03-13T21:01:56.422Z - [Messenger] Sending message type: RECORD_OUTPUTS_HASH
[NX v22.5.4 Daemon Client] - 2026-03-13T21:01:56.422Z - [Messenger] Message sent
[NX v22.5.4 Daemon Server] - 2026-03-13T21:01:56.423Z - Received raw message of length 111
[NX v22.5.4 Daemon Server] - 2026-03-13T21:01:56.423Z - Received json message of type RECORD_OUTPUTS_HASH
[NX v22.5.4 Daemon Server] - 2026-03-13T21:01:56.424Z - Serializing response for RECORD_OUTPUTS_HASH message in json mode
[NX v22.5.4 Daemon Server] - 2026-03-13T21:01:56.424Z - Responding to RECORD_OUTPUTS_HASH message
[NX v22.5.4 Daemon Server] - 2026-03-13T21:01:56.424Z - [REQUEST]: Responding to the client. recordOutputsHash
[NX v22.5.4 Daemon Client] - 2026-03-13T21:01:56.424Z - [Messenger] Received message, length: 2
[NX v22.5.4 Daemon Server] - 2026-03-13T21:01:56.424Z - Done responding to the client recordOutputsHash
[NX v22.5.4 Daemon Server] - 2026-03-13T21:01:56.424Z - Handled json message RECORD_OUTPUTS_HASH. Handling time: 1. Response time: 0.
[NX v22.5.4 Daemon Client] - 2026-03-13T21:01:56.425Z - [Messenger] Sending message type: RECORD_OUTPUTS_HASH
[NX v22.5.4 Daemon Client] - 2026-03-13T21:01:56.425Z - [Messenger] Message sent
[NX v22.5.4 Daemon Server] - 2026-03-13T21:01:56.425Z - Received raw message of length 109
[NX v22.5.4 Daemon Server] - 2026-03-13T21:01:56.425Z - Received json message of type RECORD_OUTPUTS_HASH
[NX v22.5.4 Daemon Server] - 2026-03-13T21:01:56.425Z - Serializing response for RECORD_OUTPUTS_HASH message in json mode
[NX v22.5.4 Daemon Server] - 2026-03-13T21:01:56.425Z - Responding to RECORD_OUTPUTS_HASH message
[NX v22.5.4 Daemon Server] - 2026-03-13T21:01:56.425Z - [REQUEST]: Responding to the client. recordOutputsHash
[NX v22.5.4 Daemon Server] - 2026-03-13T21:01:56.425Z - Done responding to the client recordOutputsHash
[NX v22.5.4 Daemon Server] - 2026-03-13T21:01:56.425Z - Handled json message RECORD_OUTPUTS_HASH. Handling time: 0. Response time: 0.
[NX v22.5.4 Daemon Client] - 2026-03-13T21:01:56.433Z - [Messenger] Received message, length: 2
[NX v22.5.4 Daemon Server] - 2026-03-13T21:01:56.445Z - [WATCHER]: Processing file changes in outputs
[NX v22.5.4 Daemon Server] - 2026-03-13T21:01:56.497Z - [WATCHER]: Processing file changes in outputs
[NX v22.5.4 Daemon Client] - 2026-03-13T21:01:57.004Z - [Messenger] Sending message type: RECORD_OUTPUTS_HASH
[NX v22.5.4 Daemon Client] - 2026-03-13T21:01:57.005Z - [Messenger] Message sent
[NX v22.5.4 Daemon Server] - 2026-03-13T21:01:57.005Z - Received raw message of length 119
[NX v22.5.4 Daemon Server] - 2026-03-13T21:01:57.005Z - Received json message of type RECORD_OUTPUTS_HASH
[NX v22.5.4 Daemon Server] - 2026-03-13T21:01:57.005Z - Serializing response for RECORD_OUTPUTS_HASH message in json mode
[NX v22.5.4 Daemon Server] - 2026-03-13T21:01:57.005Z - Responding to RECORD_OUTPUTS_HASH message
[NX v22.5.4 Daemon Server] - 2026-03-13T21:01:57.005Z - [REQUEST]: Responding to the client. recordOutputsHash
[NX v22.5.4 Daemon Server] - 2026-03-13T21:01:57.005Z - Done responding to the client recordOutputsHash
[NX v22.5.4 Daemon Server] - 2026-03-13T21:01:57.005Z - Handled json message RECORD_OUTPUTS_HASH. Handling time: 0. Response time: 0.
[NX v22.5.4 Daemon Client] - 2026-03-13T21:01:57.005Z - [Messenger] Received message, length: 2
[NX v22.5.4 Daemon Client] - 2026-03-13T21:01:57.910Z - [Messenger] Sending message type: RECORD_OUTPUTS_HASH
[NX v22.5.4 Daemon Client] - 2026-03-13T21:01:57.911Z - [Messenger] Message sent
[NX v22.5.4 Daemon Server] - 2026-03-13T21:01:57.911Z - Received raw message of length 114
[NX v22.5.4 Daemon Server] - 2026-03-13T21:01:57.911Z - Received json message of type RECORD_OUTPUTS_HASH
[NX v22.5.4 Daemon Server] - 2026-03-13T21:01:57.911Z - Serializing response for RECORD_OUTPUTS_HASH message in json mode
[NX v22.5.4 Daemon Server] - 2026-03-13T21:01:57.911Z - Responding to RECORD_OUTPUTS_HASH message
[NX v22.5.4 Daemon Server] - 2026-03-13T21:01:57.911Z - [REQUEST]: Responding to the client. recordOutputsHash
[NX v22.5.4 Daemon Server] - 2026-03-13T21:01:57.911Z - Done responding to the client recordOutputsHash
[NX v22.5.4 Daemon Server] - 2026-03-13T21:01:57.911Z - Handled json message RECORD_OUTPUTS_HASH. Handling time: 0. Response time: 0.
[NX v22.5.4 Daemon Client] - 2026-03-13T21:01:57.911Z - [Messenger] Received message, length: 2
[NX v22.5.4 Daemon Client] - 2026-03-13T21:01:58.006Z - [Messenger] Sending message type: RECORD_OUTPUTS_HASH
[NX v22.5.4 Daemon Client] - 2026-03-13T21:01:58.006Z - [Messenger] Message sent
[NX v22.5.4 Daemon Server] - 2026-03-13T21:01:58.006Z - Received raw message of length 117
[NX v22.5.4 Daemon Server] - 2026-03-13T21:01:58.006Z - Received json message of type RECORD_OUTPUTS_HASH
[NX v22.5.4 Daemon Server] - 2026-03-13T21:01:58.006Z - Serializing response for RECORD_OUTPUTS_HASH message in json mode
[NX v22.5.4 Daemon Server] - 2026-03-13T21:01:58.006Z - Responding to RECORD_OUTPUTS_HASH message
[NX v22.5.4 Daemon Server] - 2026-03-13T21:01:58.006Z - [REQUEST]: Responding to the client. recordOutputsHash
[NX v22.5.4 Daemon Server] - 2026-03-13T21:01:58.006Z - Done responding to the client recordOutputsHash
[NX v22.5.4 Daemon Server] - 2026-03-13T21:01:58.006Z - Handled json message RECORD_OUTPUTS_HASH. Handling time: 0. Response time: 0.
[NX v22.5.4 Daemon Client] - 2026-03-13T21:01:58.006Z - [Messenger] Received message, length: 2
[NX v22.5.4 Daemon Client] - 2026-03-13T21:01:58.115Z - [Messenger] Sending message type: RECORD_OUTPUTS_HASH
[NX v22.5.4 Daemon Client] - 2026-03-13T21:01:58.115Z - [Messenger] Message sent
[NX v22.5.4 Daemon Server] - 2026-03-13T21:01:58.115Z - Received raw message of length 115
[NX v22.5.4 Daemon Server] - 2026-03-13T21:01:58.115Z - Received json message of type RECORD_OUTPUTS_HASH
[NX v22.5.4 Daemon Server] - 2026-03-13T21:01:58.115Z - Serializing response for RECORD_OUTPUTS_HASH message in json mode
[NX v22.5.4 Daemon Server] - 2026-03-13T21:01:58.115Z - Responding to RECORD_OUTPUTS_HASH message
[NX v22.5.4 Daemon Server] - 2026-03-13T21:01:58.115Z - [REQUEST]: Responding to the client. recordOutputsHash
[NX v22.5.4 Daemon Server] - 2026-03-13T21:01:58.115Z - Done responding to the client recordOutputsHash
[NX v22.5.4 Daemon Server] - 2026-03-13T21:01:58.115Z - Handled json message RECORD_OUTPUTS_HASH. Handling time: 0. Response time: 0.
[NX v22.5.4 Daemon Client] - 2026-03-13T21:01:58.115Z - [Messenger] Received message, length: 2
[NX v22.5.4 Daemon Client] - 2026-03-13T21:01:58.961Z - [Messenger] Sending message type: RECORD_OUTPUTS_HASH
[NX v22.5.4 Daemon Client] - 2026-03-13T21:01:58.961Z - [Messenger] Message sent
[NX v22.5.4 Daemon Server] - 2026-03-13T21:01:58.962Z - Received raw message of length 114
[NX v22.5.4 Daemon Server] - 2026-03-13T21:01:58.962Z - Received json message of type RECORD_OUTPUTS_HASH
[NX v22.5.4 Daemon Server] - 2026-03-13T21:01:58.964Z - Serializing response for RECORD_OUTPUTS_HASH message in json mode
[NX v22.5.4 Daemon Server] - 2026-03-13T21:01:58.964Z - Responding to RECORD_OUTPUTS_HASH message
[NX v22.5.4 Daemon Server] - 2026-03-13T21:01:58.964Z - [REQUEST]: Responding to the client. recordOutputsHash
[NX v22.5.4 Daemon Server] - 2026-03-13T21:01:58.964Z - Done responding to the client recordOutputsHash
[NX v22.5.4 Daemon Server] - 2026-03-13T21:01:58.964Z - Handled json message RECORD_OUTPUTS_HASH. Handling time: 2. Response time: 0.
[NX v22.5.4 Daemon Client] - 2026-03-13T21:01:58.964Z - [Messenger] Received message, length: 2
[NX v22.5.4 Daemon Client] - 2026-03-13T21:01:59.030Z - [Messenger] Sending message type: RECORD_OUTPUTS_HASH
[NX v22.5.4 Daemon Client] - 2026-03-13T21:01:59.030Z - [Messenger] Message sent
[NX v22.5.4 Daemon Server] - 2026-03-13T21:01:59.031Z - Received raw message of length 118
[NX v22.5.4 Daemon Server] - 2026-03-13T21:01:59.031Z - Received json message of type RECORD_OUTPUTS_HASH
[NX v22.5.4 Daemon Server] - 2026-03-13T21:01:59.031Z - Serializing response for RECORD_OUTPUTS_HASH message in json mode
[NX v22.5.4 Daemon Server] - 2026-03-13T21:01:59.031Z - Responding to RECORD_OUTPUTS_HASH message
[NX v22.5.4 Daemon Server] - 2026-03-13T21:01:59.031Z - [REQUEST]: Responding to the client. recordOutputsHash
[NX v22.5.4 Daemon Server] - 2026-03-13T21:01:59.031Z - Done responding to the client recordOutputsHash
[NX v22.5.4 Daemon Server] - 2026-03-13T21:01:59.031Z - Handled json message RECORD_OUTPUTS_HASH. Handling time: 0. Response time: 0.
[NX v22.5.4 Daemon Client] - 2026-03-13T21:01:59.031Z - [Messenger] Received message, length: 2
[NX v22.5.4 Daemon Client] - 2026-03-13T21:01:59.050Z - [Messenger] Sending message type: RECORD_OUTPUTS_HASH
[NX v22.5.4 Daemon Client] - 2026-03-13T21:01:59.050Z - [Messenger] Message sent
[NX v22.5.4 Daemon Server] - 2026-03-13T21:01:59.050Z - Received raw message of length 117
[NX v22.5.4 Daemon Server] - 2026-03-13T21:01:59.050Z - Received json message of type RECORD_OUTPUTS_HASH
[NX v22.5.4 Daemon Server] - 2026-03-13T21:01:59.050Z - Serializing response for RECORD_OUTPUTS_HASH message in json mode
[NX v22.5.4 Daemon Server] - 2026-03-13T21:01:59.050Z - Responding to RECORD_OUTPUTS_HASH message
[NX v22.5.4 Daemon Server] - 2026-03-13T21:01:59.050Z - [REQUEST]: Responding to the client. recordOutputsHash
[NX v22.5.4 Daemon Server] - 2026-03-13T21:01:59.050Z - Done responding to the client recordOutputsHash
[NX v22.5.4 Daemon Server] - 2026-03-13T21:01:59.050Z - Handled json message RECORD_OUTPUTS_HASH. Handling time: 0. Response time: 0.
[NX v22.5.4 Daemon Client] - 2026-03-13T21:01:59.050Z - [Messenger] Received message, length: 2
[NX v22.5.4 Daemon Client] - 2026-03-13T21:02:00.023Z - [Messenger] Sending message type: RECORD_OUTPUTS_HASH
[NX v22.5.4 Daemon Client] - 2026-03-13T21:02:00.023Z - [Messenger] Message sent
[NX v22.5.4 Daemon Server] - 2026-03-13T21:02:00.023Z - Received raw message of length 116
[NX v22.5.4 Daemon Server] - 2026-03-13T21:02:00.023Z - Received json message of type RECORD_OUTPUTS_HASH
[NX v22.5.4 Daemon Server] - 2026-03-13T21:02:00.023Z - Serializing response for RECORD_OUTPUTS_HASH message in json mode
[NX v22.5.4 Daemon Server] - 2026-03-13T21:02:00.023Z - Responding to RECORD_OUTPUTS_HASH message
[NX v22.5.4 Daemon Server] - 2026-03-13T21:02:00.023Z - [REQUEST]: Responding to the client. recordOutputsHash
[NX v22.5.4 Daemon Server] - 2026-03-13T21:02:00.023Z - Done responding to the client recordOutputsHash
[NX v22.5.4 Daemon Server] - 2026-03-13T21:02:00.023Z - Handled json message RECORD_OUTPUTS_HASH. Handling time: 0. Response time: 0.
[NX v22.5.4 Daemon Client] - 2026-03-13T21:02:00.023Z - [Messenger] Received message, length: 2
[NX v22.5.4 Daemon Client] - 2026-03-13T21:02:00.038Z - [Messenger] Sending message type: RECORD_OUTPUTS_HASH
[NX v22.5.4 Daemon Client] - 2026-03-13T21:02:00.038Z - [Messenger] Message sent
[NX v22.5.4 Daemon Server] - 2026-03-13T21:02:00.038Z - Received raw message of length 115
[NX v22.5.4 Daemon Server] - 2026-03-13T21:02:00.038Z - Received json message of type RECORD_OUTPUTS_HASH
[NX v22.5.4 Daemon Server] - 2026-03-13T21:02:00.038Z - Serializing response for RECORD_OUTPUTS_HASH message in json mode
[NX v22.5.4 Daemon Server] - 2026-03-13T21:02:00.038Z - Responding to RECORD_OUTPUTS_HASH message
[NX v22.5.4 Daemon Server] - 2026-03-13T21:02:00.038Z - [REQUEST]: Responding to the client. recordOutputsHash
[NX v22.5.4 Daemon Server] - 2026-03-13T21:02:00.038Z - Done responding to the client recordOutputsHash
[NX v22.5.4 Daemon Server] - 2026-03-13T21:02:00.038Z - Handled json message RECORD_OUTPUTS_HASH. Handling time: 0. Response time: 0.
[NX v22.5.4 Daemon Client] - 2026-03-13T21:02:00.038Z - [Messenger] Received message, length: 2
[NX v22.5.4 Daemon Client] - 2026-03-13T21:02:00.052Z - [Messenger] Sending message type: RECORD_OUTPUTS_HASH
[NX v22.5.4 Daemon Client] - 2026-03-13T21:02:00.052Z - [Messenger] Message sent
[NX v22.5.4 Daemon Server] - 2026-03-13T21:02:00.052Z - Received raw message of length 118
[NX v22.5.4 Daemon Server] - 2026-03-13T21:02:00.052Z - Received json message of type RECORD_OUTPUTS_HASH
[NX v22.5.4 Daemon Server] - 2026-03-13T21:02:00.052Z - Serializing response for RECORD_OUTPUTS_HASH message in json mode
[NX v22.5.4 Daemon Server] - 2026-03-13T21:02:00.052Z - Responding to RECORD_OUTPUTS_HASH message
[NX v22.5.4 Daemon Server] - 2026-03-13T21:02:00.052Z - [REQUEST]: Responding to the client. recordOutputsHash
[NX v22.5.4 Daemon Server] - 2026-03-13T21:02:00.052Z - Done responding to the client recordOutputsHash
[NX v22.5.4 Daemon Server] - 2026-03-13T21:02:00.052Z - Handled json message RECORD_OUTPUTS_HASH. Handling time: 0. Response time: 0.
[NX v22.5.4 Daemon Client] - 2026-03-13T21:02:00.052Z - [Messenger] Received message, length: 2
[NX v22.5.4 Daemon Client] - 2026-03-13T21:02:01.014Z - [Messenger] Sending message type: RECORD_OUTPUTS_HASH
[NX v22.5.4 Daemon Client] - 2026-03-13T21:02:01.014Z - [Messenger] Message sent
[NX v22.5.4 Daemon Server] - 2026-03-13T21:02:01.015Z - Received raw message of length 119
[NX v22.5.4 Daemon Server] - 2026-03-13T21:02:01.015Z - Received json message of type RECORD_OUTPUTS_HASH
[NX v22.5.4 Daemon Server] - 2026-03-13T21:02:01.015Z - Serializing response for RECORD_OUTPUTS_HASH message in json mode
[NX v22.5.4 Daemon Server] - 2026-03-13T21:02:01.015Z - Responding to RECORD_OUTPUTS_HASH message
[NX v22.5.4 Daemon Server] - 2026-03-13T21:02:01.015Z - [REQUEST]: Responding to the client. recordOutputsHash
[NX v22.5.4 Daemon Server] - 2026-03-13T21:02:01.015Z - Done responding to the client recordOutputsHash
[NX v22.5.4 Daemon Server] - 2026-03-13T21:02:01.015Z - Handled json message RECORD_OUTPUTS_HASH. Handling time: 0. Response time: 0.
[NX v22.5.4 Daemon Client] - 2026-03-13T21:02:01.015Z - [Messenger] Received message, length: 2
[NX v22.5.4 Daemon Client] - 2026-03-13T21:02:01.057Z - [Messenger] Sending message type: RECORD_OUTPUTS_HASH
[NX v22.5.4 Daemon Client] - 2026-03-13T21:02:01.057Z - [Messenger] Message sent
[NX v22.5.4 Daemon Server] - 2026-03-13T21:02:01.057Z - Received raw message of length 119
[NX v22.5.4 Daemon Server] - 2026-03-13T21:02:01.057Z - Received json message of type RECORD_OUTPUTS_HASH
[NX v22.5.4 Daemon Server] - 2026-03-13T21:02:01.057Z - Serializing response for RECORD_OUTPUTS_HASH message in json mode
[NX v22.5.4 Daemon Server] - 2026-03-13T21:02:01.057Z - Responding to RECORD_OUTPUTS_HASH message
[NX v22.5.4 Daemon Server] - 2026-03-13T21:02:01.057Z - [REQUEST]: Responding to the client. recordOutputsHash
[NX v22.5.4 Daemon Server] - 2026-03-13T21:02:01.057Z - Done responding to the client recordOutputsHash
[NX v22.5.4 Daemon Server] - 2026-03-13T21:02:01.057Z - Handled json message RECORD_OUTPUTS_HASH. Handling time: 0. Response time: 0.
[NX v22.5.4 Daemon Client] - 2026-03-13T21:02:01.057Z - [Messenger] Received message, length: 2
[NX v22.5.4 Daemon Client] - 2026-03-13T21:02:01.073Z - [Messenger] Sending message type: RECORD_OUTPUTS_HASH
[NX v22.5.4 Daemon Client] - 2026-03-13T21:02:01.073Z - [Messenger] Message sent
[NX v22.5.4 Daemon Server] - 2026-03-13T21:02:01.073Z - Received raw message of length 126
[NX v22.5.4 Daemon Server] - 2026-03-13T21:02:01.074Z - Received json message of type RECORD_OUTPUTS_HASH
[NX v22.5.4 Daemon Server] - 2026-03-13T21:02:01.074Z - Serializing response for RECORD_OUTPUTS_HASH message in json mode
[NX v22.5.4 Daemon Server] - 2026-03-13T21:02:01.074Z - Responding to RECORD_OUTPUTS_HASH message
[NX v22.5.4 Daemon Server] - 2026-03-13T21:02:01.074Z - [REQUEST]: Responding to the client. recordOutputsHash
[NX v22.5.4 Daemon Server] - 2026-03-13T21:02:01.074Z - Done responding to the client recordOutputsHash
[NX v22.5.4 Daemon Server] - 2026-03-13T21:02:01.074Z - Handled json message RECORD_OUTPUTS_HASH. Handling time: 0. Response time: 0.
[NX v22.5.4 Daemon Client] - 2026-03-13T21:02:01.074Z - [Messenger] Received message, length: 2
[NX v22.5.4 Daemon Client] - 2026-03-13T21:02:01.677Z - [Messenger] Sending message type: RECORD_OUTPUTS_HASH
[NX v22.5.4 Daemon Client] - 2026-03-13T21:02:01.677Z - [Messenger] Message sent
[NX v22.5.4 Daemon Server] - 2026-03-13T21:02:01.677Z - Received raw message of length 101
[NX v22.5.4 Daemon Server] - 2026-03-13T21:02:01.677Z - Received json message of type RECORD_OUTPUTS_HASH
[NX v22.5.4 Daemon Server] - 2026-03-13T21:02:01.677Z - Serializing response for RECORD_OUTPUTS_HASH message in json mode
[NX v22.5.4 Daemon Server] - 2026-03-13T21:02:01.677Z - Responding to RECORD_OUTPUTS_HASH message
[NX v22.5.4 Daemon Server] - 2026-03-13T21:02:01.677Z - [REQUEST]: Responding to the client. recordOutputsHash
[NX v22.5.4 Daemon Server] - 2026-03-13T21:02:01.677Z - Done responding to the client recordOutputsHash
[NX v22.5.4 Daemon Server] - 2026-03-13T21:02:01.677Z - Handled json message RECORD_OUTPUTS_HASH. Handling time: 0. Response time: 0.
[NX v22.5.4 Daemon Client] - 2026-03-13T21:02:01.677Z - [Messenger] Received message, length: 2
[NX v22.5.4 Daemon Client] - 2026-03-13T21:02:02.590Z - [Messenger] Sending message type: RECORD_OUTPUTS_HASH
[NX v22.5.4 Daemon Client] - 2026-03-13T21:02:02.590Z - [Messenger] Message sent
[NX v22.5.4 Daemon Server] - 2026-03-13T21:02:02.590Z - Received raw message of length 110
[NX v22.5.4 Daemon Server] - 2026-03-13T21:02:02.590Z - Received json message of type RECORD_OUTPUTS_HASH
[NX v22.5.4 Daemon Server] - 2026-03-13T21:02:02.590Z - Serializing response for RECORD_OUTPUTS_HASH message in json mode
[NX v22.5.4 Daemon Server] - 2026-03-13T21:02:02.591Z - Responding to RECORD_OUTPUTS_HASH message
[NX v22.5.4 Daemon Server] - 2026-03-13T21:02:02.591Z - [REQUEST]: Responding to the client. recordOutputsHash
[NX v22.5.4 Daemon Server] - 2026-03-13T21:02:02.591Z - Done responding to the client recordOutputsHash
[NX v22.5.4 Daemon Server] - 2026-03-13T21:02:02.591Z - Handled json message RECORD_OUTPUTS_HASH. Handling time: 0. Response time: 1.
[NX v22.5.4 Daemon Client] - 2026-03-13T21:02:02.591Z - [Messenger] Received message, length: 2
[NX v22.5.4 Daemon Client] - 2026-03-13T21:02:03.041Z - [Messenger] Sending message type: RECORD_OUTPUTS_HASH
[NX v22.5.4 Daemon Client] - 2026-03-13T21:02:03.042Z - [Messenger] Message sent
[NX v22.5.4 Daemon Server] - 2026-03-13T21:02:03.042Z - Received raw message of length 108
[NX v22.5.4 Daemon Server] - 2026-03-13T21:02:03.042Z - Received json message of type RECORD_OUTPUTS_HASH
[NX v22.5.4 Daemon Server] - 2026-03-13T21:02:03.042Z - Serializing response for RECORD_OUTPUTS_HASH message in json mode
[NX v22.5.4 Daemon Server] - 2026-03-13T21:02:03.042Z - Responding to RECORD_OUTPUTS_HASH message
[NX v22.5.4 Daemon Server] - 2026-03-13T21:02:03.042Z - [REQUEST]: Responding to the client. recordOutputsHash
[NX v22.5.4 Daemon Server] - 2026-03-13T21:02:03.042Z - Done responding to the client recordOutputsHash
[NX v22.5.4 Daemon Server] - 2026-03-13T21:02:03.042Z - Handled json message RECORD_OUTPUTS_HASH. Handling time: 0. Response time: 0.
[NX v22.5.4 Daemon Client] - 2026-03-13T21:02:03.042Z - [Messenger] Received message, length: 2
[NX v22.5.4 Daemon Client] - 2026-03-13T21:02:04.373Z - [Messenger] Sending message type: RECORD_OUTPUTS_HASH
[NX v22.5.4 Daemon Client] - 2026-03-13T21:02:04.373Z - [Messenger] Message sent
[NX v22.5.4 Daemon Server] - 2026-03-13T21:02:04.373Z - Received raw message of length 118
[NX v22.5.4 Daemon Server] - 2026-03-13T21:02:04.374Z - Received json message of type RECORD_OUTPUTS_HASH
[NX v22.5.4 Daemon Server] - 2026-03-13T21:02:04.374Z - Serializing response for RECORD_OUTPUTS_HASH message in json mode
[NX v22.5.4 Daemon Server] - 2026-03-13T21:02:04.374Z - Responding to RECORD_OUTPUTS_HASH message
[NX v22.5.4 Daemon Server] - 2026-03-13T21:02:04.374Z - [REQUEST]: Responding to the client. recordOutputsHash
[NX v22.5.4 Daemon Server] - 2026-03-13T21:02:04.374Z - Done responding to the client recordOutputsHash
[NX v22.5.4 Daemon Server] - 2026-03-13T21:02:04.374Z - Handled json message RECORD_OUTPUTS_HASH. Handling time: 0. Response time: 0.
[NX v22.5.4 Daemon Client] - 2026-03-13T21:02:04.374Z - [Messenger] Received message, length: 2
[NX v22.5.4 Daemon Client] - 2026-03-13T21:02:05.268Z - [Messenger] Sending message type: RECORD_OUTPUTS_HASH
[NX v22.5.4 Daemon Client] - 2026-03-13T21:02:05.268Z - [Messenger] Message sent
[NX v22.5.4 Daemon Server] - 2026-03-13T21:02:05.269Z - Received raw message of length 113
[NX v22.5.4 Daemon Server] - 2026-03-13T21:02:05.269Z - Received json message of type RECORD_OUTPUTS_HASH
[NX v22.5.4 Daemon Server] - 2026-03-13T21:02:05.269Z - Serializing response for RECORD_OUTPUTS_HASH message in json mode
[NX v22.5.4 Daemon Server] - 2026-03-13T21:02:05.269Z - Responding to RECORD_OUTPUTS_HASH message
[NX v22.5.4 Daemon Server] - 2026-03-13T21:02:05.269Z - [REQUEST]: Responding to the client. recordOutputsHash
[NX v22.5.4 Daemon Server] - 2026-03-13T21:02:05.269Z - Done responding to the client recordOutputsHash
[NX v22.5.4 Daemon Server] - 2026-03-13T21:02:05.269Z - Handled json message RECORD_OUTPUTS_HASH. Handling time: 0. Response time: 0.
[NX v22.5.4 Daemon Client] - 2026-03-13T21:02:05.269Z - [Messenger] Received message, length: 2
[NX v22.5.4 Daemon Client] - 2026-03-13T21:02:06.017Z - [Messenger] Sending message type: RECORD_OUTPUTS_HASH
[NX v22.5.4 Daemon Client] - 2026-03-13T21:02:06.017Z - [Messenger] Message sent
[NX v22.5.4 Daemon Server] - 2026-03-13T21:02:06.017Z - Received raw message of length 117
[NX v22.5.4 Daemon Server] - 2026-03-13T21:02:06.017Z - Received json message of type RECORD_OUTPUTS_HASH
[NX v22.5.4 Daemon Server] - 2026-03-13T21:02:06.017Z - Serializing response for RECORD_OUTPUTS_HASH message in json mode
[NX v22.5.4 Daemon Server] - 2026-03-13T21:02:06.017Z - Responding to RECORD_OUTPUTS_HASH message
[NX v22.5.4 Daemon Server] - 2026-03-13T21:02:06.017Z - [REQUEST]: Responding to the client. recordOutputsHash
[NX v22.5.4 Daemon Server] - 2026-03-13T21:02:06.017Z - Done responding to the client recordOutputsHash
[NX v22.5.4 Daemon Server] - 2026-03-13T21:02:06.017Z - Handled json message RECORD_OUTPUTS_HASH. Handling time: 0. Response time: 0.
[NX v22.5.4 Daemon Client] - 2026-03-13T21:02:06.017Z - [Messenger] Received message, length: 2
[NX v22.5.4 Daemon Client] - 2026-03-13T21:02:09.791Z - [Messenger] Sending message type: RECORD_OUTPUTS_HASH
[NX v22.5.4 Daemon Client] - 2026-03-13T21:02:09.791Z - [Messenger] Message sent
[NX v22.5.4 Daemon Server] - 2026-03-13T21:02:09.791Z - Received raw message of length 119
[NX v22.5.4 Daemon Server] - 2026-03-13T21:02:09.791Z - Received json message of type RECORD_OUTPUTS_HASH
[NX v22.5.4 Daemon Server] - 2026-03-13T21:02:09.791Z - Serializing response for RECORD_OUTPUTS_HASH message in json mode
[NX v22.5.4 Daemon Server] - 2026-03-13T21:02:09.791Z - Responding to RECORD_OUTPUTS_HASH message
[NX v22.5.4 Daemon Server] - 2026-03-13T21:02:09.791Z - [REQUEST]: Responding to the client. recordOutputsHash
[NX v22.5.4 Daemon Server] - 2026-03-13T21:02:09.791Z - Done responding to the client recordOutputsHash
[NX v22.5.4 Daemon Server] - 2026-03-13T21:02:09.791Z - Handled json message RECORD_OUTPUTS_HASH. Handling time: 0. Response time: 0.
[NX v22.5.4 Daemon Client] - 2026-03-13T21:02:09.791Z - [Messenger] Received message, length: 2
[NX v22.5.4 Daemon Client] - 2026-03-13T21:02:10.690Z - [Messenger] Sending message type: RECORD_OUTPUTS_HASH
[NX v22.5.4 Daemon Client] - 2026-03-13T21:02:10.690Z - [Messenger] Message sent
[NX v22.5.4 Daemon Server] - 2026-03-13T21:02:10.691Z - Received raw message of length 122
[NX v22.5.4 Daemon Server] - 2026-03-13T21:02:10.691Z - Received json message of type RECORD_OUTPUTS_HASH
[NX v22.5.4 Daemon Server] - 2026-03-13T21:02:10.691Z - Serializing response for RECORD_OUTPUTS_HASH message in json mode
[NX v22.5.4 Daemon Server] - 2026-03-13T21:02:10.691Z - Responding to RECORD_OUTPUTS_HASH message
[NX v22.5.4 Daemon Server] - 2026-03-13T21:02:10.691Z - [REQUEST]: Responding to the client. recordOutputsHash
[NX v22.5.4 Daemon Server] - 2026-03-13T21:02:10.691Z - Done responding to the client recordOutputsHash
[NX v22.5.4 Daemon Client] - 2026-03-13T21:02:10.691Z - [Messenger] Received message, length: 2
[NX v22.5.4 Daemon Server] - 2026-03-13T21:02:10.691Z - Handled json message RECORD_OUTPUTS_HASH. Handling time: 0. Response time: 0.
[NX v22.5.4 Daemon Client] - 2026-03-13T21:02:10.700Z - [Messenger] Sending message type: RECORD_OUTPUTS_HASH
[NX v22.5.4 Daemon Client] - 2026-03-13T21:02:10.700Z - [Messenger] Message sent
[NX v22.5.4 Daemon Server] - 2026-03-13T21:02:10.700Z - Received raw message of length 121
[NX v22.5.4 Daemon Server] - 2026-03-13T21:02:10.700Z - Received json message of type RECORD_OUTPUTS_HASH
[NX v22.5.4 Daemon Server] - 2026-03-13T21:02:10.700Z - Serializing response for RECORD_OUTPUTS_HASH message in json mode
[NX v22.5.4 Daemon Server] - 2026-03-13T21:02:10.700Z - Responding to RECORD_OUTPUTS_HASH message
[NX v22.5.4 Daemon Server] - 2026-03-13T21:02:10.700Z - [REQUEST]: Responding to the client. recordOutputsHash
[NX v22.5.4 Daemon Server] - 2026-03-13T21:02:10.700Z - Done responding to the client recordOutputsHash
[NX v22.5.4 Daemon Server] - 2026-03-13T21:02:10.700Z - Handled json message RECORD_OUTPUTS_HASH. Handling time: 0. Response time: 0.
[NX v22.5.4 Daemon Client] - 2026-03-13T21:02:10.700Z - [Messenger] Received message, length: 2
[NX v22.5.4 Daemon Client] - 2026-03-13T21:02:14.183Z - [Messenger] Sending message type: RECORD_OUTPUTS_HASH
[NX v22.5.4 Daemon Client] - 2026-03-13T21:02:14.183Z - [Messenger] Message sent
[NX v22.5.4 Daemon Server] - 2026-03-13T21:02:14.183Z - Received raw message of length 128
[NX v22.5.4 Daemon Server] - 2026-03-13T21:02:14.183Z - Received json message of type RECORD_OUTPUTS_HASH
[NX v22.5.4 Daemon Server] - 2026-03-13T21:02:14.183Z - Serializing response for RECORD_OUTPUTS_HASH message in json mode
[NX v22.5.4 Daemon Server] - 2026-03-13T21:02:14.183Z - Responding to RECORD_OUTPUTS_HASH message
[NX v22.5.4 Daemon Server] - 2026-03-13T21:02:14.183Z - [REQUEST]: Responding to the client. recordOutputsHash
[NX v22.5.4 Daemon Server] - 2026-03-13T21:02:14.183Z - Done responding to the client recordOutputsHash
[NX v22.5.4 Daemon Server] - 2026-03-13T21:02:14.183Z - Handled json message RECORD_OUTPUTS_HASH. Handling time: 0. Response time: 0.
[NX v22.5.4 Daemon Client] - 2026-03-13T21:02:14.183Z - [Messenger] Received message, length: 2
[NX v22.5.4 Daemon Client] - 2026-03-13T21:02:15.426Z - [Messenger] Sending message type: RECORD_OUTPUTS_HASH
[NX v22.5.4 Daemon Client] - 2026-03-13T21:02:15.426Z - [Messenger] Message sent
[NX v22.5.4 Daemon Server] - 2026-03-13T21:02:15.426Z - Received raw message of length 123
[NX v22.5.4 Daemon Server] - 2026-03-13T21:02:15.426Z - Received json message of type RECORD_OUTPUTS_HASH
[NX v22.5.4 Daemon Server] - 2026-03-13T21:02:15.427Z - Serializing response for RECORD_OUTPUTS_HASH message in json mode
[NX v22.5.4 Daemon Server] - 2026-03-13T21:02:15.427Z - Responding to RECORD_OUTPUTS_HASH message
[NX v22.5.4 Daemon Server] - 2026-03-13T21:02:15.427Z - [REQUEST]: Responding to the client. recordOutputsHash
[NX v22.5.4 Daemon Server] - 2026-03-13T21:02:15.427Z - Done responding to the client recordOutputsHash
[NX v22.5.4 Daemon Server] - 2026-03-13T21:02:15.427Z - Handled json message RECORD_OUTPUTS_HASH. Handling time: 1. Response time: 0.
[NX v22.5.4 Daemon Client] - 2026-03-13T21:02:15.427Z - [Messenger] Received message, length: 2
[NX v22.5.4 Daemon Client] - 2026-03-13T21:02:15.434Z - [Messenger] Sending message type: RECORD_OUTPUTS_HASH
[NX v22.5.4 Daemon Client] - 2026-03-13T21:02:15.435Z - [Messenger] Message sent
[NX v22.5.4 Daemon Server] - 2026-03-13T21:02:15.435Z - Received raw message of length 121
[NX v22.5.4 Daemon Server] - 2026-03-13T21:02:15.435Z - Received json message of type RECORD_OUTPUTS_HASH
[NX v22.5.4 Daemon Server] - 2026-03-13T21:02:15.435Z - Serializing response for RECORD_OUTPUTS_HASH message in json mode
[NX v22.5.4 Daemon Server] - 2026-03-13T21:02:15.435Z - Responding to RECORD_OUTPUTS_HASH message
[NX v22.5.4 Daemon Server] - 2026-03-13T21:02:15.435Z - [REQUEST]: Responding to the client. recordOutputsHash
[NX v22.5.4 Daemon Server] - 2026-03-13T21:02:15.435Z - Done responding to the client recordOutputsHash
[NX v22.5.4 Daemon Server] - 2026-03-13T21:02:15.435Z - Handled json message RECORD_OUTPUTS_HASH. Handling time: 0. Response time: 0.
[NX v22.5.4 Daemon Client] - 2026-03-13T21:02:15.435Z - [Messenger] Received message, length: 2
[NX v22.5.4 Daemon Client] - 2026-03-13T21:02:17.282Z - [Messenger] Sending message type: RECORD_OUTPUTS_HASH
[NX v22.5.4 Daemon Client] - 2026-03-13T21:02:17.282Z - [Messenger] Message sent
[NX v22.5.4 Daemon Server] - 2026-03-13T21:02:17.282Z - Received raw message of length 120
[NX v22.5.4 Daemon Server] - 2026-03-13T21:02:17.283Z - Received json message of type RECORD_OUTPUTS_HASH
[NX v22.5.4 Daemon Server] - 2026-03-13T21:02:17.283Z - Serializing response for RECORD_OUTPUTS_HASH message in json mode
[NX v22.5.4 Daemon Server] - 2026-03-13T21:02:17.283Z - Responding to RECORD_OUTPUTS_HASH message
[NX v22.5.4 Daemon Server] - 2026-03-13T21:02:17.283Z - [REQUEST]: Responding to the client. recordOutputsHash
[NX v22.5.4 Daemon Server] - 2026-03-13T21:02:17.283Z - Done responding to the client recordOutputsHash
[NX v22.5.4 Daemon Server] - 2026-03-13T21:02:17.283Z - Handled json message RECORD_OUTPUTS_HASH. Handling time: 0. Response time: 0.
[NX v22.5.4 Daemon Client] - 2026-03-13T21:02:17.283Z - [Messenger] Received message, length: 2
[NX v22.5.4 Daemon Client] - 2026-03-13T21:02:17.730Z - [Messenger] Sending message type: RECORD_OUTPUTS_HASH
[NX v22.5.4 Daemon Client] - 2026-03-13T21:02:17.730Z - [Messenger] Message sent
[NX v22.5.4 Daemon Server] - 2026-03-13T21:02:17.731Z - Received raw message of length 122
[NX v22.5.4 Daemon Server] - 2026-03-13T21:02:17.731Z - Received json message of type RECORD_OUTPUTS_HASH
[NX v22.5.4 Daemon Server] - 2026-03-13T21:02:17.731Z - Serializing response for RECORD_OUTPUTS_HASH message in json mode
[NX v22.5.4 Daemon Server] - 2026-03-13T21:02:17.731Z - Responding to RECORD_OUTPUTS_HASH message
[NX v22.5.4 Daemon Server] - 2026-03-13T21:02:17.731Z - [REQUEST]: Responding to the client. recordOutputsHash
[NX v22.5.4 Daemon Server] - 2026-03-13T21:02:17.731Z - Done responding to the client recordOutputsHash
[NX v22.5.4 Daemon Server] - 2026-03-13T21:02:17.731Z - Handled json message RECORD_OUTPUTS_HASH. Handling time: 0. Response time: 0.
[NX v22.5.4 Daemon Client] - 2026-03-13T21:02:17.731Z - [Messenger] Received message, length: 2
[NX v22.5.4 Daemon Client] - 2026-03-13T21:02:17.962Z - [Messenger] Sending message type: RECORD_OUTPUTS_HASH
[NX v22.5.4 Daemon Client] - 2026-03-13T21:02:17.962Z - [Messenger] Message sent
[NX v22.5.4 Daemon Server] - 2026-03-13T21:02:17.962Z - Received raw message of length 121
[NX v22.5.4 Daemon Server] - 2026-03-13T21:02:17.962Z - Received json message of type RECORD_OUTPUTS_HASH
[NX v22.5.4 Daemon Server] - 2026-03-13T21:02:17.962Z - Serializing response for RECORD_OUTPUTS_HASH message in json mode
[NX v22.5.4 Daemon Server] - 2026-03-13T21:02:17.962Z - Responding to RECORD_OUTPUTS_HASH message
[NX v22.5.4 Daemon Server] - 2026-03-13T21:02:17.962Z - [REQUEST]: Responding to the client. recordOutputsHash
[NX v22.5.4 Daemon Server] - 2026-03-13T21:02:17.962Z - Done responding to the client recordOutputsHash
[NX v22.5.4 Daemon Server] - 2026-03-13T21:02:17.962Z - Handled json message RECORD_OUTPUTS_HASH. Handling time: 0. Response time: 0.
[NX v22.5.4 Daemon Client] - 2026-03-13T21:02:17.963Z - [Messenger] Received message, length: 2
[NX v22.5.4 Daemon Client] - 2026-03-13T21:02:18.772Z - [Messenger] Sending message type: RECORD_OUTPUTS_HASH
[NX v22.5.4 Daemon Client] - 2026-03-13T21:02:18.772Z - [Messenger] Message sent
[NX v22.5.4 Daemon Server] - 2026-03-13T21:02:18.772Z - Received raw message of length 122
[NX v22.5.4 Daemon Server] - 2026-03-13T21:02:18.772Z - Received json message of type RECORD_OUTPUTS_HASH
[NX v22.5.4 Daemon Server] - 2026-03-13T21:02:18.772Z - Serializing response for RECORD_OUTPUTS_HASH message in json mode
[NX v22.5.4 Daemon Server] - 2026-03-13T21:02:18.772Z - Responding to RECORD_OUTPUTS_HASH message
[NX v22.5.4 Daemon Server] - 2026-03-13T21:02:18.772Z - [REQUEST]: Responding to the client. recordOutputsHash
[NX v22.5.4 Daemon Server] - 2026-03-13T21:02:18.772Z - Done responding to the client recordOutputsHash
[NX v22.5.4 Daemon Server] - 2026-03-13T21:02:18.772Z - Handled json message RECORD_OUTPUTS_HASH. Handling time: 0. Response time: 0.
[NX v22.5.4 Daemon Client] - 2026-03-13T21:02:18.772Z - [Messenger] Received message, length: 2
[NX v22.5.4 Daemon Client] - 2026-03-13T21:02:20.389Z - [Messenger] Sending message type: RECORD_OUTPUTS_HASH
[NX v22.5.4 Daemon Client] - 2026-03-13T21:02:20.389Z - [Messenger] Message sent
[NX v22.5.4 Daemon Server] - 2026-03-13T21:02:20.389Z - Received raw message of length 116
[NX v22.5.4 Daemon Server] - 2026-03-13T21:02:20.389Z - Received json message of type RECORD_OUTPUTS_HASH
[NX v22.5.4 Daemon Server] - 2026-03-13T21:02:20.389Z - Serializing response for RECORD_OUTPUTS_HASH message in json mode
[NX v22.5.4 Daemon Server] - 2026-03-13T21:02:20.389Z - Responding to RECORD_OUTPUTS_HASH message
[NX v22.5.4 Daemon Server] - 2026-03-13T21:02:20.389Z - [REQUEST]: Responding to the client. recordOutputsHash
[NX v22.5.4 Daemon Server] - 2026-03-13T21:02:20.389Z - Done responding to the client recordOutputsHash
[NX v22.5.4 Daemon Server] - 2026-03-13T21:02:20.389Z - Handled json message RECORD_OUTPUTS_HASH. Handling time: 0. Response time: 0.
[NX v22.5.4 Daemon Client] - 2026-03-13T21:02:20.389Z - [Messenger] Received message, length: 2
[NX v22.5.4 Daemon Client] - 2026-03-13T21:02:20.693Z - [Messenger] Sending message type: RECORD_OUTPUTS_HASH
[NX v22.5.4 Daemon Client] - 2026-03-13T21:02:20.693Z - [Messenger] Message sent
[NX v22.5.4 Daemon Server] - 2026-03-13T21:02:20.693Z - Received raw message of length 123
[NX v22.5.4 Daemon Server] - 2026-03-13T21:02:20.693Z - Received json message of type RECORD_OUTPUTS_HASH
[NX v22.5.4 Daemon Server] - 2026-03-13T21:02:20.693Z - Serializing response for RECORD_OUTPUTS_HASH message in json mode
[NX v22.5.4 Daemon Server] - 2026-03-13T21:02:20.693Z - Responding to RECORD_OUTPUTS_HASH message
[NX v22.5.4 Daemon Server] - 2026-03-13T21:02:20.693Z - [REQUEST]: Responding to the client. recordOutputsHash
[NX v22.5.4 Daemon Server] - 2026-03-13T21:02:20.693Z - Done responding to the client recordOutputsHash
[NX v22.5.4 Daemon Server] - 2026-03-13T21:02:20.693Z - Handled json message RECORD_OUTPUTS_HASH. Handling time: 0. Response time: 0.
[NX v22.5.4 Daemon Client] - 2026-03-13T21:02:20.693Z - [Messenger] Received message, length: 2
[NX v22.5.4 Daemon Client] - 2026-03-13T21:02:22.259Z - [Messenger] Sending message type: RECORD_OUTPUTS_HASH
[NX v22.5.4 Daemon Client] - 2026-03-13T21:02:22.259Z - [Messenger] Message sent
[NX v22.5.4 Daemon Server] - 2026-03-13T21:02:22.259Z - Received raw message of length 119
[NX v22.5.4 Daemon Server] - 2026-03-13T21:02:22.259Z - Received json message of type RECORD_OUTPUTS_HASH
[NX v22.5.4 Daemon Server] - 2026-03-13T21:02:22.259Z - Serializing response for RECORD_OUTPUTS_HASH message in json mode
[NX v22.5.4 Daemon Server] - 2026-03-13T21:02:22.259Z - Responding to RECORD_OUTPUTS_HASH message
[NX v22.5.4 Daemon Server] - 2026-03-13T21:02:22.259Z - [REQUEST]: Responding to the client. recordOutputsHash
[NX v22.5.4 Daemon Server] - 2026-03-13T21:02:22.259Z - Done responding to the client recordOutputsHash
[NX v22.5.4 Daemon Server] - 2026-03-13T21:02:22.259Z - Handled json message RECORD_OUTPUTS_HASH. Handling time: 0. Response time: 0.
[NX v22.5.4 Daemon Client] - 2026-03-13T21:02:22.259Z - [Messenger] Received message, length: 2
[NX v22.5.4 Daemon Client] - 2026-03-13T21:02:31.820Z - [Messenger] Sending message type: RECORD_OUTPUTS_HASH
[NX v22.5.4 Daemon Client] - 2026-03-13T21:02:31.820Z - [Messenger] Message sent
[NX v22.5.4 Daemon Server] - 2026-03-13T21:02:31.820Z - Received raw message of length 106
[NX v22.5.4 Daemon Server] - 2026-03-13T21:02:31.820Z - Received json message of type RECORD_OUTPUTS_HASH
[NX v22.5.4 Daemon Server] - 2026-03-13T21:02:31.821Z - Serializing response for RECORD_OUTPUTS_HASH message in json mode
[NX v22.5.4 Daemon Server] - 2026-03-13T21:02:31.821Z - Responding to RECORD_OUTPUTS_HASH message
[NX v22.5.4 Daemon Server] - 2026-03-13T21:02:31.821Z - [REQUEST]: Responding to the client. recordOutputsHash
[NX v22.5.4 Daemon Server] - 2026-03-13T21:02:31.821Z - Done responding to the client recordOutputsHash
[NX v22.5.4 Daemon Server] - 2026-03-13T21:02:31.821Z - Handled json message RECORD_OUTPUTS_HASH. Handling time: 0. Response time: 0.
[NX v22.5.4 Daemon Client] - 2026-03-13T21:02:31.821Z - [Messenger] Received message, length: 2
[NX v22.5.4 Daemon Client] - 2026-03-13T21:02:31.822Z - [Messenger] Sending message type: RECORD_TASK_RUNS
[NX v22.5.4 Daemon Client] - 2026-03-13T21:02:31.823Z - [Messenger] Message sent
[NX v22.5.4 Daemon Server] - 2026-03-13T21:02:31.823Z - Received raw message of length 6265
[NX v22.5.4 Daemon Server] - 2026-03-13T21:02:31.823Z - Received json message of type RECORD_TASK_RUNS
[NX v22.5.4 Daemon Server] - 2026-03-13T21:02:31.823Z - Serializing response for RECORD_TASK_RUNS message in json mode
[NX v22.5.4 Daemon Server] - 2026-03-13T21:02:31.823Z - Responding to RECORD_TASK_RUNS message
[NX v22.5.4 Daemon Server] - 2026-03-13T21:02:31.824Z - [REQUEST]: Responding to the client. handleRecordTaskRuns
[NX v22.5.4 Daemon Server] - 2026-03-13T21:02:31.824Z - Done responding to the client handleRecordTaskRuns
[NX v22.5.4 Daemon Server] - 2026-03-13T21:02:31.824Z - Handled json message RECORD_TASK_RUNS. Handling time: 0. Response time: 1.
[NX v22.5.4 Daemon Client] - 2026-03-13T21:02:31.824Z - [Messenger] Received message, length: 4
[NX v22.5.4 Daemon Client] - 2026-03-13T21:02:31.824Z - [Messenger] Sending message type: GET_FLAKY_TASKS
[NX v22.5.4 Daemon Client] - 2026-03-13T21:02:31.824Z - [Messenger] Message sent
[NX v22.5.4 Daemon Server] - 2026-03-13T21:02:31.824Z - Received raw message of length 820
[NX v22.5.4 Daemon Server] - 2026-03-13T21:02:31.824Z - Received json message of type GET_FLAKY_TASKS
[NX v22.5.4 Daemon Server] - 2026-03-13T21:02:31.824Z - Serializing response for GET_FLAKY_TASKS message in json mode
[NX v22.5.4 Daemon Server] - 2026-03-13T21:02:31.824Z - Responding to GET_FLAKY_TASKS message
[NX v22.5.4 Daemon Server] - 2026-03-13T21:02:31.824Z - [REQUEST]: Responding to the client. handleGetFlakyTasks
[NX v22.5.4 Daemon Server] - 2026-03-13T21:02:31.824Z - Done responding to the client handleGetFlakyTasks
[NX v22.5.4 Daemon Server] - 2026-03-13T21:02:31.824Z - Handled json message GET_FLAKY_TASKS. Handling time: 0. Response time: 0.
[NX v22.5.4 Daemon Client] - 2026-03-13T21:02:31.824Z - [Messenger] Received message, length: 2
[NX v22.5.4 Daemon Client] - 2026-03-13T21:02:32.268Z - [Messenger] Sending message type: POST_TASKS_EXECUTION
[NX v22.5.4 Daemon Client] - 2026-03-13T21:02:32.278Z - [Messenger] Message sent
[NX v22.5.4 Daemon Server] - 2026-03-13T21:02:32.283Z - Received raw message of length 2185867
[NX v22.5.4 Daemon Server] - 2026-03-13T21:02:32.292Z - Received json message of type POST_TASKS_EXECUTION
[NX v22.5.4 Daemon Server] - 2026-03-13T21:02:32.293Z - Serializing response for POST_TASKS_EXECUTION message in json mode
[NX v22.5.4 Daemon Server] - 2026-03-13T21:02:32.293Z - Responding to POST_TASKS_EXECUTION message
[NX v22.5.4 Daemon Server] - 2026-03-13T21:02:32.293Z - [REQUEST]: Responding to the client. handleRunPostTasksExecution
[NX v22.5.4 Daemon Server] - 2026-03-13T21:02:32.293Z - Done responding to the client handleRunPostTasksExecution
[NX v22.5.4 Daemon Server] - 2026-03-13T21:02:32.293Z - Handled json message POST_TASKS_EXECUTION. Handling time: 1. Response time: 0.
[NX v22.5.4 Daemon Server] - 2026-03-13T21:02:32.293Z - Time taken for 'postTasksExecution' 0.18437500001164153ms
[NX v22.5.4 Daemon Client] - 2026-03-13T21:02:32.293Z - [Messenger] Received message, length: 4
[NX v22.5.4 Daemon Server] - 2026-03-13T21:02:32.298Z - Closed a connection. Number of open connections: 0
[NX v22.5.4 Daemon Server] - 2026-03-13T21:02:51.634Z - [WATCHER]: Processing file changes in outputs
[NX v22.5.4 Daemon Server] - 2026-03-13T21:02:56.982Z - [WATCHER]: Processing file changes in outputs
[NX v22.5.4 Daemon Server] - 2026-03-13T21:02:59.457Z - [WATCHER]: Processing file changes in outputs
[NX v22.5.4 Daemon Server] - 2026-03-13T21:02:59.846Z - [WATCHER]: Processing file changes in outputs
[NX v22.5.4 Daemon Server] - 2026-03-13T21:02:59.904Z - [WATCHER]: Processing file changes in outputs
[NX v22.5.4 Daemon Server] - 2026-03-13T21:03:56.949Z - [WATCHER]: Processing file changes in outputs
[NX v22.5.4 Daemon Server] - 2026-03-13T21:04:02.998Z - [WATCHER]: Processing file changes in outputs
[NX v22.5.4 Daemon Server] - 2026-03-13T21:04:08.348Z - [WATCHER]: Processing file changes in outputs
[NX v22.5.4 Daemon Server] - 2026-03-13T21:04:11.539Z - [WATCHER]: Processing file changes in outputs
[NX v22.5.4 Daemon Server] - 2026-03-13T21:04:11.929Z - [WATCHER]: Processing file changes in outputs
[NX v22.5.4 Daemon Server] - 2026-03-13T21:04:15.347Z - [WATCHER]: Processing file changes in outputs
[NX v22.5.4 Daemon Server] - 2026-03-13T21:04:18.535Z - [WATCHER]: Processing file changes in outputs
[NX v22.5.4 Daemon Server] - 2026-03-13T21:04:18.587Z - [WATCHER]: Processing file changes in outputs
[NX v22.5.4 Daemon Server] - 2026-03-13T21:04:18.639Z - [WATCHER]: Processing file changes in outputs
[NX v22.5.4 Daemon Server] - 2026-03-13T21:04:18.692Z - [WATCHER]: Processing file changes in outputs
[NX v22.5.4 Daemon Server] - 2026-03-13T21:04:19.348Z - [WATCHER]: Processing file changes in outputs
[NX v22.5.4 Daemon Server] - 2026-03-13T21:04:20.930Z - [WATCHER]: Processing file changes in outputs
[NX v22.5.4 Daemon Server] - 2026-03-13T21:04:20.985Z - [WATCHER]: Processing file changes in outputs
[NX v22.5.4 Daemon Server] - 2026-03-13T21:04:21.036Z - [WATCHER]: Processing file changes in outputs
[NX v22.5.4 Daemon Server] - 2026-03-13T21:04:21.097Z - [WATCHER]: Processing file changes in outputs
[NX v22.5.4 Daemon Server] - 2026-03-13T21:04:21.149Z - [WATCHER]: Processing file changes in outputs
[NX v22.5.4 Daemon Server] - 2026-03-13T21:04:21.203Z - [WATCHER]: Processing file changes in outputs
[NX v22.5.4 Daemon Server] - 2026-03-13T21:04:21.258Z - [WATCHER]: Processing file changes in outputs
[NX v22.5.4 Daemon Server] - 2026-03-13T21:04:21.309Z - [WATCHER]: Processing file changes in outputs
[NX v22.5.4 Daemon Server] - 2026-03-13T21:04:21.363Z - [WATCHER]: Processing file changes in outputs
[NX v22.5.4 Daemon Server] - 2026-03-13T21:04:21.416Z - [WATCHER]: Processing file changes in outputs
[NX v22.5.4 Daemon Server] - 2026-03-13T21:04:21.467Z - [WATCHER]: Processing file changes in outputs
[NX v22.5.4 Daemon Server] - 2026-03-13T21:04:21.520Z - [WATCHER]: Processing file changes in outputs
[NX v22.5.4 Daemon Server] - 2026-03-13T21:04:21.614Z - [WATCHER]: Processing file changes in outputs
[NX v22.5.4 Daemon Server] - 2026-03-13T21:04:21.690Z - [WATCHER]: Processing file changes in outputs
[NX v22.5.4 Daemon Server] - 2026-03-13T21:04:21.753Z - [WATCHER]: Processing file changes in outputs
[NX v22.5.4 Daemon Server] - 2026-03-13T21:04:21.821Z - [WATCHER]: Processing file changes in outputs
[NX v22.5.4 Daemon Server] - 2026-03-13T21:04:21.959Z - [WATCHER]: Processing file changes in outputs
[NX v22.5.4 Daemon Server] - 2026-03-13T21:04:22.013Z - [WATCHER]: Processing file changes in outputs
[NX v22.5.4 Daemon Server] - 2026-03-13T21:04:22.066Z - [WATCHER]: Processing file changes in outputs
[NX v22.5.4 Daemon Server] - 2026-03-13T21:04:22.117Z - [WATCHER]: Processing file changes in outputs
[NX v22.5.4 Daemon Server] - 2026-03-13T21:04:22.172Z - [WATCHER]: Processing file changes in outputs
[NX v22.5.4 Daemon Server] - 2026-03-13T21:04:22.225Z - [WATCHER]: Processing file changes in outputs
[NX v22.5.4 Daemon Server] - 2026-03-13T21:04:22.282Z - [WATCHER]: Processing file changes in outputs
[NX v22.5.4 Daemon Server] - 2026-03-13T21:04:22.336Z - [WATCHER]: Processing file changes in outputs
[NX v22.5.4 Daemon Server] - 2026-03-13T21:04:22.391Z - [WATCHER]: Processing file changes in outputs
[NX v22.5.4 Daemon Server] - 2026-03-13T21:04:22.444Z - [WATCHER]: Processing file changes in outputs
[NX v22.5.4 Daemon Server] - 2026-03-13T21:04:22.496Z - [WATCHER]: Processing file changes in outputs
[NX v22.5.4 Daemon Server] - 2026-03-13T21:04:22.552Z - [WATCHER]: Processing file changes in outputs
[NX v22.5.4 Daemon Server] - 2026-03-13T21:04:22.604Z - [WATCHER]: Processing file changes in outputs
[NX v22.5.4 Daemon Server] - 2026-03-13T21:04:22.660Z - [WATCHER]: Processing file changes in outputs
[NX v22.5.4 Daemon Server] - 2026-03-13T21:04:22.713Z - [WATCHER]: Processing file changes in outputs
[NX v22.5.4 Daemon Server] - 2026-03-13T21:04:22.766Z - [WATCHER]: Processing file changes in outputs
[NX v22.5.4 Daemon Server] - 2026-03-13T21:04:22.819Z - [WATCHER]: Processing file changes in outputs
[NX v22.5.4 Daemon Server] - 2026-03-13T21:04:22.871Z - [WATCHER]: Processing file changes in outputs
[NX v22.5.4 Daemon Server] - 2026-03-13T21:04:22.925Z - [WATCHER]: Processing file changes in outputs
[NX v22.5.4 Daemon Server] - 2026-03-13T21:04:23.584Z - [WATCHER]: Processing file changes in outputs
[NX v22.5.4 Daemon Server] - 2026-03-13T21:04:24.519Z - [WATCHER]: Processing file changes in outputs
[NX v22.5.4 Daemon Server] - 2026-03-13T21:04:33.865Z - [WATCHER]: Processing file changes in outputs
[NX v22.5.4 Daemon Server] - 2026-03-13T21:04:36.965Z - [WATCHER]: Processing file changes in outputs
[NX v22.5.4 Daemon Server] - 2026-03-13T21:04:37.024Z - [WATCHER]: Processing file changes in outputs
[NX v22.5.4 Daemon Server] - 2026-03-13T21:04:37.077Z - [WATCHER]: Processing file changes in outputs
[NX v22.5.4 Daemon Server] - 2026-03-13T21:04:38.032Z - [WATCHER]: Processing file changes in outputs
[NX v22.5.4 Daemon Server] - 2026-03-13T21:04:38.085Z - [WATCHER]: Processing file changes in outputs
[NX v22.5.4 Daemon Server] - 2026-03-13T21:04:38.743Z - [WATCHER]: Processing file changes in outputs
[NX v22.5.4 Daemon Server] - 2026-03-13T21:04:40.749Z - [WATCHER]: Processing file changes in outputs
[NX v22.5.4 Daemon Server] - 2026-03-13T21:04:40.826Z - [WATCHER]: Processing file changes in outputs
[NX v22.5.4 Daemon Server] - 2026-03-13T21:04:40.884Z - [WATCHER]: Processing file changes in outputs
[NX v22.5.4 Daemon Server] - 2026-03-13T21:04:40.936Z - [WATCHER]: Processing file changes in outputs
[NX v22.5.4 Daemon Server] - 2026-03-13T21:04:41.003Z - [WATCHER]: Processing file changes in outputs
[NX v22.5.4 Daemon Server] - 2026-03-13T21:04:41.093Z - [WATCHER]: Processing file changes in outputs
[NX v22.5.4 Daemon Server] - 2026-03-13T21:04:41.202Z - [WATCHER]: Processing file changes in outputs
[NX v22.5.4 Daemon Server] - 2026-03-13T21:04:41.256Z - [WATCHER]: Processing file changes in outputs
[NX v22.5.4 Daemon Server] - 2026-03-13T21:04:41.308Z - [WATCHER]: Processing file changes in outputs
[NX v22.5.4 Daemon Server] - 2026-03-13T21:04:41.360Z - [WATCHER]: Processing file changes in outputs
[NX v22.5.4 Daemon Server] - 2026-03-13T21:04:41.416Z - [WATCHER]: Processing file changes in outputs
[NX v22.5.4 Daemon Server] - 2026-03-13T21:04:41.542Z - [WATCHER]: Processing file changes in outputs
[NX v22.5.4 Daemon Server] - 2026-03-13T21:04:41.598Z - [WATCHER]: Processing file changes in outputs
[NX v22.5.4 Daemon Server] - 2026-03-13T21:04:41.650Z - [WATCHER]: Processing file changes in outputs
[NX v22.5.4 Daemon Server] - 2026-03-13T21:04:41.702Z - [WATCHER]: Processing file changes in outputs
[NX v22.5.4 Daemon Server] - 2026-03-13T21:04:41.753Z - [WATCHER]: Processing file changes in outputs
[NX v22.5.4 Daemon Server] - 2026-03-13T21:04:41.806Z - [WATCHER]: Processing file changes in outputs
[NX v22.5.4 Daemon Server] - 2026-03-13T21:04:41.947Z - [WATCHER]: Processing file changes in outputs
[NX v22.5.4 Daemon Server] - 2026-03-13T21:04:42.004Z - [WATCHER]: Processing file changes in outputs
[NX v22.5.4 Daemon Server] - 2026-03-13T21:04:42.056Z - [WATCHER]: Processing file changes in outputs
[NX v22.5.4 Daemon Server] - 2026-03-13T21:04:42.108Z - [WATCHER]: Processing file changes in outputs
[NX v22.5.4 Daemon Server] - 2026-03-13T21:04:42.160Z - [WATCHER]: Processing file changes in outputs
[NX v22.5.4 Daemon Server] - 2026-03-13T21:04:42.215Z - [WATCHER]: Processing file changes in outputs
[NX v22.5.4 Daemon Server] - 2026-03-13T21:04:42.271Z - [WATCHER]: Processing file changes in outputs
[NX v22.5.4 Daemon Server] - 2026-03-13T21:04:42.340Z - [WATCHER]: Processing file changes in outputs
[NX v22.5.4 Daemon Server] - 2026-03-13T21:04:42.419Z - [WATCHER]: Processing file changes in outputs
[NX v22.5.4 Daemon Server] - 2026-03-13T21:04:42.471Z - [WATCHER]: Processing file changes in outputs
[NX v22.5.4 Daemon Server] - 2026-03-13T21:04:42.533Z - [WATCHER]: Processing file changes in outputs
[NX v22.5.4 Daemon Server] - 2026-03-13T21:04:42.584Z - [WATCHER]: Processing file changes in outputs
[NX v22.5.4 Daemon Server] - 2026-03-13T21:04:42.637Z - [WATCHER]: Processing file changes in outputs
[NX v22.5.4 Daemon Server] - 2026-03-13T21:04:42.691Z - [WATCHER]: Processing file changes in outputs
[NX v22.5.4 Daemon Server] - 2026-03-13T21:04:42.744Z - [WATCHER]: Processing file changes in outputs
[NX v22.5.4 Daemon Server] - 2026-03-13T21:04:42.797Z - [WATCHER]: Processing file changes in outputs
[NX v22.5.4 Daemon Server] - 2026-03-13T21:04:42.860Z - [WATCHER]: Processing file changes in outputs
[NX v22.5.4 Daemon Server] - 2026-03-13T21:04:42.912Z - [WATCHER]: Processing file changes in outputs
[NX v22.5.4 Daemon Server] - 2026-03-13T21:04:42.964Z - [WATCHER]: Processing file changes in outputs
[NX v22.5.4 Daemon Server] - 2026-03-13T21:04:43.018Z - [WATCHER]: Processing file changes in outputs
[NX v22.5.4 Daemon Server] - 2026-03-13T21:04:43.513Z - [WATCHER]: Processing file changes in outputs
[NX v22.5.4 Daemon Server] - 2026-03-13T21:04:43.973Z - [WATCHER]: Processing file changes in outputs
[NX v22.5.4 Daemon Server] - 2026-03-13T21:04:44.449Z - [WATCHER]: Processing file changes in outputs
[NX v22.5.4 Daemon Server] - 2026-03-13T21:04:44.980Z - [WATCHER]: Processing file changes in outputs
[NX v22.5.4 Daemon Server] - 2026-03-13T21:04:45.496Z - [WATCHER]: Processing file changes in outputs
[NX v22.5.4 Daemon Server] - 2026-03-13T21:04:45.625Z - [WATCHER]: Processing file changes in outputs
[NX v22.5.4 Daemon Server] - 2026-03-13T21:04:46.206Z - [WATCHER]: Processing file changes in outputs
[NX v22.5.4 Daemon Server] - 2026-03-13T21:04:46.825Z - [WATCHER]: Processing file changes in outputs
[NX v22.5.4 Daemon Server] - 2026-03-13T21:04:47.107Z - [WATCHER]: Processing file changes in outputs
[NX v22.5.4 Daemon Server] - 2026-03-13T21:04:47.161Z - [WATCHER]: Processing file changes in outputs
[NX v22.5.4 Daemon Server] - 2026-03-13T21:04:47.226Z - [WATCHER]: Processing file changes in outputs
[NX v22.5.4 Daemon Server] - 2026-03-13T21:04:47.280Z - [WATCHER]: Processing file changes in outputs
[NX v22.5.4 Daemon Server] - 2026-03-13T21:04:48.725Z - [WATCHER]: Processing file changes in outputs
[NX v22.5.4 Daemon Server] - 2026-03-13T21:05:46.618Z - [WATCHER]: Processing file changes in outputs
[NX v22.5.4 Daemon Server] - 2026-03-13T21:05:54.944Z - [WATCHER]: Processing file changes in outputs
[NX v22.5.4 Daemon Server] - 2026-03-13T21:05:55.387Z - [WATCHER]: Processing file changes in outputs
[NX v22.5.4 Daemon Server] - 2026-03-13T21:05:55.439Z - [WATCHER]: Processing file changes in outputs
[NX v22.5.4 Daemon Server] - 2026-03-13T21:05:59.180Z - [WATCHER]: Processing file changes in outputs
[NX v22.5.4 Daemon Server] - 2026-03-13T21:05:59.233Z - [WATCHER]: Processing file changes in outputs
[NX v22.5.4 Daemon Server] - 2026-03-13T21:05:59.299Z - [WATCHER]: Processing file changes in outputs
[NX v22.5.4 Daemon Server] - 2026-03-13T21:05:59.352Z - [WATCHER]: Processing file changes in outputs
[NX v22.5.4 Daemon Server] - 2026-03-13T21:05:59.406Z - [WATCHER]: Processing file changes in outputs
[NX v22.5.4 Daemon Server] - 2026-03-13T21:05:59.460Z - [WATCHER]: Processing file changes in outputs
[NX v22.5.4 Daemon Server] - 2026-03-13T21:05:59.513Z - [WATCHER]: Processing file changes in outputs
[NX v22.5.4 Daemon Server] - 2026-03-13T21:05:59.565Z - [WATCHER]: Processing file changes in outputs
[NX v22.5.4 Daemon Server] - 2026-03-13T21:05:59.620Z - [WATCHER]: Processing file changes in outputs
[NX v22.5.4 Daemon Server] - 2026-03-13T21:05:59.672Z - [WATCHER]: Processing file changes in outputs
[NX v22.5.4 Daemon Server] - 2026-03-13T21:05:59.728Z - [WATCHER]: Processing file changes in outputs
[NX v22.5.4 Daemon Server] - 2026-03-13T21:05:59.781Z - [WATCHER]: Processing file changes in outputs
[NX v22.5.4 Daemon Server] - 2026-03-13T21:05:59.834Z - [WATCHER]: Processing file changes in outputs
[NX v22.5.4 Daemon Server] - 2026-03-13T21:05:59.886Z - [WATCHER]: Processing file changes in outputs
[NX v22.5.4 Daemon Server] - 2026-03-13T21:06:00.014Z - [WATCHER]: Processing file changes in outputs
[NX v22.5.4 Daemon Server] - 2026-03-13T21:06:00.067Z - [WATCHER]: Processing file changes in outputs
[NX v22.5.4 Daemon Server] - 2026-03-13T21:06:00.120Z - [WATCHER]: Processing file changes in outputs
[NX v22.5.4 Daemon Server] - 2026-03-13T21:06:00.186Z - [WATCHER]: Processing file changes in outputs
[NX v22.5.4 Daemon Server] - 2026-03-13T21:06:00.238Z - [WATCHER]: Processing file changes in outputs
[NX v22.5.4 Daemon Server] - 2026-03-13T21:06:00.291Z - [WATCHER]: Processing file changes in outputs
[NX v22.5.4 Daemon Server] - 2026-03-13T21:06:00.375Z - [WATCHER]: Processing file changes in outputs
[NX v22.5.4 Daemon Server] - 2026-03-13T21:06:00.428Z - [WATCHER]: Processing file changes in outputs
[NX v22.5.4 Daemon Server] - 2026-03-13T21:06:00.481Z - [WATCHER]: Processing file changes in outputs
[NX v22.5.4 Daemon Server] - 2026-03-13T21:06:00.533Z - [WATCHER]: Processing file changes in outputs
[NX v22.5.4 Daemon Server] - 2026-03-13T21:06:00.587Z - [WATCHER]: Processing file changes in outputs
[NX v22.5.4 Daemon Server] - 2026-03-13T21:06:00.652Z - [WATCHER]: Processing file changes in outputs
[NX v22.5.4 Daemon Server] - 2026-03-13T21:06:00.704Z - [WATCHER]: Processing file changes in outputs
[NX v22.5.4 Daemon Server] - 2026-03-13T21:06:00.773Z - [WATCHER]: Processing file changes in outputs
[NX v22.5.4 Daemon Server] - 2026-03-13T21:06:00.870Z - [WATCHER]: Processing file changes in outputs
[NX v22.5.4 Daemon Server] - 2026-03-13T21:06:00.969Z - [WATCHER]: Processing file changes in outputs
[NX v22.5.4 Daemon Server] - 2026-03-13T21:06:01.040Z - [WATCHER]: Processing file changes in outputs
[NX v22.5.4 Daemon Server] - 2026-03-13T21:06:01.124Z - [WATCHER]: Processing file changes in outputs
[NX v22.5.4 Daemon Server] - 2026-03-13T21:06:01.187Z - [WATCHER]: Processing file changes in outputs
[NX v22.5.4 Daemon Server] - 2026-03-13T21:06:01.253Z - [WATCHER]: Processing file changes in outputs
[NX v22.5.4 Daemon Server] - 2026-03-13T21:06:01.335Z - [WATCHER]: Processing file changes in outputs
[NX v22.5.4 Daemon Server] - 2026-03-13T21:06:01.445Z - [WATCHER]: Processing file changes in outputs
[NX v22.5.4 Daemon Server] - 2026-03-13T21:06:01.497Z - [WATCHER]: Processing file changes in outputs
[NX v22.5.4 Daemon Server] - 2026-03-13T21:06:02.016Z - [WATCHER]: Processing file changes in outputs
[NX v22.5.4 Daemon Server] - 2026-03-13T21:06:02.476Z - [WATCHER]: Processing file changes in outputs
[NX v22.5.4 Daemon Server] - 2026-03-13T21:06:02.971Z - [WATCHER]: Processing file changes in outputs
[NX v22.5.4 Daemon Server] - 2026-03-13T21:06:03.438Z - [WATCHER]: Processing file changes in outputs
[NX v22.5.4 Daemon Server] - 2026-03-13T21:06:04.069Z - [WATCHER]: Processing file changes in outputs
[NX v22.5.4 Daemon Server] - 2026-03-13T21:06:04.216Z - [WATCHER]: Processing file changes in outputs
[NX v22.5.4 Daemon Server] - 2026-03-13T21:06:04.836Z - [WATCHER]: Processing file changes in outputs
[NX v22.5.4 Daemon Server] - 2026-03-13T21:06:05.483Z - [WATCHER]: Processing file changes in outputs
[NX v22.5.4 Daemon Server] - 2026-03-13T21:06:05.778Z - [WATCHER]: Processing file changes in outputs
[NX v22.5.4 Daemon Server] - 2026-03-13T21:06:08.612Z - [WATCHER]: Processing file changes in outputs
[NX v22.5.4 Daemon Server] - 2026-03-13T21:07:12.734Z - [WATCHER]: Processing file changes in outputs
[NX v22.5.4 Daemon Server] - 2026-03-13T21:07:12.789Z - [WATCHER]: Processing file changes in outputs
[NX v22.5.4 Daemon Server] - 2026-03-13T21:38:06.707Z - [Server] lock file hash changed! old=1037655759295402689, new=6265167582892320313
[NX v22.5.4 Daemon Server] - 2026-03-13T21:38:06.708Z - [Server] Daemon outdated: LOCK_FILES_CHANGED
[NX v22.5.4 Daemon Server] - 2026-03-13T21:38:06.708Z - [Server] Restarting daemon...
[NX v22.5.4 Daemon Server] - 2026-03-13T21:38:06.710Z - Restarting daemon with script: /Users/orlando/dev/pos/node_modules/nx/src/daemon/server/start.js
[NX v22.5.4 Daemon Server] - 2026-03-13T21:38:06.710Z - Old daemon __dirname: /Users/orlando/dev/pos/node_modules/nx/src/daemon/server
[NX v22.5.4 Daemon Server] - 2026-03-13T21:38:06.710Z - Current process.execPath: /Users/orlando/.nvm/versions/node/v22.21.0/bin/node
[NX v22.5.4 Daemon Server] - 2026-03-13T21:38:06.712Z - Started new daemon process in background
[NX v22.5.4 Daemon Server] - 2026-03-13T21:38:06.712Z - [WATCHER]: Stopping the watcher for /Users/orlando/dev/pos (sources)
[NX v22.5.4 Daemon Server] - 2026-03-13T21:38:06.712Z - [WATCHER]: Stopping the watcher for /Users/orlando/dev/pos (outputs)
[NX v22.5.4 Daemon Server] - 2026-03-13T21:38:06.714Z - [NX-CONSOLE]: Cleaning up latest Nx installation from /var/folders/x5/g3ht8mrd3z34nssjq5gb4t880000gn/T/tmp-94869-NBZHBvt5pPBv
[NX v22.5.4 Daemon Server] - 2026-03-13T21:38:06.714Z - Server stopped because: "LOCK_FILES_CHANGED"
[NX v22.5.4 Daemon Server] - 2026-03-13T21:38:06.991Z - New daemon starting from: /Users/orlando/dev/pos/node_modules/nx/src/daemon/server/server.js
[NX v22.5.4 Daemon Server] - 2026-03-13T21:38:06.992Z - New daemon __dirname: /Users/orlando/dev/pos/node_modules/nx/src/daemon/server
[NX v22.5.4 Daemon Server] - 2026-03-13T21:38:06.992Z - New daemon nxVersion: 22.5.4
[NX v22.5.4 Daemon Server] - 2026-03-13T21:38:06.993Z - New daemon getInstalledNxVersion(): 22.5.4
[NX v22.5.4 Daemon Server] - 2026-03-13T21:38:06.994Z - [Server] Starting outdated check interval (20ms)
[NX v22.5.4 Daemon Server] - 2026-03-13T21:38:06.995Z - Started listening on: /var/folders/x5/g3ht8mrd3z34nssjq5gb4t880000gn/T/27e7a0ab017f0824e448/d.sock
[NX v22.5.4 Daemon Server] - 2026-03-13T21:38:06.995Z - [WATCHER]: Subscribed to changes within: /Users/orlando/dev/pos (native)
[NX v22.5.4 Daemon Server] - 2026-03-13T21:38:06.996Z - [NX-CONSOLE]: Pulling latest Nx (latest) to check console status...
Fetching nx...
[NX v22.5.4 Daemon Server] - 2026-03-13T21:38:07.368Z - [WATCHER]: Processing file changes in outputs
Time for 'plugin worker 22323 code loading' 4.806042
Time for 'plugin worker 22324 code loading' 4.836875000000001
Time for 'plugin worker 22325 code loading' 4.6676660000000005
[NX v22.5.4 Daemon Server] - 2026-03-13T21:38:07.542Z - [REQUEST]: Updated workspace context based on watched changes, recomputing project graph...
[NX v22.5.4 Daemon Server] - 2026-03-13T21:38:07.542Z - [REQUEST]: 
[NX v22.5.4 Daemon Server] - 2026-03-13T21:38:07.542Z - [REQUEST]: 
Time for 'nx/core/project-json:createNodes' 1.8907089999999869
Time for 'nx/js/dependencies-and-lockfile:createNodes' 217.24545899999998

 NX   Using `implicitDependencies` for global implicit dependencies configuration is no longer supported.

Use "namedInputs" instead. You can run "nx repair" to automatically migrate your configuration.
For more information about the usage of "namedInputs" see https://nx.dev/deprecated/global-implicit-dependencies#global-implicit-dependencies

Time for 'build typescript dependencies' 74.1875
[NX v22.5.4 Daemon Server] - 2026-03-13T21:38:07.917Z - [SYNC]: collect registered sync generators
[NX v22.5.4 Daemon Server] - 2026-03-13T21:38:11.408Z - [NX-CONSOLE]: Successfully pulled latest Nx to /var/folders/x5/g3ht8mrd3z34nssjq5gb4t880000gn/T/tmp-22310-JPHIO8zAwSAX
[NX v22.5.4 Daemon Server] - 2026-03-13T21:38:11.465Z - [NX-CONSOLE]: Using local implementation (NX_USE_LOCAL=true or inner call)
DEBUG nx::native::ide::install: Detected editor: Unknown
[NX v22.5.4 Daemon Server] - 2026-03-13T21:38:11.466Z - [NX-CONSOLE]: Console status check completed, shouldPrompt: false
[NX v22.5.4 Daemon Server] - 2026-03-13T21:38:26.885Z - [Server] lock file hash changed! old=6265167582892320313, new=10143056223373694518
[NX v22.5.4 Daemon Server] - 2026-03-13T21:38:26.885Z - [Server] Daemon outdated: LOCK_FILES_CHANGED
[NX v22.5.4 Daemon Server] - 2026-03-13T21:38:26.885Z - [Server] Restarting daemon...
[NX v22.5.4 Daemon Server] - 2026-03-13T21:38:26.887Z - Restarting daemon with script: /Users/orlando/dev/pos/node_modules/nx/src/daemon/server/start.js
[NX v22.5.4 Daemon Server] - 2026-03-13T21:38:26.887Z - Old daemon __dirname: /Users/orlando/dev/pos/node_modules/nx/src/daemon/server
[NX v22.5.4 Daemon Server] - 2026-03-13T21:38:26.887Z - Current process.execPath: /Users/orlando/.nvm/versions/node/v22.21.0/bin/node
[NX v22.5.4 Daemon Server] - 2026-03-13T21:38:26.888Z - Started new daemon process in background
(node:22310) Warning: Closing file descriptor 20 on garbage collection
(Use `node --trace-warnings ...` to show where the warning was created)
(node:22310) [DEP0137] DeprecationWarning: Closing a FileHandle object on garbage collection is deprecated. Please close FileHandle objects explicitly using FileHandle.prototype.close(). In the future, an error will be thrown if a file descriptor is closed during garbage collection.
(node:22310) Warning: Closing file descriptor 19 on garbage collection
[NX v22.5.4 Daemon Server] - 2026-03-13T21:38:26.910Z - [WATCHER]: Stopping the watcher for /Users/orlando/dev/pos (sources)
[NX v22.5.4 Daemon Server] - 2026-03-13T21:38:27.129Z - New daemon starting from: /Users/orlando/dev/pos/node_modules/nx/src/daemon/server/server.js
[NX v22.5.4 Daemon Server] - 2026-03-13T21:38:27.130Z - New daemon __dirname: /Users/orlando/dev/pos/node_modules/nx/src/daemon/server
[NX v22.5.4 Daemon Server] - 2026-03-13T21:38:27.130Z - New daemon nxVersion: 22.5.4
[NX v22.5.4 Daemon Server] - 2026-03-13T21:38:27.130Z - New daemon getInstalledNxVersion(): 22.5.4
[NX v22.5.4 Daemon Server] - 2026-03-13T21:38:27.138Z - [Server] Starting outdated check interval (20ms)
[NX v22.5.4 Daemon Server] - 2026-03-13T21:38:27.139Z - Started listening on: /var/folders/x5/g3ht8mrd3z34nssjq5gb4t880000gn/T/06a7fe7ea269f701252d/d.sock
[NX v22.5.4 Daemon Server] - 2026-03-13T21:38:27.140Z - [WATCHER]: Subscribed to changes within: /Users/orlando/dev/pos (native)
[NX v22.5.4 Daemon Server] - 2026-03-13T21:38:27.140Z - [NX-CONSOLE]: Pulling latest Nx (latest) to check console status...
Fetching nx...
Time for 'plugin worker 22447 code loading' 4.728125
Time for 'plugin worker 22446 code loading' 4.3668749999999985
Time for 'plugin worker 22448 code loading' 4.1296659999999985
[NX v22.5.4 Daemon Server] - 2026-03-13T21:38:27.636Z - [REQUEST]: Updated workspace context based on watched changes, recomputing project graph...
[NX v22.5.4 Daemon Server] - 2026-03-13T21:38:27.636Z - [REQUEST]: 
[NX v22.5.4 Daemon Server] - 2026-03-13T21:38:27.636Z - [REQUEST]: 
Time for 'nx/core/project-json:createNodes' 2.218625000000003
Time for 'nx/js/dependencies-and-lockfile:createNodes' 202.40416700000003

 NX   Using `implicitDependencies` for global implicit dependencies configuration is no longer supported.

Use "namedInputs" instead. You can run "nx repair" to automatically migrate your configuration.
For more information about the usage of "namedInputs" see https://nx.dev/deprecated/global-implicit-dependencies#global-implicit-dependencies

Time for 'build typescript dependencies' 156.89645799999994
[NX v22.5.4 Daemon Server] - 2026-03-13T21:38:28.082Z - [SYNC]: collect registered sync generators
[NX v22.5.4 Daemon Server] - 2026-03-13T21:38:30.941Z - [NX-CONSOLE]: Successfully pulled latest Nx to /var/folders/x5/g3ht8mrd3z34nssjq5gb4t880000gn/T/tmp-22438-ir1WdaUcAW7C
[NX v22.5.4 Daemon Server] - 2026-03-13T21:38:30.996Z - [NX-CONSOLE]: Using local implementation (NX_USE_LOCAL=true or inner call)
DEBUG nx::native::ide::install: Detected editor: Unknown
[NX v22.5.4 Daemon Server] - 2026-03-13T21:38:30.996Z - [NX-CONSOLE]: Console status check completed, shouldPrompt: false
[NX v22.5.4 Daemon Server] - 2026-03-13T21:40:13.782Z - [WATCHER]: Processing file changes in outputs
[NX v22.5.4 Daemon Server] - 2026-03-13T21:40:29.967Z - [Server] lock file hash changed! old=5603286771048645473, new=13954216856683800725
[NX v22.5.4 Daemon Server] - 2026-03-13T21:40:29.967Z - [Server] Daemon outdated: LOCK_FILES_CHANGED
[NX v22.5.4 Daemon Server] - 2026-03-13T21:40:29.967Z - [Server] Restarting daemon...
[NX v22.5.4 Daemon Server] - 2026-03-13T21:40:29.968Z - Restarting daemon with script: /Users/orlando/dev/pos/node_modules/nx/src/daemon/server/start.js
[NX v22.5.4 Daemon Server] - 2026-03-13T21:40:29.968Z - Old daemon __dirname: /Users/orlando/dev/pos/node_modules/nx/src/daemon/server
[NX v22.5.4 Daemon Server] - 2026-03-13T21:40:29.968Z - Current process.execPath: /Users/orlando/.nvm/versions/node/v22.21.0/bin/node
[NX v22.5.4 Daemon Server] - 2026-03-13T21:40:29.969Z - Started new daemon process in background
[NX v22.5.4 Daemon Server] - 2026-03-13T21:40:29.969Z - [WATCHER]: Stopping the watcher for /Users/orlando/dev/pos (sources)
[NX v22.5.4 Daemon Server] - 2026-03-13T21:40:29.970Z - [WATCHER]: Stopping the watcher for /Users/orlando/dev/pos (outputs)
[NX v22.5.4 Daemon Server] - 2026-03-13T21:40:29.970Z - [NX-CONSOLE]: Cleaning up latest Nx installation from /var/folders/x5/g3ht8mrd3z34nssjq5gb4t880000gn/T/tmp-22438-ir1WdaUcAW7C
[NX v22.5.4 Daemon Server] - 2026-03-13T21:40:29.970Z - Server stopped because: "LOCK_FILES_CHANGED"
[NX v22.5.4 Daemon Server] - 2026-03-13T21:40:30.170Z - New daemon starting from: /Users/orlando/dev/pos/node_modules/nx/src/daemon/server/server.js
[NX v22.5.4 Daemon Server] - 2026-03-13T21:40:30.171Z - New daemon __dirname: /Users/orlando/dev/pos/node_modules/nx/src/daemon/server
[NX v22.5.4 Daemon Server] - 2026-03-13T21:40:30.171Z - New daemon nxVersion: 22.5.4
[NX v22.5.4 Daemon Server] - 2026-03-13T21:40:30.171Z - New daemon getInstalledNxVersion(): 22.5.4
[NX v22.5.4 Daemon Server] - 2026-03-13T21:40:30.173Z - [Server] Starting outdated check interval (20ms)
[NX v22.5.4 Daemon Server] - 2026-03-13T21:40:30.174Z - Started listening on: /var/folders/x5/g3ht8mrd3z34nssjq5gb4t880000gn/T/e5bb4ab9f30762e74ff9/d.sock
[NX v22.5.4 Daemon Server] - 2026-03-13T21:40:30.174Z - [WATCHER]: Subscribed to changes within: /Users/orlando/dev/pos (native)
[NX v22.5.4 Daemon Server] - 2026-03-13T21:40:30.175Z - [NX-CONSOLE]: Pulling latest Nx (latest) to check console status...
Fetching nx...
[NX v22.5.4 Daemon Server] - 2026-03-13T21:40:30.529Z - [WATCHER]: Processing file changes in outputs
Time for 'plugin worker 22853 code loading' 4.251500000000002
Time for 'plugin worker 22851 code loading' 4.620667000000001
Time for 'plugin worker 22852 code loading' 4.455792000000001
[NX v22.5.4 Daemon Server] - 2026-03-13T21:40:30.687Z - [REQUEST]: Updated workspace context based on watched changes, recomputing project graph...
[NX v22.5.4 Daemon Server] - 2026-03-13T21:40:30.687Z - [REQUEST]: 
[NX v22.5.4 Daemon Server] - 2026-03-13T21:40:30.687Z - [REQUEST]: 
Time for 'nx/core/project-json:createNodes' 3.1459580000000074
Time for 'nx/js/dependencies-and-lockfile:createNodes' 173.397292

 NX   Using `implicitDependencies` for global implicit dependencies configuration is no longer supported.

Use "namedInputs" instead. You can run "nx repair" to automatically migrate your configuration.
For more information about the usage of "namedInputs" see https://nx.dev/deprecated/global-implicit-dependencies#global-implicit-dependencies

Time for 'build typescript dependencies' 67.508625
[NX v22.5.4 Daemon Server] - 2026-03-13T21:40:31.017Z - [SYNC]: collect registered sync generators
[NX v22.5.4 Daemon Server] - 2026-03-13T21:40:34.564Z - [NX-CONSOLE]: Successfully pulled latest Nx to /var/folders/x5/g3ht8mrd3z34nssjq5gb4t880000gn/T/tmp-22828-F0AI00QIpJQt
[NX v22.5.4 Daemon Server] - 2026-03-13T21:40:34.616Z - [NX-CONSOLE]: Using local implementation (NX_USE_LOCAL=true or inner call)
DEBUG nx::native::ide::install: Detected editor: Unknown
[NX v22.5.4 Daemon Server] - 2026-03-13T21:40:34.617Z - [NX-CONSOLE]: Console status check completed, shouldPrompt: false
[NX v22.5.4 Daemon Server] - 2026-03-13T21:56:39.022Z - [WATCHER]: Processing file changes in outputs
[NX v22.5.4 Daemon Server] - 2026-03-13T22:01:35.943Z - [Server] lock file hash changed! old=13954216856683800725, new=13097295834508360344
[NX v22.5.4 Daemon Server] - 2026-03-13T22:01:35.943Z - [Server] Daemon outdated: LOCK_FILES_CHANGED
[NX v22.5.4 Daemon Server] - 2026-03-13T22:01:35.944Z - [Server] Restarting daemon...
[NX v22.5.4 Daemon Server] - 2026-03-13T22:01:35.945Z - Restarting daemon with script: /Users/orlando/dev/pos/node_modules/nx/src/daemon/server/start.js
[NX v22.5.4 Daemon Server] - 2026-03-13T22:01:35.945Z - Old daemon __dirname: /Users/orlando/dev/pos/node_modules/nx/src/daemon/server
[NX v22.5.4 Daemon Server] - 2026-03-13T22:01:35.945Z - Current process.execPath: /Users/orlando/.nvm/versions/node/v22.21.0/bin/node
[NX v22.5.4 Daemon Server] - 2026-03-13T22:01:35.946Z - Started new daemon process in background
[NX v22.5.4 Daemon Server] - 2026-03-13T22:01:35.947Z - [WATCHER]: Stopping the watcher for /Users/orlando/dev/pos (sources)
[NX v22.5.4 Daemon Server] - 2026-03-13T22:01:35.947Z - [WATCHER]: Stopping the watcher for /Users/orlando/dev/pos (outputs)
[NX v22.5.4 Daemon Server] - 2026-03-13T22:01:35.948Z - [NX-CONSOLE]: Cleaning up latest Nx installation from /var/folders/x5/g3ht8mrd3z34nssjq5gb4t880000gn/T/tmp-22828-F0AI00QIpJQt
[NX v22.5.4 Daemon Server] - 2026-03-13T22:01:35.948Z - Server stopped because: "LOCK_FILES_CHANGED"
[NX v22.5.4 Daemon Server] - 2026-03-13T22:01:36.178Z - New daemon starting from: /Users/orlando/dev/pos/node_modules/nx/src/daemon/server/server.js
[NX v22.5.4 Daemon Server] - 2026-03-13T22:01:36.179Z - New daemon __dirname: /Users/orlando/dev/pos/node_modules/nx/src/daemon/server
[NX v22.5.4 Daemon Server] - 2026-03-13T22:01:36.179Z - New daemon nxVersion: 22.5.4
[NX v22.5.4 Daemon Server] - 2026-03-13T22:01:36.179Z - New daemon getInstalledNxVersion(): 22.5.4
[NX v22.5.4 Daemon Server] - 2026-03-13T22:01:36.181Z - [Server] Starting outdated check interval (20ms)
[NX v22.5.4 Daemon Server] - 2026-03-13T22:01:36.183Z - Started listening on: /var/folders/x5/g3ht8mrd3z34nssjq5gb4t880000gn/T/f34ac52e384fdd789fa2/d.sock
[NX v22.5.4 Daemon Server] - 2026-03-13T22:01:36.183Z - [WATCHER]: Subscribed to changes within: /Users/orlando/dev/pos (native)
[NX v22.5.4 Daemon Server] - 2026-03-13T22:01:36.184Z - [NX-CONSOLE]: Pulling latest Nx (latest) to check console status...
Fetching nx...
Time for 'plugin worker 27070 code loading' 3.5908750000000005
Time for 'plugin worker 27072 code loading' 3.6044590000000003
Time for 'plugin worker 27071 code loading' 4.192583000000001
[NX v22.5.4 Daemon Server] - 2026-03-13T22:01:36.694Z - [REQUEST]: Updated workspace context based on watched changes, recomputing project graph...
[NX v22.5.4 Daemon Server] - 2026-03-13T22:01:36.694Z - [REQUEST]: 
[NX v22.5.4 Daemon Server] - 2026-03-13T22:01:36.694Z - [REQUEST]: 
Time for 'nx/core/project-json:createNodes' 1.6916670000000096
Time for 'nx/js/dependencies-and-lockfile:createNodes' 181.16433300000003

 NX   Using `implicitDependencies` for global implicit dependencies configuration is no longer supported.

Use "namedInputs" instead. You can run "nx repair" to automatically migrate your configuration.
For more information about the usage of "namedInputs" see https://nx.dev/deprecated/global-implicit-dependencies#global-implicit-dependencies

Time for 'build typescript dependencies' 89.45883299999997
[NX v22.5.4 Daemon Server] - 2026-03-13T22:01:37.087Z - [SYNC]: collect registered sync generators
[NX v22.5.4 Daemon Server] - 2026-03-13T22:01:40.782Z - [NX-CONSOLE]: Successfully pulled latest Nx to /var/folders/x5/g3ht8mrd3z34nssjq5gb4t880000gn/T/tmp-27061-hW8o6wW347Nu
[NX v22.5.4 Daemon Server] - 2026-03-13T22:01:40.846Z - [NX-CONSOLE]: Using local implementation (NX_USE_LOCAL=true or inner call)
DEBUG nx::native::ide::install: Detected editor: Unknown
[NX v22.5.4 Daemon Server] - 2026-03-13T22:01:40.846Z - [NX-CONSOLE]: Console status check completed, shouldPrompt: false
[NX v22.5.4 Daemon Server] - 2026-03-13T22:01:42.031Z - [Server] lock file hash changed! old=13097295834508360344, new=1005356334829303804
[NX v22.5.4 Daemon Server] - 2026-03-13T22:01:42.031Z - [Server] Daemon outdated: LOCK_FILES_CHANGED
[NX v22.5.4 Daemon Server] - 2026-03-13T22:01:42.031Z - [Server] Restarting daemon...
[NX v22.5.4 Daemon Server] - 2026-03-13T22:01:42.032Z - Restarting daemon with script: /Users/orlando/dev/pos/node_modules/nx/src/daemon/server/start.js
[NX v22.5.4 Daemon Server] - 2026-03-13T22:01:42.032Z - Old daemon __dirname: /Users/orlando/dev/pos/node_modules/nx/src/daemon/server
[NX v22.5.4 Daemon Server] - 2026-03-13T22:01:42.032Z - Current process.execPath: /Users/orlando/.nvm/versions/node/v22.21.0/bin/node
[NX v22.5.4 Daemon Server] - 2026-03-13T22:01:42.033Z - Started new daemon process in background
[NX v22.5.4 Daemon Server] - 2026-03-13T22:01:42.033Z - [WATCHER]: Stopping the watcher for /Users/orlando/dev/pos (sources)
[NX v22.5.4 Daemon Server] - 2026-03-13T22:01:42.034Z - [WATCHER]: Stopping the watcher for /Users/orlando/dev/pos (outputs)
[NX v22.5.4 Daemon Server] - 2026-03-13T22:01:42.034Z - [NX-CONSOLE]: Cleaning up latest Nx installation from /var/folders/x5/g3ht8mrd3z34nssjq5gb4t880000gn/T/tmp-27061-hW8o6wW347Nu
[NX v22.5.4 Daemon Server] - 2026-03-13T22:01:42.034Z - Server stopped because: "LOCK_FILES_CHANGED"
[NX v22.5.4 Daemon Server] - 2026-03-13T22:01:42.242Z - New daemon starting from: /Users/orlando/dev/pos/node_modules/nx/src/daemon/server/server.js
[NX v22.5.4 Daemon Server] - 2026-03-13T22:01:42.244Z - New daemon __dirname: /Users/orlando/dev/pos/node_modules/nx/src/daemon/server
[NX v22.5.4 Daemon Server] - 2026-03-13T22:01:42.244Z - New daemon nxVersion: 22.5.4
[NX v22.5.4 Daemon Server] - 2026-03-13T22:01:42.244Z - New daemon getInstalledNxVersion(): 22.5.4
[NX v22.5.4 Daemon Server] - 2026-03-13T22:01:42.251Z - [Server] Starting outdated check interval (20ms)
[NX v22.5.4 Daemon Server] - 2026-03-13T22:01:42.252Z - Started listening on: /var/folders/x5/g3ht8mrd3z34nssjq5gb4t880000gn/T/6eda4bc14ef9c8ed1c7c/d.sock
[NX v22.5.4 Daemon Server] - 2026-03-13T22:01:42.252Z - [WATCHER]: Subscribed to changes within: /Users/orlando/dev/pos (native)
[NX v22.5.4 Daemon Server] - 2026-03-13T22:01:42.253Z - [NX-CONSOLE]: Pulling latest Nx (latest) to check console status...
Fetching nx...
Time for 'plugin worker 27114 code loading' 5.591958000000002
Time for 'plugin worker 27115 code loading' 6.808291000000002
Time for 'plugin worker 27116 code loading' 6.295458
[NX v22.5.4 Daemon Server] - 2026-03-13T22:01:42.906Z - [REQUEST]: Updated workspace context based on watched changes, recomputing project graph...
[NX v22.5.4 Daemon Server] - 2026-03-13T22:01:42.906Z - [REQUEST]: 
[NX v22.5.4 Daemon Server] - 2026-03-13T22:01:42.906Z - [REQUEST]: 
Time for 'nx/core/project-json:createNodes' 1.760582999999997
Time for 'nx/js/dependencies-and-lockfile:createNodes' 186.758834

 NX   Using `implicitDependencies` for global implicit dependencies configuration is no longer supported.

Use "namedInputs" instead. You can run "nx repair" to automatically migrate your configuration.
For more information about the usage of "namedInputs" see https://nx.dev/deprecated/global-implicit-dependencies#global-implicit-dependencies

Time for 'build typescript dependencies' 74.08166699999998
[NX v22.5.4 Daemon Server] - 2026-03-13T22:01:43.247Z - [SYNC]: collect registered sync generators
[NX v22.5.4 Daemon Server] - 2026-03-13T22:01:45.933Z - [NX-CONSOLE]: Successfully pulled latest Nx to /var/folders/x5/g3ht8mrd3z34nssjq5gb4t880000gn/T/tmp-27091-wHCgGphQxwxN
[NX v22.5.4 Daemon Server] - 2026-03-13T22:01:45.986Z - [NX-CONSOLE]: Using local implementation (NX_USE_LOCAL=true or inner call)
DEBUG nx::native::ide::install: Detected editor: Unknown
[NX v22.5.4 Daemon Server] - 2026-03-13T22:01:45.986Z - [NX-CONSOLE]: Console status check completed, shouldPrompt: false
[NX v22.5.4 Daemon Server] - 2026-03-13T22:02:21.629Z - [WATCHER]: Processing file changes in outputs
[NX v22.5.4 Daemon Server] - 2026-03-13T22:02:21.913Z - [WATCHER]: Processing file changes in outputs
[NX v22.5.4 Daemon Server] - 2026-03-13T22:02:21.966Z - [WATCHER]: Processing file changes in outputs
[NX v22.5.4 Daemon Server] - 2026-03-13T22:02:52.348Z - [WATCHER]: Processing file changes in outputs
[NX v22.5.4 Daemon Server] - 2026-03-13T22:03:06.587Z - [WATCHER]: Processing file changes in outputs
[NX v22.5.4 Daemon Server] - 2026-03-13T22:03:07.820Z - [WATCHER]: Processing file changes in outputs
[NX v22.5.4 Daemon Server] - 2026-03-13T22:03:28.894Z - [WATCHER]: Processing file changes in outputs
[NX v22.5.4 Daemon Server] - 2026-03-13T22:03:35.443Z - [WATCHER]: Processing file changes in outputs
[NX v22.5.4 Daemon Server] - 2026-03-13T22:03:55.603Z - [WATCHER]: Processing file changes in outputs
[NX v22.5.4 Daemon Server] - 2026-03-13T22:03:56.432Z - [WATCHER]: Processing file changes in outputs
[NX v22.5.4 Daemon Server] - 2026-03-13T22:04:01.004Z - [WATCHER]: Processing file changes in outputs
[NX v22.5.4 Daemon Server] - 2026-03-13T22:04:12.717Z - [WATCHER]: Processing file changes in outputs
[NX v22.5.4 Daemon Server] - 2026-03-13T22:04:26.009Z - [WATCHER]: Processing file changes in outputs
[NX v22.5.4 Daemon Server] - 2026-03-13T22:04:41.655Z - [WATCHER]: Processing file changes in outputs
[NX v22.5.4 Daemon Server] - 2026-03-13T22:05:55.563Z - [WATCHER]: Processing file changes in outputs
[NX v22.5.4 Daemon Server] - 2026-03-13T22:05:57.166Z - [WATCHER]: Processing file changes in outputs
[NX v22.5.4 Daemon Server] - 2026-03-13T22:05:57.239Z - [WATCHER]: Processing file changes in outputs
[NX v22.5.4 Daemon Server] - 2026-03-13T22:06:22.783Z - [WATCHER]: Processing file changes in outputs
[NX v22.5.4 Daemon Server] - 2026-03-13T22:06:22.852Z - [WATCHER]: Processing file changes in outputs
[NX v22.5.4 Daemon Server] - 2026-03-13T22:06:22.906Z - [WATCHER]: Processing file changes in outputs
[NX v22.5.4 Daemon Server] - 2026-03-13T22:06:22.959Z - [WATCHER]: Processing file changes in outputs
[NX v22.5.4 Daemon Server] - 2026-03-13T22:06:23.274Z - [WATCHER]: Processing file changes in outputs
[NX v22.5.4 Daemon Server] - 2026-03-13T22:06:23.336Z - [WATCHER]: Processing file changes in outputs
[NX v22.5.4 Daemon Server] - 2026-03-13T22:06:23.388Z - [WATCHER]: Processing file changes in outputs
[NX v22.5.4 Daemon Server] - 2026-03-13T22:06:23.448Z - [WATCHER]: Processing file changes in outputs
[NX v22.5.4 Daemon Server] - 2026-03-13T22:06:23.527Z - [WATCHER]: Processing file changes in outputs
[NX v22.5.4 Daemon Server] - 2026-03-13T22:06:23.650Z - [WATCHER]: Processing file changes in outputs
[NX v22.5.4 Daemon Server] - 2026-03-13T22:06:23.744Z - [WATCHER]: Processing file changes in outputs
[NX v22.5.4 Daemon Server] - 2026-03-13T22:06:23.810Z - [WATCHER]: Processing file changes in outputs
[NX v22.5.4 Daemon Server] - 2026-03-13T22:06:23.867Z - [WATCHER]: Processing file changes in outputs
[NX v22.5.4 Daemon Server] - 2026-03-13T22:06:23.929Z - [WATCHER]: Processing file changes in outputs
[NX v22.5.4 Daemon Server] - 2026-03-13T22:06:24.053Z - [WATCHER]: Processing file changes in outputs
[NX v22.5.4 Daemon Server] - 2026-03-13T22:06:24.107Z - [WATCHER]: Processing file changes in outputs
[NX v22.5.4 Daemon Server] - 2026-03-13T22:06:24.287Z - [WATCHER]: Processing file changes in outputs
[NX v22.5.4 Daemon Server] - 2026-03-13T22:06:25.890Z - [WATCHER]: Processing file changes in outputs
[NX v22.5.4 Daemon Server] - 2026-03-13T22:06:26.063Z - [WATCHER]: Processing file changes in outputs
[NX v22.5.4 Daemon Server] - 2026-03-13T22:06:26.132Z - [WATCHER]: Processing file changes in outputs
[NX v22.5.4 Daemon Server] - 2026-03-13T22:06:26.683Z - [WATCHER]: Processing file changes in outputs
[NX v22.5.4 Daemon Server] - 2026-03-13T22:07:26.852Z - [WATCHER]: Processing file changes in outputs
[NX v22.5.4 Daemon Server] - 2026-03-13T22:07:26.955Z - [WATCHER]: Processing file changes in outputs
[NX v22.5.4 Daemon Server] - 2026-03-13T22:09:21.633Z - [WATCHER]: Processing file changes in outputs
[NX v22.5.4 Daemon Server] - 2026-03-13T22:09:22.416Z - [WATCHER]: Processing file changes in outputs
[NX v22.5.4 Daemon Server] - 2026-03-13T22:09:29.664Z - [WATCHER]: Processing file changes in outputs
[NX v22.5.4 Daemon Server] - 2026-03-13T22:10:33.108Z - [WATCHER]: Processing file changes in outputs
[NX v22.5.4 Daemon Server] - 2026-03-13T22:10:33.192Z - [WATCHER]: Processing file changes in outputs
[NX v22.5.4 Daemon Server] - 2026-03-13T22:18:03.750Z - [WATCHER]: Processing file changes in outputs
[NX v22.5.4 Daemon Server] - 2026-03-13T22:18:04.152Z - [WATCHER]: Processing file changes in outputs
[NX v22.5.4 Daemon Server] - 2026-03-13T22:18:09.053Z - [WATCHER]: Processing file changes in outputs
[NX v22.5.4 Daemon Server] - 2026-03-13T22:18:09.746Z - [WATCHER]: Processing file changes in outputs
[NX v22.5.4 Daemon Server] - 2026-03-13T22:18:09.800Z - [WATCHER]: Processing file changes in outputs
[NX v22.5.4 Daemon Server] - 2026-03-13T22:18:10.138Z - [WATCHER]: Processing file changes in outputs
[NX v22.5.4 Daemon Server] - 2026-03-13T22:18:10.190Z - [WATCHER]: Processing file changes in outputs
[NX v22.5.4 Daemon Server] - 2026-03-13T22:18:10.243Z - [WATCHER]: Processing file changes in outputs
[NX v22.5.4 Daemon Server] - 2026-03-13T22:18:10.296Z - [WATCHER]: Processing file changes in outputs
[NX v22.5.4 Daemon Server] - 2026-03-13T22:18:10.347Z - [WATCHER]: Processing file changes in outputs
[NX v22.5.4 Daemon Server] - 2026-03-13T22:18:10.457Z - [WATCHER]: Processing file changes in outputs
[NX v22.5.4 Daemon Server] - 2026-03-13T22:18:10.622Z - [WATCHER]: Processing file changes in outputs
[NX v22.5.4 Daemon Server] - 2026-03-13T22:18:10.699Z - [WATCHER]: Processing file changes in outputs
[NX v22.5.4 Daemon Server] - 2026-03-13T22:18:10.763Z - [WATCHER]: Processing file changes in outputs
[NX v22.5.4 Daemon Server] - 2026-03-13T22:18:10.816Z - [WATCHER]: Processing file changes in outputs
[NX v22.5.4 Daemon Server] - 2026-03-13T22:18:10.903Z - [WATCHER]: Processing file changes in outputs
[NX v22.5.4 Daemon Server] - 2026-03-13T22:18:10.954Z - [WATCHER]: Processing file changes in outputs
[NX v22.5.4 Daemon Server] - 2026-03-13T22:18:11.812Z - [WATCHER]: Processing file changes in outputs
[NX v22.5.4 Daemon Server] - 2026-03-13T22:18:11.899Z - [WATCHER]: Processing file changes in outputs
[NX v22.5.4 Daemon Server] - 2026-03-13T22:18:12.005Z - [WATCHER]: Processing file changes in outputs
[NX v22.5.4 Daemon Server] - 2026-03-13T22:18:12.095Z - [WATCHER]: Processing file changes in outputs
[NX v22.5.4 Daemon Server] - 2026-03-13T22:18:12.162Z - [WATCHER]: Processing file changes in outputs
[NX v22.5.4 Daemon Server] - 2026-03-13T22:18:26.699Z - [WATCHER]: Processing file changes in outputs
[NX v22.5.4 Daemon Server] - 2026-03-13T22:18:27.186Z - [WATCHER]: Processing file changes in outputs
[NX v22.5.4 Daemon Server] - 2026-03-13T22:18:32.141Z - [WATCHER]: Processing file changes in outputs
[NX v22.5.4 Daemon Server] - 2026-03-13T22:18:33.069Z - [WATCHER]: Processing file changes in outputs
[NX v22.5.4 Daemon Server] - 2026-03-13T22:18:33.123Z - [WATCHER]: Processing file changes in outputs
[NX v22.5.4 Daemon Server] - 2026-03-13T22:18:33.189Z - [WATCHER]: Processing file changes in outputs
[NX v22.5.4 Daemon Server] - 2026-03-13T22:18:33.469Z - [WATCHER]: Processing file changes in outputs
[NX v22.5.4 Daemon Server] - 2026-03-13T22:18:33.522Z - [WATCHER]: Processing file changes in outputs
[NX v22.5.4 Daemon Server] - 2026-03-13T22:18:33.574Z - [WATCHER]: Processing file changes in outputs
[NX v22.5.4 Daemon Server] - 2026-03-13T22:18:33.636Z - [WATCHER]: Processing file changes in outputs
[NX v22.5.4 Daemon Server] - 2026-03-13T22:18:33.717Z - [WATCHER]: Processing file changes in outputs
[NX v22.5.4 Daemon Server] - 2026-03-13T22:18:33.813Z - [WATCHER]: Processing file changes in outputs
[NX v22.5.4 Daemon Server] - 2026-03-13T22:18:33.893Z - [WATCHER]: Processing file changes in outputs
[NX v22.5.4 Daemon Server] - 2026-03-13T22:18:33.947Z - [WATCHER]: Processing file changes in outputs
[NX v22.5.4 Daemon Server] - 2026-03-13T22:18:34.001Z - [WATCHER]: Processing file changes in outputs
[NX v22.5.4 Daemon Server] - 2026-03-13T22:18:34.101Z - [WATCHER]: Processing file changes in outputs
[NX v22.5.4 Daemon Server] - 2026-03-13T22:19:35.040Z - [WATCHER]: Processing file changes in outputs
[NX v22.5.4 Daemon Server] - 2026-03-13T22:19:35.107Z - [WATCHER]: Processing file changes in outputs
[NX v22.5.4 Daemon Server] - 2026-03-13T22:19:49.266Z - [WATCHER]: Processing file changes in outputs
[NX v22.5.4 Daemon Server] - 2026-03-13T22:19:49.733Z - [WATCHER]: Processing file changes in outputs
[NX v22.5.4 Daemon Server] - 2026-03-13T22:19:54.981Z - [WATCHER]: Processing file changes in outputs
[NX v22.5.4 Daemon Server] - 2026-03-13T22:19:55.697Z - [WATCHER]: Processing file changes in outputs
[NX v22.5.4 Daemon Server] - 2026-03-13T22:19:55.750Z - [WATCHER]: Processing file changes in outputs
[NX v22.5.4 Daemon Server] - 2026-03-13T22:19:56.092Z - [WATCHER]: Processing file changes in outputs
[NX v22.5.4 Daemon Server] - 2026-03-13T22:19:56.149Z - [WATCHER]: Processing file changes in outputs
[NX v22.5.4 Daemon Server] - 2026-03-13T22:19:56.201Z - [WATCHER]: Processing file changes in outputs
[NX v22.5.4 Daemon Server] - 2026-03-13T22:19:56.262Z - [WATCHER]: Processing file changes in outputs
[NX v22.5.4 Daemon Server] - 2026-03-13T22:19:56.346Z - [WATCHER]: Processing file changes in outputs
[NX v22.5.4 Daemon Server] - 2026-03-13T22:19:56.500Z - [WATCHER]: Processing file changes in outputs
[NX v22.5.4 Daemon Server] - 2026-03-13T22:19:56.553Z - [WATCHER]: Processing file changes in outputs
[NX v22.5.4 Daemon Server] - 2026-03-13T22:19:56.628Z - [WATCHER]: Processing file changes in outputs
[NX v22.5.4 Daemon Server] - 2026-03-13T22:19:56.683Z - [WATCHER]: Processing file changes in outputs
[NX v22.5.4 Daemon Server] - 2026-03-13T22:19:56.757Z - [WATCHER]: Processing file changes in outputs
[NX v22.5.4 Daemon Server] - 2026-03-13T22:19:57.075Z - [WATCHER]: Processing file changes in outputs
[NX v22.5.4 Daemon Server] - 2026-03-13T22:19:57.132Z - [WATCHER]: Processing file changes in outputs
[NX v22.5.4 Daemon Server] - 2026-03-13T22:20:09.910Z - [WATCHER]: Processing file changes in outputs
[NX v22.5.4 Daemon Server] - 2026-03-13T22:20:10.285Z - [WATCHER]: Processing file changes in outputs
[NX v22.5.4 Daemon Server] - 2026-03-13T22:20:15.764Z - [WATCHER]: Processing file changes in outputs
[NX v22.5.4 Daemon Server] - 2026-03-13T22:20:23.440Z - [WATCHER]: Processing file changes in outputs
[NX v22.5.4 Daemon Server] - 2026-03-13T22:20:23.503Z - [WATCHER]: Processing file changes in outputs
[NX v22.5.4 Daemon Server] - 2026-03-13T22:20:57.857Z - [Server] lock file hash changed! old=1005356334829303804, new=10981528049271953201
[NX v22.5.4 Daemon Server] - 2026-03-13T22:20:57.858Z - [Server] Daemon outdated: LOCK_FILES_CHANGED
[NX v22.5.4 Daemon Server] - 2026-03-13T22:20:57.858Z - [Server] Restarting daemon...
[NX v22.5.4 Daemon Server] - 2026-03-13T22:20:57.859Z - Restarting daemon with script: /Users/orlando/dev/pos/node_modules/nx/src/daemon/server/start.js
[NX v22.5.4 Daemon Server] - 2026-03-13T22:20:57.859Z - Old daemon __dirname: /Users/orlando/dev/pos/node_modules/nx/src/daemon/server
[NX v22.5.4 Daemon Server] - 2026-03-13T22:20:57.859Z - Current process.execPath: /Users/orlando/.nvm/versions/node/v22.21.0/bin/node
[NX v22.5.4 Daemon Server] - 2026-03-13T22:20:57.860Z - Started new daemon process in background
[NX v22.5.4 Daemon Server] - 2026-03-13T22:20:57.860Z - [WATCHER]: Stopping the watcher for /Users/orlando/dev/pos (sources)
[NX v22.5.4 Daemon Server] - 2026-03-13T22:20:57.860Z - [WATCHER]: Stopping the watcher for /Users/orlando/dev/pos (outputs)
[NX v22.5.4 Daemon Server] - 2026-03-13T22:20:57.861Z - [NX-CONSOLE]: Cleaning up latest Nx installation from /var/folders/x5/g3ht8mrd3z34nssjq5gb4t880000gn/T/tmp-27091-wHCgGphQxwxN
[NX v22.5.4 Daemon Server] - 2026-03-13T22:20:57.861Z - Server stopped because: "LOCK_FILES_CHANGED"
[NX v22.5.4 Daemon Server] - 2026-03-13T22:20:58.128Z - New daemon starting from: /Users/orlando/dev/pos/node_modules/nx/src/daemon/server/server.js
[NX v22.5.4 Daemon Server] - 2026-03-13T22:20:58.129Z - New daemon __dirname: /Users/orlando/dev/pos/node_modules/nx/src/daemon/server
[NX v22.5.4 Daemon Server] - 2026-03-13T22:20:58.129Z - New daemon nxVersion: 22.5.4
[NX v22.5.4 Daemon Server] - 2026-03-13T22:20:58.129Z - New daemon getInstalledNxVersion(): 22.5.4
[NX v22.5.4 Daemon Server] - 2026-03-13T22:20:58.134Z - [Server] Starting outdated check interval (20ms)
[NX v22.5.4 Daemon Server] - 2026-03-13T22:20:58.135Z - Started listening on: /var/folders/x5/g3ht8mrd3z34nssjq5gb4t880000gn/T/008a14ad24fa51c5ffc5/d.sock
[NX v22.5.4 Daemon Server] - 2026-03-13T22:20:58.136Z - [WATCHER]: Subscribed to changes within: /Users/orlando/dev/pos (native)
[NX v22.5.4 Daemon Server] - 2026-03-13T22:20:58.136Z - [NX-CONSOLE]: Pulling latest Nx (latest) to check console status...
Fetching nx...
[NX v22.5.4 Daemon Server] - 2026-03-13T22:20:58.461Z - [WATCHER]: Processing file changes in outputs
Time for 'plugin worker 31321 code loading' 3.351834
Time for 'plugin worker 31320 code loading' 3.437208
Time for 'plugin worker 31322 code loading' 3.420375
[NX v22.5.4 Daemon Server] - 2026-03-13T22:20:58.598Z - [REQUEST]: Updated workspace context based on watched changes, recomputing project graph...
[NX v22.5.4 Daemon Server] - 2026-03-13T22:20:58.598Z - [REQUEST]: 
[NX v22.5.4 Daemon Server] - 2026-03-13T22:20:58.599Z - [REQUEST]: 
Time for 'nx/core/project-json:createNodes' 1.5872500000000116
Time for 'nx/js/dependencies-and-lockfile:createNodes' 189.698459

 NX   Using `implicitDependencies` for global implicit dependencies configuration is no longer supported.

Use "namedInputs" instead. You can run "nx repair" to automatically migrate your configuration.
For more information about the usage of "namedInputs" see https://nx.dev/deprecated/global-implicit-dependencies#global-implicit-dependencies

Time for 'build typescript dependencies' 65.83912500000002
[NX v22.5.4 Daemon Server] - 2026-03-13T22:20:58.928Z - [SYNC]: collect registered sync generators
[NX v22.5.4 Daemon Server] - 2026-03-13T22:21:02.494Z - [NX-CONSOLE]: Successfully pulled latest Nx to /var/folders/x5/g3ht8mrd3z34nssjq5gb4t880000gn/T/tmp-31271-02O67kL6Sl5X
[NX v22.5.4 Daemon Server] - 2026-03-13T22:21:02.545Z - [NX-CONSOLE]: Using local implementation (NX_USE_LOCAL=true or inner call)
DEBUG nx::native::ide::install: Detected editor: Unknown
[NX v22.5.4 Daemon Server] - 2026-03-13T22:21:02.546Z - [NX-CONSOLE]: Console status check completed, shouldPrompt: false
[NX v22.5.4 Daemon Server] - 2026-03-13T22:21:16.380Z - [Server] lock file hash changed! old=10981528049271953201, new=11262518869098201688
[NX v22.5.4 Daemon Server] - 2026-03-13T22:21:16.381Z - [Server] Daemon outdated: LOCK_FILES_CHANGED
[NX v22.5.4 Daemon Server] - 2026-03-13T22:21:16.381Z - [Server] Restarting daemon...
[NX v22.5.4 Daemon Server] - 2026-03-13T22:21:16.381Z - Restarting daemon with script: /Users/orlando/dev/pos/node_modules/nx/src/daemon/server/start.js
[NX v22.5.4 Daemon Server] - 2026-03-13T22:21:16.381Z - Old daemon __dirname: /Users/orlando/dev/pos/node_modules/nx/src/daemon/server
[NX v22.5.4 Daemon Server] - 2026-03-13T22:21:16.381Z - Current process.execPath: /Users/orlando/.nvm/versions/node/v22.21.0/bin/node
[NX v22.5.4 Daemon Server] - 2026-03-13T22:21:16.383Z - Started new daemon process in background
[NX v22.5.4 Daemon Server] - 2026-03-13T22:21:16.384Z - [WATCHER]: Stopping the watcher for /Users/orlando/dev/pos (sources)
[NX v22.5.4 Daemon Server] - 2026-03-13T22:21:16.384Z - [WATCHER]: Stopping the watcher for /Users/orlando/dev/pos (outputs)
[NX v22.5.4 Daemon Server] - 2026-03-13T22:21:16.384Z - [NX-CONSOLE]: Cleaning up latest Nx installation from /var/folders/x5/g3ht8mrd3z34nssjq5gb4t880000gn/T/tmp-31271-02O67kL6Sl5X
[NX v22.5.4 Daemon Server] - 2026-03-13T22:21:16.384Z - Server stopped because: "LOCK_FILES_CHANGED"
[NX v22.5.4 Daemon Server] - 2026-03-13T22:21:16.566Z - New daemon starting from: /Users/orlando/dev/pos/node_modules/nx/src/daemon/server/server.js
[NX v22.5.4 Daemon Server] - 2026-03-13T22:21:16.567Z - New daemon __dirname: /Users/orlando/dev/pos/node_modules/nx/src/daemon/server
[NX v22.5.4 Daemon Server] - 2026-03-13T22:21:16.567Z - New daemon nxVersion: 22.5.4
[NX v22.5.4 Daemon Server] - 2026-03-13T22:21:16.567Z - New daemon getInstalledNxVersion(): 22.5.4
[NX v22.5.4 Daemon Server] - 2026-03-13T22:21:16.569Z - [Server] Starting outdated check interval (20ms)
[NX v22.5.4 Daemon Server] - 2026-03-13T22:21:16.569Z - Started listening on: /var/folders/x5/g3ht8mrd3z34nssjq5gb4t880000gn/T/12a9772a8ad2302097bd/d.sock
[NX v22.5.4 Daemon Server] - 2026-03-13T22:21:16.570Z - [WATCHER]: Subscribed to changes within: /Users/orlando/dev/pos (native)
[NX v22.5.4 Daemon Server] - 2026-03-13T22:21:16.570Z - [NX-CONSOLE]: Pulling latest Nx (latest) to check console status...
Fetching nx...
[NX v22.5.4 Daemon Server] - 2026-03-13T22:21:16.895Z - [WATCHER]: Processing file changes in outputs
Time for 'plugin worker 31498 code loading' 3.2827909999999996
Time for 'plugin worker 31500 code loading' 2.991541999999999
Time for 'plugin worker 31499 code loading' 3.51975
[NX v22.5.4 Daemon Server] - 2026-03-13T22:21:17.034Z - [REQUEST]: Updated workspace context based on watched changes, recomputing project graph...
[NX v22.5.4 Daemon Server] - 2026-03-13T22:21:17.034Z - [REQUEST]: 
[NX v22.5.4 Daemon Server] - 2026-03-13T22:21:17.034Z - [REQUEST]: 
Time for 'nx/core/project-json:createNodes' 1.671875
Time for 'nx/js/dependencies-and-lockfile:createNodes' 239.90175000000002

 NX   Using `implicitDependencies` for global implicit dependencies configuration is no longer supported.

Use "namedInputs" instead. You can run "nx repair" to automatically migrate your configuration.
For more information about the usage of "namedInputs" see https://nx.dev/deprecated/global-implicit-dependencies#global-implicit-dependencies

Time for 'build typescript dependencies' 67.89375000000001
[NX v22.5.4 Daemon Server] - 2026-03-13T22:21:17.427Z - [SYNC]: collect registered sync generators
[NX v22.5.4 Daemon Server] - 2026-03-13T22:21:20.331Z - [NX-CONSOLE]: Successfully pulled latest Nx to /var/folders/x5/g3ht8mrd3z34nssjq5gb4t880000gn/T/tmp-31448-I5C22oImdRVl
[NX v22.5.4 Daemon Server] - 2026-03-13T22:21:20.383Z - [NX-CONSOLE]: Using local implementation (NX_USE_LOCAL=true or inner call)
DEBUG nx::native::ide::install: Detected editor: Unknown
[NX v22.5.4 Daemon Server] - 2026-03-13T22:21:20.383Z - [NX-CONSOLE]: Console status check completed, shouldPrompt: false
[NX v22.5.4 Daemon Server] - 2026-03-13T22:21:42.141Z - [Server] lock file hash changed! old=11262518869098201688, new=5167951923628885155
[NX v22.5.4 Daemon Server] - 2026-03-13T22:21:42.142Z - [Server] Daemon outdated: LOCK_FILES_CHANGED
[NX v22.5.4 Daemon Server] - 2026-03-13T22:21:42.142Z - [Server] Restarting daemon...
[NX v22.5.4 Daemon Server] - 2026-03-13T22:21:42.143Z - Restarting daemon with script: /Users/orlando/dev/pos/node_modules/nx/src/daemon/server/start.js
[NX v22.5.4 Daemon Server] - 2026-03-13T22:21:42.143Z - Old daemon __dirname: /Users/orlando/dev/pos/node_modules/nx/src/daemon/server
[NX v22.5.4 Daemon Server] - 2026-03-13T22:21:42.143Z - Current process.execPath: /Users/orlando/.nvm/versions/node/v22.21.0/bin/node
[NX v22.5.4 Daemon Server] - 2026-03-13T22:21:42.147Z - Started new daemon process in background
[NX v22.5.4 Daemon Server] - 2026-03-13T22:21:42.149Z - [WATCHER]: Stopping the watcher for /Users/orlando/dev/pos (sources)
[NX v22.5.4 Daemon Server] - 2026-03-13T22:21:42.149Z - [WATCHER]: Stopping the watcher for /Users/orlando/dev/pos (outputs)
[NX v22.5.4 Daemon Server] - 2026-03-13T22:21:42.150Z - [NX-CONSOLE]: Cleaning up latest Nx installation from /var/folders/x5/g3ht8mrd3z34nssjq5gb4t880000gn/T/tmp-31448-I5C22oImdRVl
[NX v22.5.4 Daemon Server] - 2026-03-13T22:21:42.150Z - Server stopped because: "LOCK_FILES_CHANGED"
[NX v22.5.4 Daemon Server] - 2026-03-13T22:21:42.471Z - New daemon starting from: /Users/orlando/dev/pos/node_modules/nx/src/daemon/server/server.js
[NX v22.5.4 Daemon Server] - 2026-03-13T22:21:42.472Z - New daemon __dirname: /Users/orlando/dev/pos/node_modules/nx/src/daemon/server
[NX v22.5.4 Daemon Server] - 2026-03-13T22:21:42.472Z - New daemon nxVersion: 22.5.4
[NX v22.5.4 Daemon Server] - 2026-03-13T22:21:42.472Z - New daemon getInstalledNxVersion(): 22.5.4
[NX v22.5.4 Daemon Server] - 2026-03-13T22:21:42.473Z - [Server] Starting outdated check interval (20ms)
[NX v22.5.4 Daemon Server] - 2026-03-13T22:21:42.474Z - Started listening on: /var/folders/x5/g3ht8mrd3z34nssjq5gb4t880000gn/T/a93924226a6458ee0038/d.sock
[NX v22.5.4 Daemon Server] - 2026-03-13T22:21:42.475Z - [WATCHER]: Subscribed to changes within: /Users/orlando/dev/pos (native)
[NX v22.5.4 Daemon Server] - 2026-03-13T22:21:42.475Z - [NX-CONSOLE]: Pulling latest Nx (latest) to check console status...
Fetching nx...
Time for 'plugin worker 32394 code loading' 4.0806249999999995
Time for 'plugin worker 32393 code loading' 3.663957999999999
Time for 'plugin worker 32395 code loading' 3.901459000000001
[NX v22.5.4 Daemon Server] - 2026-03-13T22:21:42.995Z - [REQUEST]: Updated workspace context based on watched changes, recomputing project graph...
[NX v22.5.4 Daemon Server] - 2026-03-13T22:21:42.995Z - [REQUEST]: 
[NX v22.5.4 Daemon Server] - 2026-03-13T22:21:42.995Z - [REQUEST]: 
Time for 'nx/core/project-json:createNodes' 2.1369160000000136
Time for 'nx/js/dependencies-and-lockfile:createNodes' 186.028958

 NX   Using `implicitDependencies` for global implicit dependencies configuration is no longer supported.

Use "namedInputs" instead. You can run "nx repair" to automatically migrate your configuration.
For more information about the usage of "namedInputs" see https://nx.dev/deprecated/global-implicit-dependencies#global-implicit-dependencies

Time for 'build typescript dependencies' 81.01633399999997
[NX v22.5.4 Daemon Server] - 2026-03-13T22:21:43.345Z - [SYNC]: collect registered sync generators
[NX v22.5.4 Daemon Server] - 2026-03-13T22:21:46.186Z - [NX-CONSOLE]: Successfully pulled latest Nx to /var/folders/x5/g3ht8mrd3z34nssjq5gb4t880000gn/T/tmp-32334-yk9AuwjGh3lO
[NX v22.5.4 Daemon Server] - 2026-03-13T22:21:46.242Z - [NX-CONSOLE]: Using local implementation (NX_USE_LOCAL=true or inner call)
DEBUG nx::native::ide::install: Detected editor: Unknown
[NX v22.5.4 Daemon Server] - 2026-03-13T22:21:46.242Z - [NX-CONSOLE]: Console status check completed, shouldPrompt: false
[NX v22.5.4 Daemon Server] - 2026-03-13T22:22:15.488Z - [Server] lock file hash changed! old=5167951923628885155, new=10780288359110669085
[NX v22.5.4 Daemon Server] - 2026-03-13T22:22:15.488Z - [Server] Daemon outdated: LOCK_FILES_CHANGED
[NX v22.5.4 Daemon Server] - 2026-03-13T22:22:15.488Z - [Server] Restarting daemon...
[NX v22.5.4 Daemon Server] - 2026-03-13T22:22:15.489Z - Restarting daemon with script: /Users/orlando/dev/pos/node_modules/nx/src/daemon/server/start.js
[NX v22.5.4 Daemon Server] - 2026-03-13T22:22:15.489Z - Old daemon __dirname: /Users/orlando/dev/pos/node_modules/nx/src/daemon/server
[NX v22.5.4 Daemon Server] - 2026-03-13T22:22:15.489Z - Current process.execPath: /Users/orlando/.nvm/versions/node/v22.21.0/bin/node
[NX v22.5.4 Daemon Server] - 2026-03-13T22:22:15.490Z - Started new daemon process in background
[NX v22.5.4 Daemon Server] - 2026-03-13T22:22:15.491Z - [WATCHER]: Stopping the watcher for /Users/orlando/dev/pos (sources)
[NX v22.5.4 Daemon Server] - 2026-03-13T22:22:15.491Z - [WATCHER]: Stopping the watcher for /Users/orlando/dev/pos (outputs)
[NX v22.5.4 Daemon Server] - 2026-03-13T22:22:15.491Z - [NX-CONSOLE]: Cleaning up latest Nx installation from /var/folders/x5/g3ht8mrd3z34nssjq5gb4t880000gn/T/tmp-32334-yk9AuwjGh3lO
[NX v22.5.4 Daemon Server] - 2026-03-13T22:22:15.491Z - Server stopped because: "LOCK_FILES_CHANGED"
[NX v22.5.4 Daemon Server] - 2026-03-13T22:22:15.702Z - New daemon starting from: /Users/orlando/dev/pos/node_modules/nx/src/daemon/server/server.js
[NX v22.5.4 Daemon Server] - 2026-03-13T22:22:15.703Z - New daemon __dirname: /Users/orlando/dev/pos/node_modules/nx/src/daemon/server
[NX v22.5.4 Daemon Server] - 2026-03-13T22:22:15.703Z - New daemon nxVersion: 22.5.4
[NX v22.5.4 Daemon Server] - 2026-03-13T22:22:15.703Z - New daemon getInstalledNxVersion(): 22.5.4
[NX v22.5.4 Daemon Server] - 2026-03-13T22:22:15.706Z - [Server] Starting outdated check interval (20ms)
[NX v22.5.4 Daemon Server] - 2026-03-13T22:22:15.707Z - Started listening on: /var/folders/x5/g3ht8mrd3z34nssjq5gb4t880000gn/T/7a6b48d18946d813bb68/d.sock
[NX v22.5.4 Daemon Server] - 2026-03-13T22:22:15.708Z - [WATCHER]: Subscribed to changes within: /Users/orlando/dev/pos (native)
[NX v22.5.4 Daemon Server] - 2026-03-13T22:22:15.708Z - [NX-CONSOLE]: Pulling latest Nx (latest) to check console status...
Fetching nx...
Time for 'plugin worker 32709 code loading' 3.9783749999999998
Time for 'plugin worker 32707 code loading' 4.4655000000000005
Time for 'plugin worker 32708 code loading' 4.4637910000000005
[NX v22.5.4 Daemon Server] - 2026-03-13T22:22:16.227Z - [REQUEST]: Updated workspace context based on watched changes, recomputing project graph...
[NX v22.5.4 Daemon Server] - 2026-03-13T22:22:16.228Z - [REQUEST]: 
[NX v22.5.4 Daemon Server] - 2026-03-13T22:22:16.228Z - [REQUEST]: 
Time for 'nx/core/project-json:createNodes' 1.9649579999999958
Time for 'nx/js/dependencies-and-lockfile:createNodes' 180.399583

 NX   Using `implicitDependencies` for global implicit dependencies configuration is no longer supported.

Use "namedInputs" instead. You can run "nx repair" to automatically migrate your configuration.
For more information about the usage of "namedInputs" see https://nx.dev/deprecated/global-implicit-dependencies#global-implicit-dependencies

Time for 'build typescript dependencies' 95.74816700000002
[NX v22.5.4 Daemon Server] - 2026-03-13T22:22:16.595Z - [SYNC]: collect registered sync generators
[NX v22.5.4 Daemon Server] - 2026-03-13T22:22:19.623Z - [NX-CONSOLE]: Successfully pulled latest Nx to /var/folders/x5/g3ht8mrd3z34nssjq5gb4t880000gn/T/tmp-32660-9KKPT26pLS6j
[NX v22.5.4 Daemon Server] - 2026-03-13T22:22:19.675Z - [NX-CONSOLE]: Using local implementation (NX_USE_LOCAL=true or inner call)
DEBUG nx::native::ide::install: Detected editor: Unknown
[NX v22.5.4 Daemon Server] - 2026-03-13T22:22:19.675Z - [NX-CONSOLE]: Console status check completed, shouldPrompt: false
[NX v22.5.4 Daemon Server] - 2026-03-13T22:22:40.181Z - [Server] lock file hash changed! old=10780288359110669085, new=12391513526205507454
[NX v22.5.4 Daemon Server] - 2026-03-13T22:22:40.181Z - [Server] Daemon outdated: LOCK_FILES_CHANGED
[NX v22.5.4 Daemon Server] - 2026-03-13T22:22:40.181Z - [Server] Restarting daemon...
[NX v22.5.4 Daemon Server] - 2026-03-13T22:22:40.182Z - Restarting daemon with script: /Users/orlando/dev/pos/node_modules/nx/src/daemon/server/start.js
[NX v22.5.4 Daemon Server] - 2026-03-13T22:22:40.182Z - Old daemon __dirname: /Users/orlando/dev/pos/node_modules/nx/src/daemon/server
[NX v22.5.4 Daemon Server] - 2026-03-13T22:22:40.182Z - Current process.execPath: /Users/orlando/.nvm/versions/node/v22.21.0/bin/node
[NX v22.5.4 Daemon Server] - 2026-03-13T22:22:40.183Z - Started new daemon process in background
[NX v22.5.4 Daemon Server] - 2026-03-13T22:22:40.184Z - [WATCHER]: Stopping the watcher for /Users/orlando/dev/pos (sources)
[NX v22.5.4 Daemon Server] - 2026-03-13T22:22:40.184Z - [WATCHER]: Stopping the watcher for /Users/orlando/dev/pos (outputs)
[NX v22.5.4 Daemon Server] - 2026-03-13T22:22:40.184Z - [NX-CONSOLE]: Cleaning up latest Nx installation from /var/folders/x5/g3ht8mrd3z34nssjq5gb4t880000gn/T/tmp-32660-9KKPT26pLS6j
[NX v22.5.4 Daemon Server] - 2026-03-13T22:22:40.184Z - Server stopped because: "LOCK_FILES_CHANGED"
[NX v22.5.4 Daemon Server] - 2026-03-13T22:22:40.400Z - New daemon starting from: /Users/orlando/dev/pos/node_modules/nx/src/daemon/server/server.js
[NX v22.5.4 Daemon Server] - 2026-03-13T22:22:40.401Z - New daemon __dirname: /Users/orlando/dev/pos/node_modules/nx/src/daemon/server
[NX v22.5.4 Daemon Server] - 2026-03-13T22:22:40.401Z - New daemon nxVersion: 22.5.4
[NX v22.5.4 Daemon Server] - 2026-03-13T22:22:40.401Z - New daemon getInstalledNxVersion(): 22.5.4
[NX v22.5.4 Daemon Server] - 2026-03-13T22:22:40.410Z - [Server] Starting outdated check interval (20ms)
[NX v22.5.4 Daemon Server] - 2026-03-13T22:22:40.411Z - Started listening on: /var/folders/x5/g3ht8mrd3z34nssjq5gb4t880000gn/T/a228a49154209c0dca59/d.sock
[NX v22.5.4 Daemon Server] - 2026-03-13T22:22:40.413Z - [WATCHER]: Subscribed to changes within: /Users/orlando/dev/pos (native)
[NX v22.5.4 Daemon Server] - 2026-03-13T22:22:40.413Z - [NX-CONSOLE]: Pulling latest Nx (latest) to check console status...
Fetching nx...
Time for 'plugin worker 32905 code loading' 3.776083999999999
Time for 'plugin worker 32906 code loading' 4.713625
Time for 'plugin worker 32907 code loading' 3.7018749999999994
[NX v22.5.4 Daemon Server] - 2026-03-13T22:22:40.934Z - [REQUEST]: Updated workspace context based on watched changes, recomputing project graph...
[NX v22.5.4 Daemon Server] - 2026-03-13T22:22:40.934Z - [REQUEST]: 
[NX v22.5.4 Daemon Server] - 2026-03-13T22:22:40.935Z - [REQUEST]: 
Time for 'nx/core/project-json:createNodes' 1.9655830000000094
Time for 'nx/js/dependencies-and-lockfile:createNodes' 224.14

 NX   Using `implicitDependencies` for global implicit dependencies configuration is no longer supported.

Use "namedInputs" instead. You can run "nx repair" to automatically migrate your configuration.
For more information about the usage of "namedInputs" see https://nx.dev/deprecated/global-implicit-dependencies#global-implicit-dependencies

Time for 'build typescript dependencies' 74.42137499999995
[NX v22.5.4 Daemon Server] - 2026-03-13T22:22:41.354Z - [SYNC]: collect registered sync generators
[NX v22.5.4 Daemon Server] - 2026-03-13T22:22:44.028Z - [NX-CONSOLE]: Successfully pulled latest Nx to /var/folders/x5/g3ht8mrd3z34nssjq5gb4t880000gn/T/tmp-32857-2IUgltaBkDrc
[NX v22.5.4 Daemon Server] - 2026-03-13T22:22:44.081Z - [NX-CONSOLE]: Using local implementation (NX_USE_LOCAL=true or inner call)
DEBUG nx::native::ide::install: Detected editor: Unknown
[NX v22.5.4 Daemon Server] - 2026-03-13T22:22:44.081Z - [NX-CONSOLE]: Console status check completed, shouldPrompt: false
[NX v22.5.4 Daemon Server] - 2026-03-13T22:23:25.250Z - [WATCHER]: Processing file changes in outputs
[NX v22.5.4 Daemon Server] - 2026-03-13T22:23:29.044Z - [WATCHER]: Processing file changes in outputs
[NX v22.5.4 Daemon Server] - 2026-03-13T22:24:32.557Z - [WATCHER]: Processing file changes in outputs
[NX v22.5.4 Daemon Server] - 2026-03-13T22:25:10.691Z - [WATCHER]: Processing file changes in outputs
[NX v22.5.4 Daemon Server] - 2026-03-13T22:43:40.065Z - [WATCHER]: Processing file changes in outputs
[NX v22.5.4 Daemon Server] - 2026-03-13T22:43:40.126Z - [WATCHER]: Processing file changes in outputs
[NX v22.5.4 Daemon Server] - 2026-03-13T22:51:26.735Z - [WATCHER]: Processing file changes in outputs
[NX v22.5.4 Daemon Server] - 2026-03-13T22:51:31.065Z - [WATCHER]: Processing file changes in outputs
[NX v22.5.4 Daemon Server] - 2026-03-13T22:51:37.521Z - [WATCHER]: Processing file changes in outputs
[NX v22.5.4 Daemon Server] - 2026-03-13T22:51:41.446Z - [WATCHER]: Processing file changes in outputs
[NX v22.5.4 Daemon Server] - 2026-03-13T22:52:36.112Z - [WATCHER]: Processing file changes in outputs
[NX v22.5.4 Daemon Server] - 2026-03-13T22:52:49.205Z - [WATCHER]: Processing file changes in outputs
[NX v22.5.4 Daemon Server] - 2026-03-13T22:52:49.849Z - [WATCHER]: Processing file changes in outputs
[NX v22.5.4 Daemon Server] - 2026-03-13T22:52:59.604Z - [WATCHER]: Processing file changes in outputs
[NX v22.5.4 Daemon Server] - 2026-03-13T22:53:14.302Z - [WATCHER]: Processing file changes in outputs
[NX v22.5.4 Daemon Server] - 2026-03-13T22:53:14.867Z - [WATCHER]: Processing file changes in outputs
[NX v22.5.4 Daemon Server] - 2026-03-13T22:53:51.892Z - [WATCHER]: Processing file changes in outputs
[NX v22.5.4 Daemon Server] - 2026-03-13T22:53:53.430Z - [WATCHER]: Processing file changes in outputs
[NX v22.5.4 Daemon Server] - 2026-03-13T22:53:54.499Z - [WATCHER]: Processing file changes in outputs
[NX v22.5.4 Daemon Server] - 2026-03-13T22:53:54.641Z - [WATCHER]: Processing file changes in outputs
[NX v22.5.4 Daemon Server] - 2026-03-13T22:54:03.909Z - [WATCHER]: Processing file changes in outputs
[NX v22.5.4 Daemon Server] - 2026-03-13T22:54:17.133Z - [WATCHER]: Processing file changes in outputs
[NX v22.5.4 Daemon Server] - 2026-03-13T22:54:18.085Z - [WATCHER]: Processing file changes in outputs
[NX v22.5.4 Daemon Server] - 2026-03-13T23:01:45.831Z - [WATCHER]: Processing file changes in outputs
[NX v22.5.4 Daemon Server] - 2026-03-13T23:01:50.702Z - [WATCHER]: Processing file changes in outputs
[NX v22.5.4 Daemon Server] - 2026-03-13T23:01:51.107Z - [WATCHER]: Processing file changes in outputs
[NX v22.5.4 Daemon Server] - 2026-03-13T23:02:25.668Z - [WATCHER]: Processing file changes in outputs
[NX v22.5.4 Daemon Server] - 2026-03-13T23:07:11.840Z - [WATCHER]: Processing file changes in outputs
[NX v22.5.4 Daemon Server] - 2026-03-13T23:07:12.418Z - [WATCHER]: Processing file changes in outputs
[NX v22.5.4 Daemon Server] - 2026-03-13T23:07:19.330Z - [WATCHER]: Processing file changes in outputs
[NX v22.5.4 Daemon Server] - 2026-03-13T23:07:20.511Z - [WATCHER]: Processing file changes in outputs
[NX v22.5.4 Daemon Server] - 2026-03-13T23:07:20.564Z - [WATCHER]: Processing file changes in outputs
[NX v22.5.4 Daemon Server] - 2026-03-13T23:07:21.033Z - [WATCHER]: Processing file changes in outputs
[NX v22.5.4 Daemon Server] - 2026-03-13T23:07:21.111Z - [WATCHER]: Processing file changes in outputs
[NX v22.5.4 Daemon Server] - 2026-03-13T23:07:21.165Z - [WATCHER]: Processing file changes in outputs
[NX v22.5.4 Daemon Server] - 2026-03-13T23:07:21.217Z - [WATCHER]: Processing file changes in outputs
[NX v22.5.4 Daemon Server] - 2026-03-13T23:07:21.269Z - [WATCHER]: Processing file changes in outputs
[NX v22.5.4 Daemon Server] - 2026-03-13T23:07:21.331Z - [WATCHER]: Processing file changes in outputs
[NX v22.5.4 Daemon Server] - 2026-03-13T23:07:21.490Z - [WATCHER]: Processing file changes in outputs
[NX v22.5.4 Daemon Server] - 2026-03-13T23:07:21.598Z - [WATCHER]: Processing file changes in outputs
[NX v22.5.4 Daemon Server] - 2026-03-13T23:07:21.658Z - [WATCHER]: Processing file changes in outputs
[NX v22.5.4 Daemon Server] - 2026-03-13T23:07:21.709Z - [WATCHER]: Processing file changes in outputs
[NX v22.5.4 Daemon Server] - 2026-03-13T23:07:21.763Z - [WATCHER]: Processing file changes in outputs
[NX v22.5.4 Daemon Server] - 2026-03-13T23:07:21.862Z - [WATCHER]: Processing file changes in outputs
[NX v22.5.4 Daemon Server] - 2026-03-13T23:07:22.016Z - [WATCHER]: Processing file changes in outputs
[NX v22.5.4 Daemon Server] - 2026-03-13T23:07:22.097Z - [WATCHER]: Processing file changes in outputs
[NX v22.5.4 Daemon Server] - 2026-03-13T23:07:22.248Z - [WATCHER]: Processing file changes in outputs
[NX v22.5.4 Daemon Server] - 2026-03-13T23:07:22.303Z - [WATCHER]: Processing file changes in outputs
[NX v22.5.4 Daemon Server] - 2026-03-13T23:07:22.360Z - [WATCHER]: Processing file changes in outputs
[NX v22.5.4 Daemon Server] - 2026-03-13T23:07:22.905Z - [WATCHER]: Processing file changes in outputs
[NX v22.5.4 Daemon Server] - 2026-03-13T23:07:23.156Z - [WATCHER]: Processing file changes in outputs
[NX v22.5.4 Daemon Server] - 2026-03-13T23:07:23.275Z - [WATCHER]: Processing file changes in outputs
[NX v22.5.4 Daemon Server] - 2026-03-13T23:07:23.407Z - [WATCHER]: Processing file changes in outputs
[NX v22.5.4 Daemon Server] - 2026-03-13T23:07:23.490Z - [WATCHER]: Processing file changes in outputs
[NX v22.5.4 Daemon Server] - 2026-03-13T23:07:30.961Z - [WATCHER]: Processing file changes in outputs
[NX v22.5.4 Daemon Server] - 2026-03-13T23:07:43.829Z - [WATCHER]: Processing file changes in outputs
[NX v22.5.4 Daemon Server] - 2026-03-13T23:07:43.954Z - [WATCHER]: Processing file changes in outputs
[NX v22.5.4 Daemon Server] - 2026-03-13T23:07:44.194Z - [WATCHER]: Processing file changes in outputs
[NX v22.5.4 Daemon Server] - 2026-03-13T23:07:44.249Z - [WATCHER]: Processing file changes in outputs
[NX v22.5.4 Daemon Server] - 2026-03-13T23:07:44.305Z - [WATCHER]: Processing file changes in outputs
[NX v22.5.4 Daemon Server] - 2026-03-13T23:07:44.360Z - [WATCHER]: Processing file changes in outputs
[NX v22.5.4 Daemon Server] - 2026-03-13T23:07:44.505Z - [WATCHER]: Processing file changes in outputs
[NX v22.5.4 Daemon Server] - 2026-03-13T23:07:44.564Z - [WATCHER]: Processing file changes in outputs
[NX v22.5.4 Daemon Server] - 2026-03-13T23:07:44.629Z - [WATCHER]: Processing file changes in outputs
[NX v22.5.4 Daemon Server] - 2026-03-13T23:07:44.683Z - [WATCHER]: Processing file changes in outputs
[NX v22.5.4 Daemon Server] - 2026-03-13T23:07:44.958Z - [WATCHER]: Processing file changes in outputs
[NX v22.5.4 Daemon Server] - 2026-03-13T23:07:45.017Z - [WATCHER]: Processing file changes in outputs
[NX v22.5.4 Daemon Server] - 2026-03-13T23:07:45.075Z - [WATCHER]: Processing file changes in outputs
[NX v22.5.4 Daemon Server] - 2026-03-13T23:07:45.139Z - [WATCHER]: Processing file changes in outputs
[NX v22.5.4 Daemon Server] - 2026-03-13T23:07:45.204Z - [WATCHER]: Processing file changes in outputs
[NX v22.5.4 Daemon Server] - 2026-03-13T23:07:45.292Z - [WATCHER]: Processing file changes in outputs
[NX v22.5.4 Daemon Server] - 2026-03-13T23:07:45.345Z - [WATCHER]: Processing file changes in outputs
[NX v22.5.4 Daemon Server] - 2026-03-13T23:07:47.932Z - [WATCHER]: Processing file changes in outputs
[NX v22.5.4 Daemon Server] - 2026-03-13T23:07:48.769Z - [WATCHER]: Processing file changes in outputs
[NX v22.5.4 Daemon Server] - 2026-03-13T23:07:48.847Z - [WATCHER]: Processing file changes in outputs
[NX v22.5.4 Daemon Server] - 2026-03-13T23:08:06.293Z - [WATCHER]: Processing file changes in outputs
[NX v22.5.4 Daemon Server] - 2026-03-13T23:08:22.247Z - [WATCHER]: Processing file changes in outputs
[NX v22.5.4 Daemon Server] - 2026-03-13T23:08:22.805Z - [WATCHER]: Processing file changes in outputs
[NX v22.5.4 Daemon Server] - 2026-03-13T23:08:29.631Z - [WATCHER]: Processing file changes in outputs
[NX v22.5.4 Daemon Server] - 2026-03-13T23:08:32.065Z - [WATCHER]: Processing file changes in outputs
[NX v22.5.4 Daemon Server] - 2026-03-13T23:08:32.331Z - [WATCHER]: Processing file changes in outputs
[NX v22.5.4 Daemon Server] - 2026-03-13T23:08:32.528Z - [WATCHER]: Processing file changes in outputs
[NX v22.5.4 Daemon Server] - 2026-03-13T23:08:32.612Z - [WATCHER]: Processing file changes in outputs
[NX v22.5.4 Daemon Server] - 2026-03-13T23:08:33.063Z - [WATCHER]: Processing file changes in outputs
[NX v22.5.4 Daemon Server] - 2026-03-13T23:08:33.150Z - [WATCHER]: Processing file changes in outputs
[NX v22.5.4 Daemon Server] - 2026-03-13T23:08:45.812Z - [WATCHER]: Processing file changes in outputs
[NX v22.5.4 Daemon Server] - 2026-03-13T23:08:45.865Z - [WATCHER]: Processing file changes in outputs
[NX v22.5.4 Daemon Server] - 2026-03-13T23:08:46.355Z - [WATCHER]: Processing file changes in outputs
[NX v22.5.4 Daemon Server] - 2026-03-13T23:08:46.557Z - [WATCHER]: Processing file changes in outputs
[NX v22.5.4 Daemon Server] - 2026-03-13T23:08:47.257Z - [WATCHER]: Processing file changes in outputs
[NX v22.5.4 Daemon Server] - 2026-03-13T23:08:47.322Z - [WATCHER]: Processing file changes in outputs
[NX v22.5.4 Daemon Server] - 2026-03-13T23:08:47.398Z - [WATCHER]: Processing file changes in outputs
[NX v22.5.4 Daemon Server] - 2026-03-13T23:08:47.458Z - [WATCHER]: Processing file changes in outputs
[NX v22.5.4 Daemon Server] - 2026-03-13T23:08:47.558Z - [WATCHER]: Processing file changes in outputs
[NX v22.5.4 Daemon Server] - 2026-03-13T23:08:47.618Z - [WATCHER]: Processing file changes in outputs
[NX v22.5.4 Daemon Server] - 2026-03-13T23:08:47.667Z - [WATCHER]: Processing file changes in outputs
[NX v22.5.4 Daemon Server] - 2026-03-13T23:08:49.826Z - [WATCHER]: Processing file changes in outputs
[NX v22.5.4 Daemon Server] - 2026-03-13T23:08:50.321Z - [WATCHER]: Processing file changes in outputs
[NX v22.5.4 Daemon Server] - 2026-03-13T23:15:40.150Z - [WATCHER]: Processing file changes in outputs
[NX v22.5.4 Daemon Server] - 2026-03-13T23:15:40.227Z - [WATCHER]: Processing file changes in outputs
[NX v22.5.4 Daemon Server] - 2026-03-13T23:18:49.498Z - [WATCHER]: Processing file changes in outputs
[NX v22.5.4 Daemon Server] - 2026-03-13T23:18:49.986Z - [WATCHER]: Processing file changes in outputs
[NX v22.5.4 Daemon Client] - 2026-03-13T23:43:18.954Z - [Client] Starting new daemon server in background
[NX v22.5.4 Daemon Client] - 2026-03-13T23:43:18.956Z - [Client] Waiting for server (max: 6000 attempts, 10ms interval)
[NX v22.5.4 Daemon Server] - 2026-03-13T23:43:19.070Z - New daemon starting from: /Users/orlando/dev/pos/node_modules/nx/src/daemon/server/server.js
[NX v22.5.4 Daemon Server] - 2026-03-13T23:43:19.071Z - New daemon __dirname: /Users/orlando/dev/pos/node_modules/nx/src/daemon/server
[NX v22.5.4 Daemon Server] - 2026-03-13T23:43:19.071Z - New daemon nxVersion: 22.5.4
[NX v22.5.4 Daemon Server] - 2026-03-13T23:43:19.071Z - New daemon getInstalledNxVersion(): 22.5.4
[NX v22.5.4 Daemon Server] - 2026-03-13T23:43:19.073Z - [Server] Starting outdated check interval (20ms)
[NX v22.5.4 Daemon Server] - 2026-03-13T23:43:19.074Z - Started listening on: /var/folders/x5/g3ht8mrd3z34nssjq5gb4t880000gn/T/403b388f60527f948e80/d.sock
[NX v22.5.4 Daemon Server] - 2026-03-13T23:43:19.075Z - [WATCHER]: Subscribed to changes within: /Users/orlando/dev/pos (native)
[NX v22.5.4 Daemon Server] - 2026-03-13T23:43:19.076Z - [NX-CONSOLE]: Pulling latest Nx (latest) to check console status...
Fetching nx...
[NX v22.5.4 Daemon Client] - 2026-03-13T23:43:19.080Z - [Client] Server available after 10 attempts
[NX v22.5.4 Daemon Client] - 2026-03-13T23:43:19.080Z - [Client] Daemon server started, pid=18014
[NX v22.5.4 Daemon Client] - 2026-03-13T23:43:19.080Z - [Messenger] Setting up socket listeners
[NX v22.5.4 Daemon Client] - 2026-03-13T23:43:19.080Z - [Messenger] listen() complete
[NX v22.5.4 Daemon Client] - 2026-03-13T23:43:19.081Z - [Messenger] Sending message type: REQUEST_PROJECT_GRAPH
[NX v22.5.4 Daemon Client] - 2026-03-13T23:43:19.081Z - [Messenger] Message sent
[isolated-plugin] spawned worker for "/Users/orlando/dev/pos/node_modules/nx/src/plugins/js" (pid: 18022, socket: /var/folders/x5/g3ht8mrd3z34nssjq5gb4t880000gn/T/plugin18014-0-418.847.sock)
[isolated-plugin] spawned worker for "/Users/orlando/dev/pos/node_modules/nx/src/plugins/package-json" (pid: 18023, socket: /var/folders/x5/g3ht8mrd3z34nssjq5gb4t880000gn/T/plugin18014-1-419.933292.sock)
[isolated-plugin] spawned worker for "/Users/orlando/dev/pos/node_modules/nx/src/plugins/project-json/build-nodes/project-json" (pid: 18024, socket: /var/folders/x5/g3ht8mrd3z34nssjq5gb4t880000gn/T/plugin18014-2-420.631167.sock)
[NX v22.5.4 Daemon Server] - 2026-03-13T23:43:19.394Z - [WATCHER]: Processing file changes in outputs
[NX v22.5.4 Daemon Server] - 2026-03-13T23:43:19.394Z - Established a connection. Number of open connections: 1
[NX v22.5.4 Daemon Server] - 2026-03-13T23:43:19.394Z - Established a connection. Number of open connections: 2
[NX v22.5.4 Daemon Server] - 2026-03-13T23:43:19.395Z - Closed a connection. Number of open connections: 1
[NX v22.5.4 Daemon Server] - 2026-03-13T23:43:19.395Z - Received raw message of length 32
[NX v22.5.4 Daemon Server] - 2026-03-13T23:43:19.395Z - Received json message of type REQUEST_PROJECT_GRAPH
[NX v22.5.4 Daemon Server] - 2026-03-13T23:43:19.396Z - [REQUEST]: Client Request for Project Graph Received
[plugin-worker] "/Users/orlando/dev/pos/node_modules/nx/src/plugins/js" (pid: 18022) listening on /var/folders/x5/g3ht8mrd3z34nssjq5gb4t880000gn/T/plugin18014-0-418.847.sock
Time for 'plugin worker 18022 code loading' 3.4174999999999986
[plugin-worker] "/Users/orlando/dev/pos/node_modules/nx/src/plugins/package-json" (pid: 18023) listening on /var/folders/x5/g3ht8mrd3z34nssjq5gb4t880000gn/T/plugin18014-1-419.933292.sock
Time for 'plugin worker 18023 code loading' 4.101000000000001
[plugin-worker] "/Users/orlando/dev/pos/node_modules/nx/src/plugins/project-json/build-nodes/project-json" (pid: 18024) listening on /var/folders/x5/g3ht8mrd3z34nssjq5gb4t880000gn/T/plugin18014-2-420.631167.sock
Time for 'plugin worker 18024 code loading' 3.0702499999999997
[isolated-plugin] connected to worker for "/Users/orlando/dev/pos/node_modules/nx/src/plugins/js" (pid: 18022) after 3 attempt(s)
[isolated-plugin] connected to worker for "/Users/orlando/dev/pos/node_modules/nx/src/plugins/package-json" (pid: 18023) after 3 attempt(s)
[isolated-plugin] connected to worker for "/Users/orlando/dev/pos/node_modules/nx/src/plugins/project-json/build-nodes/project-json" (pid: 18024) after 3 attempt(s)
[NX v22.5.4 Daemon Server] - 2026-03-13T23:43:19.436Z - Time taken for 'start-plugin-worker:/Users/orlando/dev/pos/node_modules/nx/src/plugins/js' 44.26720899999998ms
[plugin-worker] "/Users/orlando/dev/pos/node_modules/nx/src/plugins/js" (pid: 18022) connected
[plugin-worker] "/Users/orlando/dev/pos/node_modules/nx/src/plugins/project-json/build-nodes/project-json" (pid: 18024) connected
[plugin-worker] "/Users/orlando/dev/pos/node_modules/nx/src/plugins/package-json" (pid: 18023) connected
[plugin-worker] "/Users/orlando/dev/pos/node_modules/nx/src/plugins/project-json/build-nodes/project-json" (pid: 18024) loaded successfully
[NX v22.5.4 Daemon Server] - 2026-03-13T23:43:19.513Z - Time taken for 'Load Nx Plugin: /Users/orlando/dev/pos/node_modules/nx/src/plugins/project-json/build-nodes/project-json' 122.72525000000002ms
[plugin-worker] "/Users/orlando/dev/pos/node_modules/nx/src/plugins/package-json" (pid: 18023) loaded successfully
[NX v22.5.4 Daemon Server] - 2026-03-13T23:43:19.515Z - Time taken for 'Load Nx Plugin: /Users/orlando/dev/pos/node_modules/nx/src/plugins/package-json' 124.97812500000003ms
[plugin-worker] "/Users/orlando/dev/pos/node_modules/nx/src/plugins/js" (pid: 18022) loaded successfully
[NX v22.5.4 Daemon Server] - 2026-03-13T23:43:19.525Z - [REQUEST]: Updated workspace context based on watched changes, recomputing project graph...
[NX v22.5.4 Daemon Server] - 2026-03-13T23:43:19.525Z - [REQUEST]: 
[NX v22.5.4 Daemon Server] - 2026-03-13T23:43:19.525Z - [REQUEST]: 
[NX v22.5.4 Daemon Server] - 2026-03-13T23:43:19.526Z - Reusing in-memory cached project graph because no files changed.
[NX v22.5.4 Daemon Server] - 2026-03-13T23:43:19.531Z - Time taken for 'loadDefaultNxPlugins' 134.78454100000005ms
[isolated-plugin] shutting down worker for "nx/core/package-json" after last hook
Time for 'nx/core/project-json:createNodes' 1.862125000000006
[isolated-plugin] shutting down worker for "nx/core/project-json" after last hook
Time for 'nx/js/dependencies-and-lockfile:createNodes' 7.164666999999994

 NX   Using `implicitDependencies` for global implicit dependencies configuration is no longer supported.

Use "namedInputs" instead. You can run "nx repair" to automatically migrate your configuration.
For more information about the usage of "namedInputs" see https://nx.dev/deprecated/global-implicit-dependencies#global-implicit-dependencies

[NX v22.5.4 Daemon Server] - 2026-03-13T23:43:19.577Z - Time taken for 'build-project-configs' 29.532332999999994ms
Time for 'build typescript dependencies' 21.302750000000003
[isolated-plugin] shutting down worker for "nx/js/dependencies-and-lockfile" after last hook
[NX v22.5.4 Daemon Server] - 2026-03-13T23:43:19.625Z - [SYNC]: collect registered sync generators
[NX v22.5.4 Daemon Server] - 2026-03-13T23:43:19.631Z - Wrote project graph cache to /Users/orlando/dev/pos/.nx/workspace-data/project-graph.json
[NX v22.5.4 Daemon Server] - 2026-03-13T23:43:19.631Z - Serializing response for REQUEST_PROJECT_GRAPH message in json mode
[NX v22.5.4 Daemon Server] - 2026-03-13T23:43:19.631Z - Responding to REQUEST_PROJECT_GRAPH message
[NX v22.5.4 Daemon Server] - 2026-03-13T23:43:19.631Z - [REQUEST]: Responding to the client. project-graph
[NX v22.5.4 Daemon Server] - 2026-03-13T23:43:19.632Z - Time taken for 'total for creating and serializing project graph' 235.58020800000003ms
[NX v22.5.4 Daemon Server] - 2026-03-13T23:43:19.634Z - Done responding to the client project-graph
[NX v22.5.4 Daemon Server] - 2026-03-13T23:43:19.634Z - Handled json message REQUEST_PROJECT_GRAPH. Handling time: 235. Response time: 3.
[NX v22.5.4 Daemon Client] - 2026-03-13T23:43:19.635Z - [Messenger] Received message, length: 1125404
[NX v22.5.4 Daemon Server] - 2026-03-13T23:43:19.968Z - Established a connection. Number of open connections: 2
[NX v22.5.4 Daemon Server] - 2026-03-13T23:43:19.968Z - Closed a connection. Number of open connections: 1
[NX v22.5.4 Daemon Server] - 2026-03-13T23:43:19.972Z - Closed a connection. Number of open connections: 0
[NX v22.5.4 Daemon Server] - 2026-03-13T23:43:23.468Z - [NX-CONSOLE]: Successfully pulled latest Nx to /var/folders/x5/g3ht8mrd3z34nssjq5gb4t880000gn/T/tmp-18014-0brGneFciaHw
[NX v22.5.4 Daemon Server] - 2026-03-13T23:43:23.516Z - [NX-CONSOLE]: Using local implementation (NX_USE_LOCAL=true or inner call)
DEBUG nx::native::ide::install: Detected editor: Unknown
[NX v22.5.4 Daemon Server] - 2026-03-13T23:43:23.517Z - [NX-CONSOLE]: Console status check completed, shouldPrompt: false
[NX v22.5.4 Daemon Server] - 2026-03-13T23:43:35.928Z - [Server] lock file hash changed! old=12391513526205507454, new=15693387224665934995
[NX v22.5.4 Daemon Server] - 2026-03-13T23:43:35.928Z - [Server] Daemon outdated: LOCK_FILES_CHANGED
[NX v22.5.4 Daemon Server] - 2026-03-13T23:43:35.928Z - [Server] Restarting daemon...
[NX v22.5.4 Daemon Server] - 2026-03-13T23:43:35.929Z - Restarting daemon with script: /Users/orlando/dev/pos/node_modules/nx/src/daemon/server/start.js
[NX v22.5.4 Daemon Server] - 2026-03-13T23:43:35.929Z - Old daemon __dirname: /Users/orlando/dev/pos/node_modules/nx/src/daemon/server
[NX v22.5.4 Daemon Server] - 2026-03-13T23:43:35.929Z - Current process.execPath: /Users/orlando/.nvm/versions/node/v22.21.0/bin/node
[NX v22.5.4 Daemon Server] - 2026-03-13T23:43:35.930Z - Started new daemon process in background
[NX v22.5.4 Daemon Server] - 2026-03-13T23:43:35.931Z - [WATCHER]: Stopping the watcher for /Users/orlando/dev/pos (sources)
[NX v22.5.4 Daemon Server] - 2026-03-13T23:43:35.931Z - [WATCHER]: Stopping the watcher for /Users/orlando/dev/pos (outputs)
[NX v22.5.4 Daemon Server] - 2026-03-13T23:43:35.931Z - [NX-CONSOLE]: Cleaning up latest Nx installation from /var/folders/x5/g3ht8mrd3z34nssjq5gb4t880000gn/T/tmp-18014-0brGneFciaHw
[NX v22.5.4 Daemon Server] - 2026-03-13T23:43:35.931Z - Server stopped because: "LOCK_FILES_CHANGED"
[NX v22.5.4 Daemon Server] - 2026-03-13T23:43:36.104Z - New daemon starting from: /Users/orlando/dev/pos/node_modules/nx/src/daemon/server/server.js
[NX v22.5.4 Daemon Server] - 2026-03-13T23:43:36.105Z - New daemon __dirname: /Users/orlando/dev/pos/node_modules/nx/src/daemon/server
[NX v22.5.4 Daemon Server] - 2026-03-13T23:43:36.105Z - New daemon nxVersion: 22.5.4
[NX v22.5.4 Daemon Server] - 2026-03-13T23:43:36.106Z - New daemon getInstalledNxVersion(): 22.5.4
[NX v22.5.4 Daemon Server] - 2026-03-13T23:43:36.107Z - [Server] Starting outdated check interval (20ms)
[NX v22.5.4 Daemon Server] - 2026-03-13T23:43:36.108Z - Started listening on: /var/folders/x5/g3ht8mrd3z34nssjq5gb4t880000gn/T/259ef1ee8e2e408854ca/d.sock
[NX v22.5.4 Daemon Server] - 2026-03-13T23:43:36.108Z - [WATCHER]: Subscribed to changes within: /Users/orlando/dev/pos (native)
[NX v22.5.4 Daemon Server] - 2026-03-13T23:43:36.108Z - [NX-CONSOLE]: Pulling latest Nx (latest) to check console status...
Fetching nx...
[isolated-plugin] spawned worker for "/Users/orlando/dev/pos/node_modules/nx/src/plugins/js" (pid: 18125, socket: /var/folders/x5/g3ht8mrd3z34nssjq5gb4t880000gn/T/plugin18091-0-476.963958.sock)
[isolated-plugin] spawned worker for "/Users/orlando/dev/pos/node_modules/nx/src/plugins/package-json" (pid: 18126, socket: /var/folders/x5/g3ht8mrd3z34nssjq5gb4t880000gn/T/plugin18091-1-478.016625.sock)
[isolated-plugin] spawned worker for "/Users/orlando/dev/pos/node_modules/nx/src/plugins/project-json/build-nodes/project-json" (pid: 18127, socket: /var/folders/x5/g3ht8mrd3z34nssjq5gb4t880000gn/T/plugin18091-2-478.528792.sock)
[NX v22.5.4 Daemon Server] - 2026-03-13T23:43:36.426Z - [WATCHER]: Processing file changes in outputs
[plugin-worker] "/Users/orlando/dev/pos/node_modules/nx/src/plugins/js" (pid: 18125) listening on /var/folders/x5/g3ht8mrd3z34nssjq5gb4t880000gn/T/plugin18091-0-476.963958.sock
Time for 'plugin worker 18125 code loading' 3.6632500000000014
[isolated-plugin] connected to worker for "/Users/orlando/dev/pos/node_modules/nx/src/plugins/js" (pid: 18125) after 2 attempt(s)
[plugin-worker] "/Users/orlando/dev/pos/node_modules/nx/src/plugins/js" (pid: 18125) connected
[plugin-worker] "/Users/orlando/dev/pos/node_modules/nx/src/plugins/package-json" (pid: 18126) listening on /var/folders/x5/g3ht8mrd3z34nssjq5gb4t880000gn/T/plugin18091-1-478.016625.sock
Time for 'plugin worker 18126 code loading' 2.759041
[plugin-worker] "/Users/orlando/dev/pos/node_modules/nx/src/plugins/project-json/build-nodes/project-json" (pid: 18127) listening on /var/folders/x5/g3ht8mrd3z34nssjq5gb4t880000gn/T/plugin18091-2-478.528792.sock
Time for 'plugin worker 18127 code loading' 2.869834000000001
[isolated-plugin] connected to worker for "/Users/orlando/dev/pos/node_modules/nx/src/plugins/package-json" (pid: 18126) after 3 attempt(s)
[isolated-plugin] connected to worker for "/Users/orlando/dev/pos/node_modules/nx/src/plugins/project-json/build-nodes/project-json" (pid: 18127) after 3 attempt(s)
[plugin-worker] "/Users/orlando/dev/pos/node_modules/nx/src/plugins/project-json/build-nodes/project-json" (pid: 18127) connected
[plugin-worker] "/Users/orlando/dev/pos/node_modules/nx/src/plugins/package-json" (pid: 18126) connected
[plugin-worker] "/Users/orlando/dev/pos/node_modules/nx/src/plugins/project-json/build-nodes/project-json" (pid: 18127) loaded successfully
[plugin-worker] "/Users/orlando/dev/pos/node_modules/nx/src/plugins/js" (pid: 18125) loaded successfully
[plugin-worker] "/Users/orlando/dev/pos/node_modules/nx/src/plugins/package-json" (pid: 18126) loaded successfully
[NX v22.5.4 Daemon Server] - 2026-03-13T23:43:36.542Z - [REQUEST]: Updated workspace context based on watched changes, recomputing project graph...
[NX v22.5.4 Daemon Server] - 2026-03-13T23:43:36.542Z - [REQUEST]: 
[NX v22.5.4 Daemon Server] - 2026-03-13T23:43:36.542Z - [REQUEST]: 
[isolated-plugin] shutting down worker for "nx/core/package-json" after last hook
Time for 'nx/core/project-json:createNodes' 3.863624999999999
[isolated-plugin] shutting down worker for "nx/core/project-json" after last hook
Time for 'nx/js/dependencies-and-lockfile:createNodes' 165.058833

 NX   Using `implicitDependencies` for global implicit dependencies configuration is no longer supported.

Use "namedInputs" instead. You can run "nx repair" to automatically migrate your configuration.
For more information about the usage of "namedInputs" see https://nx.dev/deprecated/global-implicit-dependencies#global-implicit-dependencies

Time for 'build typescript dependencies' 66.96045900000001
[isolated-plugin] shutting down worker for "nx/js/dependencies-and-lockfile" after last hook
[NX v22.5.4 Daemon Server] - 2026-03-13T23:43:36.849Z - [SYNC]: collect registered sync generators
[NX v22.5.4 Daemon Server] - 2026-03-13T23:43:39.727Z - [NX-CONSOLE]: Successfully pulled latest Nx to /var/folders/x5/g3ht8mrd3z34nssjq5gb4t880000gn/T/tmp-18091-jp54Fwtd4lEw
[NX v22.5.4 Daemon Server] - 2026-03-13T23:43:39.776Z - [NX-CONSOLE]: Using local implementation (NX_USE_LOCAL=true or inner call)
DEBUG nx::native::ide::install: Detected editor: Unknown
[NX v22.5.4 Daemon Server] - 2026-03-13T23:43:39.776Z - [NX-CONSOLE]: Console status check completed, shouldPrompt: false
[NX v22.5.4 Daemon Server] - 2026-03-13T23:44:12.043Z - [Server] lock file hash changed! old=15693387224665934995, new=12391513526205507454
[NX v22.5.4 Daemon Server] - 2026-03-13T23:44:12.043Z - [Server] Daemon outdated: LOCK_FILES_CHANGED
[NX v22.5.4 Daemon Server] - 2026-03-13T23:44:12.043Z - [Server] Restarting daemon...
[NX v22.5.4 Daemon Server] - 2026-03-13T23:44:12.044Z - Restarting daemon with script: /Users/orlando/dev/pos/node_modules/nx/src/daemon/server/start.js
[NX v22.5.4 Daemon Server] - 2026-03-13T23:44:12.044Z - Old daemon __dirname: /Users/orlando/dev/pos/node_modules/nx/src/daemon/server
[NX v22.5.4 Daemon Server] - 2026-03-13T23:44:12.044Z - Current process.execPath: /Users/orlando/.nvm/versions/node/v22.21.0/bin/node
[NX v22.5.4 Daemon Server] - 2026-03-13T23:44:12.044Z - Started new daemon process in background
[NX v22.5.4 Daemon Server] - 2026-03-13T23:44:12.045Z - [WATCHER]: Stopping the watcher for /Users/orlando/dev/pos (sources)
[NX v22.5.4 Daemon Server] - 2026-03-13T23:44:12.045Z - [WATCHER]: Stopping the watcher for /Users/orlando/dev/pos (outputs)
[NX v22.5.4 Daemon Server] - 2026-03-13T23:44:12.045Z - [NX-CONSOLE]: Cleaning up latest Nx installation from /var/folders/x5/g3ht8mrd3z34nssjq5gb4t880000gn/T/tmp-18091-jp54Fwtd4lEw
[NX v22.5.4 Daemon Server] - 2026-03-13T23:44:12.045Z - Server stopped because: "LOCK_FILES_CHANGED"
[NX v22.5.4 Daemon Server] - 2026-03-13T23:44:12.217Z - New daemon starting from: /Users/orlando/dev/pos/node_modules/nx/src/daemon/server/server.js
[NX v22.5.4 Daemon Server] - 2026-03-13T23:44:12.218Z - New daemon __dirname: /Users/orlando/dev/pos/node_modules/nx/src/daemon/server
[NX v22.5.4 Daemon Server] - 2026-03-13T23:44:12.218Z - New daemon nxVersion: 22.5.4
[NX v22.5.4 Daemon Server] - 2026-03-13T23:44:12.218Z - New daemon getInstalledNxVersion(): 22.5.4
[NX v22.5.4 Daemon Server] - 2026-03-13T23:44:12.219Z - [Server] Starting outdated check interval (20ms)
[NX v22.5.4 Daemon Server] - 2026-03-13T23:44:12.220Z - Started listening on: /var/folders/x5/g3ht8mrd3z34nssjq5gb4t880000gn/T/f59b54060e7593a7f079/d.sock
[NX v22.5.4 Daemon Server] - 2026-03-13T23:44:12.220Z - [WATCHER]: Subscribed to changes within: /Users/orlando/dev/pos (native)
[NX v22.5.4 Daemon Server] - 2026-03-13T23:44:12.221Z - [NX-CONSOLE]: Pulling latest Nx (latest) to check console status...
Fetching nx...
[isolated-plugin] spawned worker for "/Users/orlando/dev/pos/node_modules/nx/src/plugins/js" (pid: 18358, socket: /var/folders/x5/g3ht8mrd3z34nssjq5gb4t880000gn/T/plugin18326-0-479.813875.sock)
[isolated-plugin] spawned worker for "/Users/orlando/dev/pos/node_modules/nx/src/plugins/package-json" (pid: 18359, socket: /var/folders/x5/g3ht8mrd3z34nssjq5gb4t880000gn/T/plugin18326-1-480.793208.sock)
[isolated-plugin] spawned worker for "/Users/orlando/dev/pos/node_modules/nx/src/plugins/project-json/build-nodes/project-json" (pid: 18360, socket: /var/folders/x5/g3ht8mrd3z34nssjq5gb4t880000gn/T/plugin18326-2-481.322916.sock)
[NX v22.5.4 Daemon Server] - 2026-03-13T23:44:12.543Z - [WATCHER]: Processing file changes in outputs
[plugin-worker] "/Users/orlando/dev/pos/node_modules/nx/src/plugins/js" (pid: 18358) listening on /var/folders/x5/g3ht8mrd3z34nssjq5gb4t880000gn/T/plugin18326-0-479.813875.sock
Time for 'plugin worker 18358 code loading' 3.7092080000000003
[isolated-plugin] connected to worker for "/Users/orlando/dev/pos/node_modules/nx/src/plugins/js" (pid: 18358) after 2 attempt(s)
[plugin-worker] "/Users/orlando/dev/pos/node_modules/nx/src/plugins/js" (pid: 18358) connected
[plugin-worker] "/Users/orlando/dev/pos/node_modules/nx/src/plugins/package-json" (pid: 18359) listening on /var/folders/x5/g3ht8mrd3z34nssjq5gb4t880000gn/T/plugin18326-1-480.793208.sock
Time for 'plugin worker 18359 code loading' 2.858125000000001
[plugin-worker] "/Users/orlando/dev/pos/node_modules/nx/src/plugins/project-json/build-nodes/project-json" (pid: 18360) listening on /var/folders/x5/g3ht8mrd3z34nssjq5gb4t880000gn/T/plugin18326-2-481.322916.sock
Time for 'plugin worker 18360 code loading' 2.91775
[isolated-plugin] connected to worker for "/Users/orlando/dev/pos/node_modules/nx/src/plugins/package-json" (pid: 18359) after 3 attempt(s)
[isolated-plugin] connected to worker for "/Users/orlando/dev/pos/node_modules/nx/src/plugins/project-json/build-nodes/project-json" (pid: 18360) after 3 attempt(s)
[plugin-worker] "/Users/orlando/dev/pos/node_modules/nx/src/plugins/package-json" (pid: 18359) connected
[plugin-worker] "/Users/orlando/dev/pos/node_modules/nx/src/plugins/project-json/build-nodes/project-json" (pid: 18360) connected
[plugin-worker] "/Users/orlando/dev/pos/node_modules/nx/src/plugins/project-json/build-nodes/project-json" (pid: 18360) loaded successfully
[plugin-worker] "/Users/orlando/dev/pos/node_modules/nx/src/plugins/package-json" (pid: 18359) loaded successfully
[plugin-worker] "/Users/orlando/dev/pos/node_modules/nx/src/plugins/js" (pid: 18358) loaded successfully
[NX v22.5.4 Daemon Server] - 2026-03-13T23:44:12.659Z - [REQUEST]: Updated workspace context based on watched changes, recomputing project graph...
[NX v22.5.4 Daemon Server] - 2026-03-13T23:44:12.659Z - [REQUEST]: 
[NX v22.5.4 Daemon Server] - 2026-03-13T23:44:12.659Z - [REQUEST]: 
[isolated-plugin] shutting down worker for "nx/core/package-json" after last hook
Time for 'nx/core/project-json:createNodes' 3.9279999999999973
[isolated-plugin] shutting down worker for "nx/core/project-json" after last hook
Time for 'nx/js/dependencies-and-lockfile:createNodes' 164.99508399999996

 NX   Using `implicitDependencies` for global implicit dependencies configuration is no longer supported.

Use "namedInputs" instead. You can run "nx repair" to automatically migrate your configuration.
For more information about the usage of "namedInputs" see https://nx.dev/deprecated/global-implicit-dependencies#global-implicit-dependencies

Time for 'build typescript dependencies' 61.36287500000003
[isolated-plugin] shutting down worker for "nx/js/dependencies-and-lockfile" after last hook
[NX v22.5.4 Daemon Server] - 2026-03-13T23:44:12.959Z - [SYNC]: collect registered sync generators
[NX v22.5.4 Daemon Server] - 2026-03-13T23:44:16.359Z - [NX-CONSOLE]: Successfully pulled latest Nx to /var/folders/x5/g3ht8mrd3z34nssjq5gb4t880000gn/T/tmp-18326-0tthR2TVU6r2
[NX v22.5.4 Daemon Server] - 2026-03-13T23:44:16.410Z - [NX-CONSOLE]: Using local implementation (NX_USE_LOCAL=true or inner call)
DEBUG nx::native::ide::install: Detected editor: Unknown
[NX v22.5.4 Daemon Server] - 2026-03-13T23:44:16.410Z - [NX-CONSOLE]: Console status check completed, shouldPrompt: false
[NX v22.5.4 Daemon Server] - 2026-03-13T23:44:33.935Z - Established a connection. Number of open connections: 1
[NX v22.5.4 Daemon Server] - 2026-03-13T23:44:33.935Z - Closed a connection. Number of open connections: 0
[NX v22.5.4 Daemon Server] - 2026-03-13T23:44:33.935Z - Established a connection. Number of open connections: 1
[NX v22.5.4 Daemon Server] - 2026-03-13T23:44:33.936Z - Closed a connection. Number of open connections: 0
[NX v22.5.4 Daemon Server] - 2026-03-13T23:44:33.936Z - Established a connection. Number of open connections: 1
[NX v22.5.4 Daemon Client] - 2026-03-13T23:44:33.936Z - [Messenger] Setting up socket listeners
[NX v22.5.4 Daemon Client] - 2026-03-13T23:44:33.936Z - [Messenger] listen() complete
[NX v22.5.4 Daemon Client] - 2026-03-13T23:44:33.937Z - [Messenger] Sending message type: GET_NX_CONSOLE_STATUS
[NX v22.5.4 Daemon Client] - 2026-03-13T23:44:33.937Z - [Messenger] Message sent
[NX v22.5.4 Daemon Server] - 2026-03-13T23:44:33.951Z - Received raw message of length 32
[NX v22.5.4 Daemon Server] - 2026-03-13T23:44:33.951Z - Received json message of type GET_NX_CONSOLE_STATUS
[NX v22.5.4 Daemon Server] - 2026-03-13T23:44:33.951Z - Serializing response for GET_NX_CONSOLE_STATUS message in json mode
[NX v22.5.4 Daemon Server] - 2026-03-13T23:44:33.951Z - Responding to GET_NX_CONSOLE_STATUS message
[NX v22.5.4 Daemon Server] - 2026-03-13T23:44:33.951Z - [REQUEST]: Responding to the client. handleGetNxConsoleStatus
[NX v22.5.4 Daemon Server] - 2026-03-13T23:44:33.951Z - Done responding to the client handleGetNxConsoleStatus
[NX v22.5.4 Daemon Server] - 2026-03-13T23:44:33.951Z - Handled json message GET_NX_CONSOLE_STATUS. Handling time: 0. Response time: 0.
[NX v22.5.4 Daemon Client] - 2026-03-13T23:44:33.951Z - [Messenger] Received message, length: 22
[NX v22.5.4 Daemon Server] - 2026-03-13T23:44:34.200Z - Closed a connection. Number of open connections: 0
[NX v22.5.4 Daemon Server] - 2026-03-13T23:44:34.224Z - [WATCHER]: Processing file changes in outputs
[NX v22.5.4 Daemon Server] - 2026-03-13T23:44:56.145Z - [WATCHER]: Processing file changes in outputs
[NX v22.5.4 Daemon Server] - 2026-03-13T23:53:09.767Z - [Server] lock file hash changed! old=12391513526205507454, new=12628904919928103939
[NX v22.5.4 Daemon Server] - 2026-03-13T23:53:09.768Z - [Server] Daemon outdated: LOCK_FILES_CHANGED
[NX v22.5.4 Daemon Server] - 2026-03-13T23:53:09.768Z - [Server] Restarting daemon...
[NX v22.5.4 Daemon Server] - 2026-03-13T23:53:09.772Z - Restarting daemon with script: /Users/orlando/dev/pos/node_modules/nx/src/daemon/server/start.js
[NX v22.5.4 Daemon Server] - 2026-03-13T23:53:09.772Z - Old daemon __dirname: /Users/orlando/dev/pos/node_modules/nx/src/daemon/server
[NX v22.5.4 Daemon Server] - 2026-03-13T23:53:09.772Z - Current process.execPath: /Users/orlando/.nvm/versions/node/v22.21.0/bin/node
[NX v22.5.4 Daemon Server] - 2026-03-13T23:53:09.773Z - Started new daemon process in background
[NX v22.5.4 Daemon Server] - 2026-03-13T23:53:09.779Z - [WATCHER]: Stopping the watcher for /Users/orlando/dev/pos (sources)
[NX v22.5.4 Daemon Server] - 2026-03-13T23:53:09.780Z - [WATCHER]: Stopping the watcher for /Users/orlando/dev/pos (outputs)
[NX v22.5.4 Daemon Server] - 2026-03-13T23:53:09.781Z - [NX-CONSOLE]: Cleaning up latest Nx installation from /var/folders/x5/g3ht8mrd3z34nssjq5gb4t880000gn/T/tmp-18326-0tthR2TVU6r2
[NX v22.5.4 Daemon Server] - 2026-03-13T23:53:09.781Z - Server stopped because: "LOCK_FILES_CHANGED"
[NX v22.5.4 Daemon Server] - 2026-03-13T23:53:10.348Z - New daemon starting from: /Users/orlando/dev/pos/node_modules/nx/src/daemon/server/server.js
[NX v22.5.4 Daemon Server] - 2026-03-13T23:53:10.349Z - New daemon __dirname: /Users/orlando/dev/pos/node_modules/nx/src/daemon/server
[NX v22.5.4 Daemon Server] - 2026-03-13T23:53:10.349Z - New daemon nxVersion: 22.5.4
[NX v22.5.4 Daemon Server] - 2026-03-13T23:53:10.349Z - New daemon getInstalledNxVersion(): 22.5.4
[NX v22.5.4 Daemon Server] - 2026-03-13T23:53:10.352Z - [Server] Starting outdated check interval (20ms)
[NX v22.5.4 Daemon Server] - 2026-03-13T23:53:10.353Z - Started listening on: /var/folders/x5/g3ht8mrd3z34nssjq5gb4t880000gn/T/2007d9f472fe9ab24ae2/d.sock
[NX v22.5.4 Daemon Server] - 2026-03-13T23:53:10.356Z - [WATCHER]: Subscribed to changes within: /Users/orlando/dev/pos (native)
[NX v22.5.4 Daemon Server] - 2026-03-13T23:53:10.357Z - [NX-CONSOLE]: Pulling latest Nx (latest) to check console status...
Fetching nx...
[isolated-plugin] spawned worker for "/Users/orlando/dev/pos/node_modules/nx/src/plugins/js" (pid: 21757, socket: /var/folders/x5/g3ht8mrd3z34nssjq5gb4t880000gn/T/plugin21745-0-1088.917583.sock)
[isolated-plugin] spawned worker for "/Users/orlando/dev/pos/node_modules/nx/src/plugins/package-json" (pid: 21758, socket: /var/folders/x5/g3ht8mrd3z34nssjq5gb4t880000gn/T/plugin21745-1-1089.921208.sock)
[isolated-plugin] spawned worker for "/Users/orlando/dev/pos/node_modules/nx/src/plugins/project-json/build-nodes/project-json" (pid: 21759, socket: /var/folders/x5/g3ht8mrd3z34nssjq5gb4t880000gn/T/plugin21745-2-1090.444.sock)
[isolated-plugin] connected to worker for "/Users/orlando/dev/pos/node_modules/nx/src/plugins/js" (pid: 21757) after 3 attempt(s)
[plugin-worker] "/Users/orlando/dev/pos/node_modules/nx/src/plugins/js" (pid: 21757) listening on /var/folders/x5/g3ht8mrd3z34nssjq5gb4t880000gn/T/plugin21745-0-1088.917583.sock
[plugin-worker] "/Users/orlando/dev/pos/node_modules/nx/src/plugins/js" (pid: 21757) connected
Time for 'plugin worker 21757 code loading' 4.460459
[plugin-worker] "/Users/orlando/dev/pos/node_modules/nx/src/plugins/package-json" (pid: 21758) listening on /var/folders/x5/g3ht8mrd3z34nssjq5gb4t880000gn/T/plugin21745-1-1089.921208.sock
Time for 'plugin worker 21758 code loading' 4.002084
[plugin-worker] "/Users/orlando/dev/pos/node_modules/nx/src/plugins/project-json/build-nodes/project-json" (pid: 21759) listening on /var/folders/x5/g3ht8mrd3z34nssjq5gb4t880000gn/T/plugin21745-2-1090.444.sock
Time for 'plugin worker 21759 code loading' 3.038040999999998
[isolated-plugin] connected to worker for "/Users/orlando/dev/pos/node_modules/nx/src/plugins/package-json" (pid: 21758) after 4 attempt(s)
[isolated-plugin] connected to worker for "/Users/orlando/dev/pos/node_modules/nx/src/plugins/project-json/build-nodes/project-json" (pid: 21759) after 4 attempt(s)
[plugin-worker] "/Users/orlando/dev/pos/node_modules/nx/src/plugins/package-json" (pid: 21758) connected
[plugin-worker] "/Users/orlando/dev/pos/node_modules/nx/src/plugins/project-json/build-nodes/project-json" (pid: 21759) connected
[plugin-worker] "/Users/orlando/dev/pos/node_modules/nx/src/plugins/package-json" (pid: 21758) loaded successfully
[plugin-worker] "/Users/orlando/dev/pos/node_modules/nx/src/plugins/js" (pid: 21757) loaded successfully
[plugin-worker] "/Users/orlando/dev/pos/node_modules/nx/src/plugins/project-json/build-nodes/project-json" (pid: 21759) loaded successfully
[NX v22.5.4 Daemon Server] - 2026-03-13T23:53:11.066Z - [REQUEST]: Updated workspace context based on watched changes, recomputing project graph...
[NX v22.5.4 Daemon Server] - 2026-03-13T23:53:11.066Z - [REQUEST]: 
[NX v22.5.4 Daemon Server] - 2026-03-13T23:53:11.066Z - [REQUEST]: 
[isolated-plugin] shutting down worker for "nx/core/package-json" after last hook
Time for 'nx/core/project-json:createNodes' 5.855542000000014
[isolated-plugin] shutting down worker for "nx/core/project-json" after last hook
Time for 'nx/js/dependencies-and-lockfile:createNodes' 226.17745800000003
Time for 'build typescript dependencies' 88.931375
[isolated-plugin] shutting down worker for "nx/js/dependencies-and-lockfile" after last hook
[NX v22.5.4 Daemon Server] - 2026-03-13T23:53:11.466Z - [SYNC]: collect registered sync generators
[NX v22.5.4 Daemon Server] - 2026-03-13T23:53:14.607Z - [NX-CONSOLE]: Successfully pulled latest Nx to /var/folders/x5/g3ht8mrd3z34nssjq5gb4t880000gn/T/tmp-21745-USRQ8Ll9XCYx
[NX v22.5.4 Daemon Server] - 2026-03-13T23:53:14.658Z - [NX-CONSOLE]: Using local implementation (NX_USE_LOCAL=true or inner call)
DEBUG nx::native::ide::install: Detected editor: Unknown
[NX v22.5.4 Daemon Server] - 2026-03-13T23:53:14.658Z - [NX-CONSOLE]: Console status check completed, shouldPrompt: false
[NX v22.5.4 Daemon Server] - 2026-03-13T23:53:50.323Z - [WATCHER]: Processing file changes in outputs
[NX v22.5.4 Daemon Server] - 2026-03-13T23:53:58.520Z - [WATCHER]: Processing file changes in outputs
[NX v22.5.4 Daemon Server] - 2026-03-13T23:54:20.725Z - [WATCHER]: Processing file changes in outputs
[NX v22.5.4 Daemon Server] - 2026-03-13T23:54:31.790Z - [WATCHER]: Processing file changes in outputs
[NX v22.5.4 Daemon Server] - 2026-03-13T23:55:26.212Z - [WATCHER]: Processing file changes in outputs
[NX v22.5.4 Daemon Server] - 2026-03-14T01:47:21.994Z - [WATCHER]: Processing file changes in outputs
[NX v22.5.4 Daemon Server] - 2026-03-14T01:47:34.207Z - [WATCHER]: Processing file changes in outputs
[NX v22.5.4 Daemon Server] - 2026-03-14T01:48:38.272Z - [WATCHER]: Processing file changes in outputs
[NX v22.5.4 Daemon Server] - 2026-03-14T01:49:18.139Z - [WATCHER]: Processing file changes in outputs
[NX v22.5.4 Daemon Server] - 2026-03-14T01:50:27.150Z - [WATCHER]: Processing file changes in outputs
[NX v22.5.4 Daemon Server] - 2026-03-14T01:58:48.123Z - [Server] lock file hash changed! old=12628904919928103939, new=6941045715597290084
[NX v22.5.4 Daemon Server] - 2026-03-14T01:58:48.124Z - [Server] Daemon outdated: LOCK_FILES_CHANGED
[NX v22.5.4 Daemon Server] - 2026-03-14T01:58:48.124Z - [Server] Restarting daemon...
[NX v22.5.4 Daemon Server] - 2026-03-14T01:58:48.125Z - Restarting daemon with script: /Users/orlando/dev/pos/node_modules/nx/src/daemon/server/start.js
[NX v22.5.4 Daemon Server] - 2026-03-14T01:58:48.125Z - Old daemon __dirname: /Users/orlando/dev/pos/node_modules/nx/src/daemon/server
[NX v22.5.4 Daemon Server] - 2026-03-14T01:58:48.125Z - Current process.execPath: /Users/orlando/.nvm/versions/node/v22.21.0/bin/node
[NX v22.5.4 Daemon Server] - 2026-03-14T01:58:48.125Z - Started new daemon process in background
[NX v22.5.4 Daemon Server] - 2026-03-14T01:58:48.126Z - [WATCHER]: Stopping the watcher for /Users/orlando/dev/pos (sources)
[NX v22.5.4 Daemon Server] - 2026-03-14T01:58:48.126Z - [WATCHER]: Stopping the watcher for /Users/orlando/dev/pos (outputs)
[NX v22.5.4 Daemon Server] - 2026-03-14T01:58:48.126Z - [NX-CONSOLE]: Cleaning up latest Nx installation from /var/folders/x5/g3ht8mrd3z34nssjq5gb4t880000gn/T/tmp-21745-USRQ8Ll9XCYx
[NX v22.5.4 Daemon Server] - 2026-03-14T01:58:48.126Z - Server stopped because: "LOCK_FILES_CHANGED"
[NX v22.5.4 Daemon Server] - 2026-03-14T01:58:48.339Z - New daemon starting from: /Users/orlando/dev/pos/node_modules/nx/src/daemon/server/server.js
[NX v22.5.4 Daemon Server] - 2026-03-14T01:58:48.340Z - New daemon __dirname: /Users/orlando/dev/pos/node_modules/nx/src/daemon/server
[NX v22.5.4 Daemon Server] - 2026-03-14T01:58:48.340Z - New daemon nxVersion: 22.5.4
[NX v22.5.4 Daemon Server] - 2026-03-14T01:58:48.340Z - New daemon getInstalledNxVersion(): 22.5.4
[NX v22.5.4 Daemon Server] - 2026-03-14T01:58:48.341Z - [Server] Starting outdated check interval (20ms)
[NX v22.5.4 Daemon Server] - 2026-03-14T01:58:48.343Z - Started listening on: /var/folders/x5/g3ht8mrd3z34nssjq5gb4t880000gn/T/188a8fcee1a1fd4d0685/d.sock
[NX v22.5.4 Daemon Server] - 2026-03-14T01:58:48.343Z - [WATCHER]: Subscribed to changes within: /Users/orlando/dev/pos (native)
[NX v22.5.4 Daemon Server] - 2026-03-14T01:58:48.344Z - [NX-CONSOLE]: Pulling latest Nx (latest) to check console status...
Fetching nx...
[isolated-plugin] spawned worker for "/Users/orlando/dev/pos/node_modules/nx/src/plugins/js" (pid: 30796, socket: /var/folders/x5/g3ht8mrd3z34nssjq5gb4t880000gn/T/plugin30720-0-513.806292.sock)
[isolated-plugin] spawned worker for "/Users/orlando/dev/pos/node_modules/nx/src/plugins/package-json" (pid: 30797, socket: /var/folders/x5/g3ht8mrd3z34nssjq5gb4t880000gn/T/plugin30720-1-514.716125.sock)
[isolated-plugin] spawned worker for "/Users/orlando/dev/pos/node_modules/nx/src/plugins/project-json/build-nodes/project-json" (pid: 30800, socket: /var/folders/x5/g3ht8mrd3z34nssjq5gb4t880000gn/T/plugin30720-2-515.271834.sock)
[plugin-worker] "/Users/orlando/dev/pos/node_modules/nx/src/plugins/js" (pid: 30796) listening on /var/folders/x5/g3ht8mrd3z34nssjq5gb4t880000gn/T/plugin30720-0-513.806292.sock
[isolated-plugin] connected to worker for "/Users/orlando/dev/pos/node_modules/nx/src/plugins/js" (pid: 30796) after 2 attempt(s)
[plugin-worker] "/Users/orlando/dev/pos/node_modules/nx/src/plugins/js" (pid: 30796) connected
Time for 'plugin worker 30796 code loading' 3.7431670000000015
[plugin-worker] "/Users/orlando/dev/pos/node_modules/nx/src/plugins/package-json" (pid: 30797) listening on /var/folders/x5/g3ht8mrd3z34nssjq5gb4t880000gn/T/plugin30720-1-514.716125.sock
Time for 'plugin worker 30797 code loading' 2.8103750000000005
[plugin-worker] "/Users/orlando/dev/pos/node_modules/nx/src/plugins/project-json/build-nodes/project-json" (pid: 30800) listening on /var/folders/x5/g3ht8mrd3z34nssjq5gb4t880000gn/T/plugin30720-2-515.271834.sock
Time for 'plugin worker 30800 code loading' 2.864625
[isolated-plugin] connected to worker for "/Users/orlando/dev/pos/node_modules/nx/src/plugins/package-json" (pid: 30797) after 3 attempt(s)
[isolated-plugin] connected to worker for "/Users/orlando/dev/pos/node_modules/nx/src/plugins/project-json/build-nodes/project-json" (pid: 30800) after 3 attempt(s)
[plugin-worker] "/Users/orlando/dev/pos/node_modules/nx/src/plugins/project-json/build-nodes/project-json" (pid: 30800) connected
[plugin-worker] "/Users/orlando/dev/pos/node_modules/nx/src/plugins/package-json" (pid: 30797) connected
[plugin-worker] "/Users/orlando/dev/pos/node_modules/nx/src/plugins/project-json/build-nodes/project-json" (pid: 30800) loaded successfully
[plugin-worker] "/Users/orlando/dev/pos/node_modules/nx/src/plugins/js" (pid: 30796) loaded successfully
[plugin-worker] "/Users/orlando/dev/pos/node_modules/nx/src/plugins/package-json" (pid: 30797) loaded successfully
[NX v22.5.4 Daemon Server] - 2026-03-14T01:58:48.780Z - [REQUEST]: Updated workspace context based on watched changes, recomputing project graph...
[NX v22.5.4 Daemon Server] - 2026-03-14T01:58:48.780Z - [REQUEST]: 
[NX v22.5.4 Daemon Server] - 2026-03-14T01:58:48.780Z - [REQUEST]: 
[isolated-plugin] shutting down worker for "nx/core/package-json" after last hook
Time for 'nx/core/project-json:createNodes' 1.508375000000001
[isolated-plugin] shutting down worker for "nx/core/project-json" after last hook
Time for 'nx/js/dependencies-and-lockfile:createNodes' 189.74508299999997
Time for 'build typescript dependencies' 181.54662500000006
[isolated-plugin] shutting down worker for "nx/js/dependencies-and-lockfile" after last hook
[NX v22.5.4 Daemon Server] - 2026-03-14T01:58:49.231Z - [SYNC]: collect registered sync generators
[NX v22.5.4 Daemon Server] - 2026-03-14T01:58:52.925Z - [NX-CONSOLE]: Successfully pulled latest Nx to /var/folders/x5/g3ht8mrd3z34nssjq5gb4t880000gn/T/tmp-30720-wA9QWk7CUsNz
[NX v22.5.4 Daemon Server] - 2026-03-14T01:58:52.976Z - [NX-CONSOLE]: Using local implementation (NX_USE_LOCAL=true or inner call)
DEBUG nx::native::ide::install: Detected editor: Unknown
[NX v22.5.4 Daemon Server] - 2026-03-14T01:58:52.976Z - [NX-CONSOLE]: Console status check completed, shouldPrompt: false
[NX v22.5.4 Daemon Server] - 2026-03-14T02:03:32.717Z - [Server] lock file hash changed! old=6941045715597290084, new=15448534774064983993
[NX v22.5.4 Daemon Server] - 2026-03-14T02:03:32.718Z - [Server] Daemon outdated: LOCK_FILES_CHANGED
[NX v22.5.4 Daemon Server] - 2026-03-14T02:03:32.718Z - [Server] Restarting daemon...
[NX v22.5.4 Daemon Server] - 2026-03-14T02:03:32.719Z - Restarting daemon with script: /Users/orlando/dev/pos/node_modules/nx/src/daemon/server/start.js
[NX v22.5.4 Daemon Server] - 2026-03-14T02:03:32.719Z - Old daemon __dirname: /Users/orlando/dev/pos/node_modules/nx/src/daemon/server
[NX v22.5.4 Daemon Server] - 2026-03-14T02:03:32.719Z - Current process.execPath: /Users/orlando/.nvm/versions/node/v22.21.0/bin/node
[NX v22.5.4 Daemon Server] - 2026-03-14T02:03:32.719Z - Started new daemon process in background
[NX v22.5.4 Daemon Server] - 2026-03-14T02:03:32.720Z - [WATCHER]: Stopping the watcher for /Users/orlando/dev/pos (sources)
[NX v22.5.4 Daemon Server] - 2026-03-14T02:03:32.720Z - [WATCHER]: Stopping the watcher for /Users/orlando/dev/pos (outputs)
[NX v22.5.4 Daemon Server] - 2026-03-14T02:03:32.721Z - [NX-CONSOLE]: Cleaning up latest Nx installation from /var/folders/x5/g3ht8mrd3z34nssjq5gb4t880000gn/T/tmp-30720-wA9QWk7CUsNz
[NX v22.5.4 Daemon Server] - 2026-03-14T02:03:32.721Z - Server stopped because: "LOCK_FILES_CHANGED"
[NX v22.5.4 Daemon Server] - 2026-03-14T02:03:32.902Z - New daemon starting from: /Users/orlando/dev/pos/node_modules/nx/src/daemon/server/server.js
[NX v22.5.4 Daemon Server] - 2026-03-14T02:03:32.903Z - New daemon __dirname: /Users/orlando/dev/pos/node_modules/nx/src/daemon/server
[NX v22.5.4 Daemon Server] - 2026-03-14T02:03:32.903Z - New daemon nxVersion: 22.5.4
[NX v22.5.4 Daemon Server] - 2026-03-14T02:03:32.903Z - New daemon getInstalledNxVersion(): 22.5.4
[NX v22.5.4 Daemon Server] - 2026-03-14T02:03:32.905Z - [Server] Starting outdated check interval (20ms)
[NX v22.5.4 Daemon Server] - 2026-03-14T02:03:32.906Z - Started listening on: /var/folders/x5/g3ht8mrd3z34nssjq5gb4t880000gn/T/2e5a8fb09ffa39c6b0b0/d.sock
[NX v22.5.4 Daemon Server] - 2026-03-14T02:03:32.906Z - [WATCHER]: Subscribed to changes within: /Users/orlando/dev/pos (native)
[NX v22.5.4 Daemon Server] - 2026-03-14T02:03:32.907Z - [NX-CONSOLE]: Pulling latest Nx (latest) to check console status...
Fetching nx...
[isolated-plugin] spawned worker for "/Users/orlando/dev/pos/node_modules/nx/src/plugins/js" (pid: 32443, socket: /var/folders/x5/g3ht8mrd3z34nssjq5gb4t880000gn/T/plugin32369-0-519.513417.sock)
[isolated-plugin] spawned worker for "/Users/orlando/dev/pos/node_modules/nx/src/plugins/package-json" (pid: 32444, socket: /var/folders/x5/g3ht8mrd3z34nssjq5gb4t880000gn/T/plugin32369-1-520.45425.sock)
[isolated-plugin] spawned worker for "/Users/orlando/dev/pos/node_modules/nx/src/plugins/project-json/build-nodes/project-json" (pid: 32445, socket: /var/folders/x5/g3ht8mrd3z34nssjq5gb4t880000gn/T/plugin32369-2-520.997917.sock)
[plugin-worker] "/Users/orlando/dev/pos/node_modules/nx/src/plugins/js" (pid: 32443) listening on /var/folders/x5/g3ht8mrd3z34nssjq5gb4t880000gn/T/plugin32369-0-519.513417.sock
Time for 'plugin worker 32443 code loading' 3.5725
[isolated-plugin] connected to worker for "/Users/orlando/dev/pos/node_modules/nx/src/plugins/js" (pid: 32443) after 2 attempt(s)
[plugin-worker] "/Users/orlando/dev/pos/node_modules/nx/src/plugins/js" (pid: 32443) connected
[plugin-worker] "/Users/orlando/dev/pos/node_modules/nx/src/plugins/package-json" (pid: 32444) listening on /var/folders/x5/g3ht8mrd3z34nssjq5gb4t880000gn/T/plugin32369-1-520.45425.sock
Time for 'plugin worker 32444 code loading' 2.809792
[plugin-worker] "/Users/orlando/dev/pos/node_modules/nx/src/plugins/project-json/build-nodes/project-json" (pid: 32445) listening on /var/folders/x5/g3ht8mrd3z34nssjq5gb4t880000gn/T/plugin32369-2-520.997917.sock
Time for 'plugin worker 32445 code loading' 2.8748749999999994
[isolated-plugin] connected to worker for "/Users/orlando/dev/pos/node_modules/nx/src/plugins/package-json" (pid: 32444) after 3 attempt(s)
[isolated-plugin] connected to worker for "/Users/orlando/dev/pos/node_modules/nx/src/plugins/project-json/build-nodes/project-json" (pid: 32445) after 3 attempt(s)
[plugin-worker] "/Users/orlando/dev/pos/node_modules/nx/src/plugins/project-json/build-nodes/project-json" (pid: 32445) connected
[plugin-worker] "/Users/orlando/dev/pos/node_modules/nx/src/plugins/package-json" (pid: 32444) connected
[plugin-worker] "/Users/orlando/dev/pos/node_modules/nx/src/plugins/project-json/build-nodes/project-json" (pid: 32445) loaded successfully
[plugin-worker] "/Users/orlando/dev/pos/node_modules/nx/src/plugins/js" (pid: 32443) loaded successfully
[plugin-worker] "/Users/orlando/dev/pos/node_modules/nx/src/plugins/package-json" (pid: 32444) loaded successfully
[NX v22.5.4 Daemon Server] - 2026-03-14T02:03:33.381Z - [REQUEST]: Updated workspace context based on watched changes, recomputing project graph...
[NX v22.5.4 Daemon Server] - 2026-03-14T02:03:33.381Z - [REQUEST]: 
[NX v22.5.4 Daemon Server] - 2026-03-14T02:03:33.381Z - [REQUEST]: 
[isolated-plugin] shutting down worker for "nx/core/package-json" after last hook
Time for 'nx/core/project-json:createNodes' 1.6387080000000083
[isolated-plugin] shutting down worker for "nx/core/project-json" after last hook
Time for 'nx/js/dependencies-and-lockfile:createNodes' 161.564666
Time for 'build typescript dependencies' 66.55491699999999
[isolated-plugin] shutting down worker for "nx/js/dependencies-and-lockfile" after last hook
[NX v22.5.4 Daemon Server] - 2026-03-14T02:03:33.682Z - [SYNC]: collect registered sync generators
[NX v22.5.4 Daemon Server] - 2026-03-14T02:03:37.420Z - [NX-CONSOLE]: Successfully pulled latest Nx to /var/folders/x5/g3ht8mrd3z34nssjq5gb4t880000gn/T/tmp-32369-H59YFGIgP16e
[NX v22.5.4 Daemon Server] - 2026-03-14T02:03:37.469Z - [NX-CONSOLE]: Using local implementation (NX_USE_LOCAL=true or inner call)
DEBUG nx::native::ide::install: Detected editor: Unknown
[NX v22.5.4 Daemon Server] - 2026-03-14T02:03:37.469Z - [NX-CONSOLE]: Console status check completed, shouldPrompt: false
[NX v22.5.4 Daemon Server] - 2026-03-14T02:04:20.897Z - [WATCHER]: Processing file changes in outputs
[NX v22.5.4 Daemon Server] - 2026-03-14T02:04:52.338Z - [WATCHER]: Processing file changes in outputs
[NX v22.5.4 Daemon Server] - 2026-03-14T02:05:18.406Z - [WATCHER]: Processing file changes in outputs
[NX v22.5.4 Daemon Server] - 2026-03-14T02:19:16.594Z - [WATCHER]: Stopping the watcher for /Users/orlando/dev/pos (sources)
[NX v22.5.4 Daemon Server] - 2026-03-14T02:19:16.594Z - [WATCHER]: Stopping the watcher for /Users/orlando/dev/pos (outputs)
[NX v22.5.4 Daemon Server] - 2026-03-14T02:19:16.594Z - [NX-CONSOLE]: Cleaning up latest Nx installation from /var/folders/x5/g3ht8mrd3z34nssjq5gb4t880000gn/T/tmp-32369-H59YFGIgP16e
[NX v22.5.4 Daemon Server] - 2026-03-14T02:19:16.594Z - Server stopped because: "this process is no longer the current daemon (native)"
